; FBX 7.7.0 project file
; ----------------------------------------------------

FBXHeaderExtension:  {
	FBXHeaderVersion: 1004
	FBXVersion: 7700
	CreationTimeStamp:  {
		Version: 1000
		Year: 2026
		Month: 9
		Day: 24
		Hour: 4
		Minute: 33
		Second: 12
		Millisecond: 0
	}
	Creator: "FBX SDK/FBX Plugins version 2020.2"
	OtherFlags:  {
		TCDefinition: 127
	}
	SceneInfo: "SceneInfo::GlobalInfo", "UserData" {
		Type: "UserData"
		Version: 100
		MetaData:  {
			Version: 100
			Title: ""
			Subject: ""
			Author: ""
			Keywords: ""
			Revision: ""
			Comment: ""
		}
		Properties70:  {
			P: "DocumentUrl", "KString", "Url", "", "/Users/zenray/Create/Build/Productions/ZenRayShards/SourceAssets/LookDev/SM_LD_Cyclorama.fbx"
			P: "SrcDocumentUrl", "KString", "Url", "", "/Users/zenray/Create/Build/Productions/ZenRayShards/SourceAssets/LookDev/SM_LD_Cyclorama.fbx"
			P: "Original", "Compound", "", ""
			P: "Original|ApplicationVendor", "KString", "", "", "SideFX Software"
			P: "Original|ApplicationName", "KString", "", "", "Houdini"
			P: "Original|ApplicationVersion", "KString", "", "", "22.0.368"
			P: "Original|DateTime_GMT", "DateTime", "", "", "24/09/2026 04:33:12.000"
			P: "Original|FileName", "KString", "", "", "/Users/zenray/Create/Build/Productions/ZenRayShards/SourceAssets/LookDev/SM_LD_Cyclorama.fbx"
			P: "LastSaved", "Compound", "", ""
			P: "LastSaved|ApplicationVendor", "KString", "", "", "SideFX Software"
			P: "LastSaved|ApplicationName", "KString", "", "", "Houdini"
			P: "LastSaved|ApplicationVersion", "KString", "", "", "22.0.368"
			P: "LastSaved|DateTime_GMT", "DateTime", "", "", "24/09/2026 04:33:12.000"
			P: "Original|ApplicationActiveProject", "KString", "", "", "/Users/zenray"
			P: "Original|ApplicationNativeFile", "KString", "", "", "/Users/zenray/Downloads/materials-copernicus-exercize/Tiles_V2.hiplc"
		}
	}
}
GlobalSettings:  {
	Version: 1000
	Properties70:  {
		P: "UpAxis", "int", "Integer", "",1
		P: "UpAxisSign", "int", "Integer", "",1
		P: "FrontAxis", "int", "Integer", "",2
		P: "FrontAxisSign", "int", "Integer", "",1
		P: "CoordAxis", "int", "Integer", "",0
		P: "CoordAxisSign", "int", "Integer", "",1
		P: "OriginalUpAxis", "int", "Integer", "",-1
		P: "OriginalUpAxisSign", "int", "Integer", "",1
		P: "UnitScaleFactor", "double", "Number", "",1
		P: "OriginalUnitScaleFactor", "double", "Number", "",100
		P: "AmbientColor", "ColorRGB", "Color", "",0,0,0
		P: "DefaultCamera", "KString", "", "", "Producer Perspective"
		P: "TimeMode", "enum", "", "",0
		P: "TimeProtocol", "enum", "", "",2
		P: "SnapOnFrameMode", "enum", "", "",0
		P: "TimeSpanStart", "KTime", "Time", "",0
		P: "TimeSpanStop", "KTime", "Time", "",46186158000
		P: "CustomFrameRate", "double", "Number", "",-1
		P: "TimeMarker", "Compound", "", ""
		P: "CurrentTimeMarker", "int", "Integer", "",-1
	}
}

; Documents Description
;------------------------------------------------------------------

Documents:  {
	Count: 1
	Document: 528402828304, "", "Scene" {
		Properties70:  {
			P: "SourceObject", "object", "", ""
			P: "ActiveAnimStackName", "KString", "", "", ""
		}
		RootNode: 0
	}
}

; Document References
;------------------------------------------------------------------

References:  {
}

; Object definitions
;------------------------------------------------------------------

Definitions:  {
	Version: 100
	Count: 3
	ObjectType: "GlobalSettings" {
		Count: 1
	}
	ObjectType: "Model" {
		Count: 1
		PropertyTemplate: "FbxNode" {
			Properties70:  {
				P: "QuaternionInterpolate", "enum", "", "",0
				P: "RotationOffset", "Vector3D", "Vector", "",0,0,0
				P: "RotationPivot", "Vector3D", "Vector", "",0,0,0
				P: "ScalingOffset", "Vector3D", "Vector", "",0,0,0
				P: "ScalingPivot", "Vector3D", "Vector", "",0,0,0
				P: "TranslationActive", "bool", "", "",0
				P: "TranslationMin", "Vector3D", "Vector", "",0,0,0
				P: "TranslationMax", "Vector3D", "Vector", "",0,0,0
				P: "TranslationMinX", "bool", "", "",0
				P: "TranslationMinY", "bool", "", "",0
				P: "TranslationMinZ", "bool", "", "",0
				P: "TranslationMaxX", "bool", "", "",0
				P: "TranslationMaxY", "bool", "", "",0
				P: "TranslationMaxZ", "bool", "", "",0
				P: "RotationOrder", "enum", "", "",0
				P: "RotationSpaceForLimitOnly", "bool", "", "",0
				P: "RotationStiffnessX", "double", "Number", "",0
				P: "RotationStiffnessY", "double", "Number", "",0
				P: "RotationStiffnessZ", "double", "Number", "",0
				P: "AxisLen", "double", "Number", "",10
				P: "PreRotation", "Vector3D", "Vector", "",0,0,0
				P: "PostRotation", "Vector3D", "Vector", "",0,0,0
				P: "RotationActive", "bool", "", "",0
				P: "RotationMin", "Vector3D", "Vector", "",0,0,0
				P: "RotationMax", "Vector3D", "Vector", "",0,0,0
				P: "RotationMinX", "bool", "", "",0
				P: "RotationMinY", "bool", "", "",0
				P: "RotationMinZ", "bool", "", "",0
				P: "RotationMaxX", "bool", "", "",0
				P: "RotationMaxY", "bool", "", "",0
				P: "RotationMaxZ", "bool", "", "",0
				P: "InheritType", "enum", "", "",0
				P: "ScalingActive", "bool", "", "",0
				P: "ScalingMin", "Vector3D", "Vector", "",0,0,0
				P: "ScalingMax", "Vector3D", "Vector", "",1,1,1
				P: "ScalingMinX", "bool", "", "",0
				P: "ScalingMinY", "bool", "", "",0
				P: "ScalingMinZ", "bool", "", "",0
				P: "ScalingMaxX", "bool", "", "",0
				P: "ScalingMaxY", "bool", "", "",0
				P: "ScalingMaxZ", "bool", "", "",0
				P: "GeometricTranslation", "Vector3D", "Vector", "",0,0,0
				P: "GeometricRotation", "Vector3D", "Vector", "",0,0,0
				P: "GeometricScaling", "Vector3D", "Vector", "",1,1,1
				P: "MinDampRangeX", "double", "Number", "",0
				P: "MinDampRangeY", "double", "Number", "",0
				P: "MinDampRangeZ", "double", "Number", "",0
				P: "MaxDampRangeX", "double", "Number", "",0
				P: "MaxDampRangeY", "double", "Number", "",0
				P: "MaxDampRangeZ", "double", "Number", "",0
				P: "MinDampStrengthX", "double", "Number", "",0
				P: "MinDampStrengthY", "double", "Number", "",0
				P: "MinDampStrengthZ", "double", "Number", "",0
				P: "MaxDampStrengthX", "double", "Number", "",0
				P: "MaxDampStrengthY", "double", "Number", "",0
				P: "MaxDampStrengthZ", "double", "Number", "",0
				P: "PreferedAngleX", "double", "Number", "",0
				P: "PreferedAngleY", "double", "Number", "",0
				P: "PreferedAngleZ", "double", "Number", "",0
				P: "LookAtProperty", "object", "", ""
				P: "UpVectorProperty", "object", "", ""
				P: "Show", "bool", "", "",1
				P: "NegativePercentShapeSupport", "bool", "", "",1
				P: "DefaultAttributeIndex", "int", "Integer", "",-1
				P: "Freeze", "bool", "", "",0
				P: "LODBox", "bool", "", "",0
				P: "Lcl Translation", "Lcl Translation", "", "A",0,0,0
				P: "Lcl Rotation", "Lcl Rotation", "", "A",0,0,0
				P: "Lcl Scaling", "Lcl Scaling", "", "A",1,1,1
				P: "Visibility", "Visibility", "", "A",1
				P: "Visibility Inheritance", "Visibility Inheritance", "", "",1
			}
		}
	}
	ObjectType: "Geometry" {
		Count: 1
		PropertyTemplate: "FbxMesh" {
			Properties70:  {
				P: "Color", "ColorRGB", "Color", "",0.8,0.8,0.8
				P: "BBoxMin", "Vector3D", "Vector", "",0,0,0
				P: "BBoxMax", "Vector3D", "Vector", "",0,0,0
				P: "Primary Visibility", "bool", "", "",1
				P: "Casts Shadows", "bool", "", "",1
				P: "Receive Shadows", "bool", "", "",1
			}
		}
	}
}

; Object properties
;------------------------------------------------------------------

Objects:  {
	Geometry: 487395309584, "Geometry::SM_LD_Cyclorama", "Mesh" {
		Vertices: *5049 {
			a: -8,0,9,-7.5,0,9,-7,0,9,-6.5,0,9,-6,0,9,-5.5,0,9,-5,0,9,-4.5,0,9,-4,0,9,-3.5,0,9,-3,0,9,-2.5,0,9,-2,0,9,-1.5,0,9,-1,0,9,-0.5,0,9,0,0,9,0.5,0,9,1,0,9,1.5,0,9,2,0,9,2.5,0,9,3,0,9,3.5,0,9,4,0,9,4.5,0,9,5,0,9,5.5,0,9,6,0,9,6.5,0,9,7,0,9,7.5,0,9,8,0,9,-8,0,7.5,-7.5,0,7.5,-7,0,7.5,-6.5,0,7.5,-6,0,7.5,-5.5,0,7.5,-5,0,7.5,-4.5,0,7.5,-4,0,7.5,-3.5,0,7.5,-3,0,7.5,-2.5,0,7.5,-2,0,7.5,-1.5,0,7.5,-1,0,7.5,-0.5,0,7.5,0,0,7.5,0.5,0,7.5,1,0,7.5,1.5,0,7.5,2,0,7.5,2.5,0,7.5,3,0,7.5,3.5,0,7.5,4,0,7.5,4.5,0,7.5,5,0,7.5,5.5,0,7.5,6,0,7.5,6.5,0,7.5,7,0,7.5,7.5,0,7.5,8,0,7.5,-8,0,6,-7.5,0,6,-7,0,6,-6.5,0,6,-6,0,6,-5.5,0,6,-5,0,6,-4.5,0,6,-4,0,6,-3.5,0,6,-3,0,6,-2.5,0,6,-2,0,6,-1.5,0,6,-1,0,6,-0.5,0,6,0,0,6,0.5,0,6,1,0,6,1.5,0,6,2,0,6,2.5,0,6,3,0,6,3.5,0,6,4,0,6,4.5,0,6,5,0,6,5.5,0,6,6,0,6,6.5,0,6,7,0,6,7.5,0,6,8,0,6,-8,0,4.5,-7.5,0,4.5,-7,0,4.5,-6.5,0,4.5,-6,0,4.5,-5.5,0,4.5,-5,0,4.5,-4.5,0,4.5,-4,0,4.5,-3.5,0,4.5,-3,0,4.5,-2.5,0,4.5,-2,0,4.5,-1.5,0,4.5,-1,0,4.5,-0.5,0,4.5,0,0,4.5,0.5,0,4.5,1,0,4.5,1.5,0,4.5,2,0,4.5,2.5,0,4.5,3,0,4.5,3.5,0,4.5,4,0,4.5,4.5,0,4.5,5,0,4.5,5.5,0,4.5,6,0,4.5,6.5,0,4.5,7,0,4.5,7.5,0,4.5,8,0,4.5,-8,0,3,-7.5,0,3,-7,0,3,-6.5,0,3,-6,0,3,-5.5,0,3,-5,0,3,-4.5,0,3,-4,0,3,-3.5,0,3,-3,0,3,-2.5,0,3,-2,0,3,-1.5,0,3,-1,0,3,-0.5,0,3,0,0,3,0.5,0,3,1,0,3,1.5,0,3,2,0,3,2.5,0,3,3,0,3,3.5,0,3,4,0,3,4.5,0,3,5,0,3,5.5,0,3,6,0,3,6.5,0,3,7,0,3,7.5,0,3,8,0,3,-8,0,1.5,-7.5,0,1.5,-7,0,1.5,-6.5,0,1.5,-6,0,1.5,-5.5,0,1.5,-5,0,1.5,-4.5,0,1.5,-4,0,1.5,-3.5,0,1.5,-3,0,1.5,-2.5,0,1.5,-2,0,1.5,-1.5,0,1.5,-1,0,1.5,-0.5,0,1.5,0,0,1.5,0.5,0,1.5,1,0,1.5,1.5,0,1.5,2,0,1.5,2.5,0,1.5,3,0,1.5,3.5,0,1.5,4,0,1.5,4.5,0,1.5,5,0,1.5,5.5,0,1.5,6,0,1.5,6.5,0,1.5,7,0,1.5,7.5,0,1.5,8,0,1.5,-8,0,0,-7.5,0,0,-7,0,0,-6.5,0,0,-6,0,0,-5.5,0,0,-5,0,0,-4.5,0,0,-4,0,0,-3.5,0,0,-3,0,0,-2.5,0,0,-2,0,0,-1.5,0,0,-1,0,0,-0.5,0,0,0,0,0,0.5,0,0,1,0,0,1.5,0,0,2,0,0,2.5,0,0,3,0,0,3.5,0,0,4,0,0,4.5,0,0,5,0,0,5.5,0,0,6,0,0,6.5,0,0,7,0,0,7.5,0,0,8,0,0,-8,0,-1.5,-7.5,0,-1.5,-7,0,-1.5,-6.5,0,-1.5,-6,0,-1.5,-5.5,0,-1.5,-5,0,-1.5,-4.5,0,-1.5,-4,0,-1.5,-3.5,0,-1.5,
-3,0,-1.5,-2.5,0,-1.5,-2,0,-1.5,-1.5,0,-1.5,-1,0,-1.5,-0.5,0,-1.5,0,0,-1.5,0.5,0,-1.5,1,0,-1.5,1.5,0,-1.5,2,0,-1.5,2.5,0,-1.5,3,0,-1.5,3.5,0,-1.5,4,0,-1.5,4.5,0,-1.5,5,0,-1.5,5.5,0,-1.5,6,0,-1.5,6.5,0,-1.5,7,0,-1.5,7.5,0,-1.5,8,0,-1.5,-8,0,-3,-7.5,0,-3,-7,0,-3,-6.5,0,-3,-6,0,-3,-5.5,0,-3,-5,0,-3,-4.5,0,-3,-4,0,-3,-3.5,0,-3,-3,0,-3,-2.5,0,-3,-2,0,-3,-1.5,0,-3,-1,0,-3,-0.5,0,-3,0,0,-3,0.5,0,-3,1,0,-3,1.5,0,-3,2,0,-3,2.5,0,-3,3,0,-3,3.5,0,-3,4,0,-3,4.5,0,-3,5,0,-3,5.5,0,-3,6,0,-3,6.5,0,-3,7,0,-3,7.5,0,-3,8,0,-3,-8,0,-4.5,-7.5,0,-4.5,-7,0,-4.5,-6.5,0,-4.5,-6,0,-4.5,-5.5,0,-4.5,-5,0,-4.5,-4.5,0,-4.5,-4,0,-4.5,-3.5,0,-4.5,-3,0,-4.5,-2.5,0,-4.5,-2,0,-4.5,-1.5,0,-4.5,-1,0,-4.5,-0.5,0,-4.5,0,0,-4.5,0.5,0,-4.5,1,0,-4.5,1.5,0,-4.5,2,0,-4.5,2.5,0,-4.5,3,0,-4.5,3.5,0,-4.5,4,0,-4.5,4.5,0,-4.5,5,0,-4.5,5.5,0,-4.5,6,0,-4.5,6.5,0,-4.5,7,0,-4.5,7.5,0,-4.5,8,0,-4.5,-8,0,-6,-7.5,0,-6,-7,0,-6,-6.5,0,-6,-6,0,-6,-5.5,0,-6,-5,0,-6,-4.5,0,-6,-4,0,-6,-3.5,0,-6,-3,0,-6,-2.5,0,-6,-2,0,-6,-1.5,0,-6,-1,0,-6,-0.5,0,-6,0,0,-6,0.5,0,-6,1,0,-6,1.5,0,-6,2,0,-6,2.5,0,-6,3,0,-6,3.5,0,-6,4,0,-6,4.5,0,-6,5,0,-6,5.5,0,-6,6,0,-6,6.5,0,-6,7,0,-6,7.5,0,-6,8,0,-6,-8,0.00361363147385418,-6.14720296859741,-7.5,0.00361363147385418,-6.14720296859741,-7,0.00361363147385418,-6.14720296859741,-6.5,0.00361363147385418,-6.14720296859741,-6,0.00361363147385418,-6.14720296859741,-5.5,0.00361363147385418,-6.14720296859741,-5,0.00361363147385418,-6.14720296859741,-4.5,0.00361363147385418,-6.14720296859741,-4,0.00361363147385418,-6.14720296859741,-3.5,0.00361363147385418,-6.14720296859741,-3,0.00361363147385418,-6.14720296859741,-2.5,0.00361363147385418,-6.14720296859741,-2,0.00361363147385418,-6.14720296859741,-1.5,0.00361363147385418,-6.14720296859741,-1,0.00361363147385418,-6.14720296859741,-0.5,0.00361363147385418,-6.14720296859741,0,0.00361363147385418,-6.14720296859741,0.5,0.00361363147385418,-6.14720296859741,1,0.00361363147385418,-6.14720296859741,1.5,0.00361363147385418,-6.14720296859741,2,0.00361363147385418,-6.14720296859741,2.5,0.00361363147385418,-6.14720296859741,
3,0.00361363147385418,-6.14720296859741,3.5,0.00361363147385418,-6.14720296859741,4,0.00361363147385418,-6.14720296859741,4.5,0.00361363147385418,-6.14720296859741,5,0.00361363147385418,-6.14720296859741,5.5,0.00361363147385418,-6.14720296859741,6,0.00361363147385418,-6.14720296859741,6.5,0.00361363147385418,-6.14720296859741,7,0.00361363147385418,-6.14720296859741,7.5,0.00361363147385418,-6.14720296859741,8,0.00361363147385418,-6.14720296859741,-8,0.0144458198919892,-6.29405164718628,-7.5,0.0144458198919892,-6.29405164718628,-7,0.0144458198919892,-6.29405164718628,-6.5,0.0144458198919892,-6.29405164718628,-6,0.0144458198919892,-6.29405164718628,-5.5,0.0144458198919892,-6.29405164718628,-5,0.0144458198919892,-6.29405164718628,-4.5,0.0144458198919892,-6.29405164718628,-4,0.0144458198919892,-6.29405164718628,-3.5,0.0144458198919892,-6.29405164718628,-3,0.0144458198919892,-6.29405164718628,-2.5,0.0144458198919892,-6.29405164718628,-2,0.0144458198919892,-6.29405164718628,-1.5,0.0144458198919892,-6.29405164718628,-1,0.0144458198919892,-6.29405164718628,-0.5,0.0144458198919892,-6.29405164718628,0,0.0144458198919892,-6.29405164718628,0.5,0.0144458198919892,-6.29405164718628,1,0.0144458198919892,-6.29405164718628,1.5,0.0144458198919892,-6.29405164718628,2,0.0144458198919892,-6.29405164718628,2.5,0.0144458198919892,-6.29405164718628,3,0.0144458198919892,-6.29405164718628,3.5,0.0144458198919892,-6.29405164718628,4,0.0144458198919892,-6.29405164718628,4.5,0.0144458198919892,-6.29405164718628,5,0.0144458198919892,-6.29405164718628,5.5,0.0144458198919892,-6.29405164718628,6,0.0144458198919892,-6.29405164718628,6.5,0.0144458198919892,-6.29405164718628,7,0.0144458198919892,-6.29405164718628,7.5,0.0144458198919892,-6.29405164718628,8,0.0144458198919892,-6.29405164718628,-8,0.0324704684317112,-6.4401912689209,-7.5,0.0324704684317112,-6.4401912689209,-7,0.0324704684317112,-6.4401912689209,-6.5,0.0324704684317112,-6.4401912689209,-6,0.0324704684317112,-6.4401912689209,-5.5,0.0324704684317112,-6.4401912689209,-5,0.0324704684317112,-6.4401912689209,
-4.5,0.0324704684317112,-6.4401912689209,-4,0.0324704684317112,-6.4401912689209,-3.5,0.0324704684317112,-6.4401912689209,-3,0.0324704684317112,-6.4401912689209,-2.5,0.0324704684317112,-6.4401912689209,-2,0.0324704684317112,-6.4401912689209,-1.5,0.0324704684317112,-6.4401912689209,-1,0.0324704684317112,-6.4401912689209,-0.5,0.0324704684317112,-6.4401912689209,0,0.0324704684317112,-6.4401912689209,0.5,0.0324704684317112,-6.4401912689209,1,0.0324704684317112,-6.4401912689209,1.5,0.0324704684317112,-6.4401912689209,2,0.0324704684317112,-6.4401912689209,2.5,0.0324704684317112,-6.4401912689209,3,0.0324704684317112,-6.4401912689209,3.5,0.0324704684317112,-6.4401912689209,4,0.0324704684317112,-6.4401912689209,4.5,0.0324704684317112,-6.4401912689209,5,0.0324704684317112,-6.4401912689209,5.5,0.0324704684317112,-6.4401912689209,6,0.0324704684317112,-6.4401912689209,6.5,0.0324704684317112,-6.4401912689209,7,0.0324704684317112,-6.4401912689209,7.5,0.0324704684317112,-6.4401912689209,8,0.0324704684317112,-6.4401912689209,-8,0.0576441586017609,-6.58527088165283,-7.5,0.0576441586017609,-6.58527088165283,-7,0.0576441586017609,-6.58527088165283,-6.5,0.0576441586017609,-6.58527088165283,-6,0.0576441586017609,-6.58527088165283,-5.5,0.0576441586017609,-6.58527088165283,-5,0.0576441586017609,-6.58527088165283,-4.5,0.0576441586017609,-6.58527088165283,-4,0.0576441586017609,-6.58527088165283,-3.5,0.0576441586017609,-6.58527088165283,-3,0.0576441586017609,-6.58527088165283,-2.5,0.0576441586017609,-6.58527088165283,-2,0.0576441586017609,-6.58527088165283,-1.5,0.0576441586017609,-6.58527088165283,-1,0.0576441586017609,-6.58527088165283,-0.5,0.0576441586017609,-6.58527088165283,0,0.0576441586017609,-6.58527088165283,0.5,0.0576441586017609,-6.58527088165283,1,0.0576441586017609,-6.58527088165283,1.5,0.0576441586017609,-6.58527088165283,2,0.0576441586017609,-6.58527088165283,2.5,0.0576441586017609,-6.58527088165283,3,0.0576441586017609,-6.58527088165283,3.5,0.0576441586017609,-6.58527088165283,4,0.0576441586017609,-6.58527088165283,4.5,0.0576441586017609,-6.58527088165283,
5,0.0576441586017609,-6.58527088165283,5.5,0.0576441586017609,-6.58527088165283,6,0.0576441586017609,-6.58527088165283,6.5,0.0576441586017609,-6.58527088165283,7,0.0576441586017609,-6.58527088165283,7.5,0.0576441586017609,-6.58527088165283,8,0.0576441586017609,-6.58527088165283,-8,0.0899062380194664,-6.72894048690796,-7.5,0.0899062380194664,-6.72894048690796,-7,0.0899062380194664,-6.72894048690796,-6.5,0.0899062380194664,-6.72894048690796,-6,0.0899062380194664,-6.72894048690796,-5.5,0.0899062380194664,-6.72894048690796,-5,0.0899062380194664,-6.72894048690796,-4.5,0.0899062380194664,-6.72894048690796,-4,0.0899062380194664,-6.72894048690796,-3.5,0.0899062380194664,-6.72894048690796,-3,0.0899062380194664,-6.72894048690796,-2.5,0.0899062380194664,-6.72894048690796,-2,0.0899062380194664,-6.72894048690796,-1.5,0.0899062380194664,-6.72894048690796,-1,0.0899062380194664,-6.72894048690796,-0.5,0.0899062380194664,-6.72894048690796,0,0.0899062380194664,-6.72894048690796,0.5,0.0899062380194664,-6.72894048690796,1,0.0899062380194664,-6.72894048690796,1.5,0.0899062380194664,-6.72894048690796,2,0.0899062380194664,-6.72894048690796,2.5,0.0899062380194664,-6.72894048690796,3,0.0899062380194664,-6.72894048690796,3.5,0.0899062380194664,-6.72894048690796,4,0.0899062380194664,-6.72894048690796,4.5,0.0899062380194664,-6.72894048690796,5,0.0899062380194664,-6.72894048690796,5.5,0.0899062380194664,-6.72894048690796,6,0.0899062380194664,-6.72894048690796,6.5,0.0899062380194664,-6.72894048690796,7,0.0899062380194664,-6.72894048690796,7.5,0.0899062380194664,-6.72894048690796,8,0.0899062380194664,-6.72894048690796,-8,0.129178985953331,-6.87085390090942,-7.5,0.129178985953331,-6.87085390090942,-7,0.129178985953331,-6.87085390090942,-6.5,0.129178985953331,-6.87085390090942,-6,0.129178985953331,-6.87085390090942,-5.5,0.129178985953331,-6.87085390090942,-5,0.129178985953331,-6.87085390090942,-4.5,0.129178985953331,-6.87085390090942,-4,0.129178985953331,-6.87085390090942,-3.5,0.129178985953331,-6.87085390090942,-3,0.129178985953331,-6.87085390090942,
-2.5,0.129178985953331,-6.87085390090942,-2,0.129178985953331,-6.87085390090942,-1.5,0.129178985953331,-6.87085390090942,-1,0.129178985953331,-6.87085390090942,-0.5,0.129178985953331,-6.87085390090942,0,0.129178985953331,-6.87085390090942,0.5,0.129178985953331,-6.87085390090942,1,0.129178985953331,-6.87085390090942,1.5,0.129178985953331,-6.87085390090942,2,0.129178985953331,-6.87085390090942,2.5,0.129178985953331,-6.87085390090942,3,0.129178985953331,-6.87085390090942,3.5,0.129178985953331,-6.87085390090942,4,0.129178985953331,-6.87085390090942,4.5,0.129178985953331,-6.87085390090942,5,0.129178985953331,-6.87085390090942,5.5,0.129178985953331,-6.87085390090942,6,0.129178985953331,-6.87085390090942,6.5,0.129178985953331,-6.87085390090942,7,0.129178985953331,-6.87085390090942,7.5,0.129178985953331,-6.87085390090942,8,0.129178985953331,-6.87085390090942,-8,0.175367802381516,-7.01066970825195,-7.5,0.175367802381516,-7.01066970825195,-7,0.175367802381516,-7.01066970825195,-6.5,0.175367802381516,-7.01066970825195,-6,0.175367802381516,-7.01066970825195,-5.5,0.175367802381516,-7.01066970825195,-5,0.175367802381516,-7.01066970825195,-4.5,0.175367802381516,-7.01066970825195,-4,0.175367802381516,-7.01066970825195,-3.5,0.175367802381516,-7.01066970825195,-3,0.175367802381516,-7.01066970825195,-2.5,0.175367802381516,-7.01066970825195,-2,0.175367802381516,-7.01066970825195,-1.5,0.175367802381516,-7.01066970825195,-1,0.175367802381516,-7.01066970825195,-0.5,0.175367802381516,-7.01066970825195,0,0.175367802381516,-7.01066970825195,0.5,0.175367802381516,-7.01066970825195,1,0.175367802381516,-7.01066970825195,1.5,0.175367802381516,-7.01066970825195,2,0.175367802381516,-7.01066970825195,2.5,0.175367802381516,-7.01066970825195,3,0.175367802381516,-7.01066970825195,3.5,0.175367802381516,-7.01066970825195,4,0.175367802381516,-7.01066970825195,4.5,0.175367802381516,-7.01066970825195,5,0.175367802381516,-7.01066970825195,5.5,0.175367802381516,-7.01066970825195,6,0.175367802381516,-7.01066970825195,6.5,0.175367802381516,-7.01066970825195,
7,0.175367802381516,-7.01066970825195,7.5,0.175367802381516,-7.01066970825195,8,0.175367802381516,-7.01066970825195,-8,0.228361397981644,-7.14805030822754,-7.5,0.228361397981644,-7.14805030822754,-7,0.228361397981644,-7.14805030822754,-6.5,0.228361397981644,-7.14805030822754,-6,0.228361397981644,-7.14805030822754,-5.5,0.228361397981644,-7.14805030822754,-5,0.228361397981644,-7.14805030822754,-4.5,0.228361397981644,-7.14805030822754,-4,0.228361397981644,-7.14805030822754,-3.5,0.228361397981644,-7.14805030822754,-3,0.228361397981644,-7.14805030822754,-2.5,0.228361397981644,-7.14805030822754,-2,0.228361397981644,-7.14805030822754,-1.5,0.228361397981644,-7.14805030822754,-1,0.228361397981644,-7.14805030822754,-0.5,0.228361397981644,-7.14805030822754,0,0.228361397981644,-7.14805030822754,0.5,0.228361397981644,-7.14805030822754,1,0.228361397981644,-7.14805030822754,1.5,0.228361397981644,-7.14805030822754,2,0.228361397981644,-7.14805030822754,2.5,0.228361397981644,-7.14805030822754,3,0.228361397981644,-7.14805030822754,3.5,0.228361397981644,-7.14805030822754,4,0.228361397981644,-7.14805030822754,4.5,0.228361397981644,-7.14805030822754,5,0.228361397981644,-7.14805030822754,5.5,0.228361397981644,-7.14805030822754,6,0.228361397981644,-7.14805030822754,6.5,0.228361397981644,-7.14805030822754,7,0.228361397981644,-7.14805030822754,7.5,0.228361397981644,-7.14805030822754,8,0.228361397981644,-7.14805030822754,-8,0.288032114505768,-7.28266525268555,-7.5,0.288032114505768,-7.28266525268555,-7,0.288032114505768,-7.28266525268555,-6.5,0.288032114505768,-7.28266525268555,-6,0.288032114505768,-7.28266525268555,-5.5,0.288032114505768,-7.28266525268555,-5,0.288032114505768,-7.28266525268555,-4.5,0.288032114505768,-7.28266525268555,-4,0.288032114505768,-7.28266525268555,-3.5,0.288032114505768,-7.28266525268555,-3,0.288032114505768,-7.28266525268555,-2.5,0.288032114505768,-7.28266525268555,-2,0.288032114505768,-7.28266525268555,-1.5,0.288032114505768,-7.28266525268555,-1,0.288032114505768,-7.28266525268555,-0.5,0.288032114505768,-7.28266525268555,
0,0.288032114505768,-7.28266525268555,0.5,0.288032114505768,-7.28266525268555,1,0.288032114505768,-7.28266525268555,1.5,0.288032114505768,-7.28266525268555,2,0.288032114505768,-7.28266525268555,2.5,0.288032114505768,-7.28266525268555,3,0.288032114505768,-7.28266525268555,3.5,0.288032114505768,-7.28266525268555,4,0.288032114505768,-7.28266525268555,4.5,0.288032114505768,-7.28266525268555,5,0.288032114505768,-7.28266525268555,5.5,0.288032114505768,-7.28266525268555,6,0.288032114505768,-7.28266525268555,6.5,0.288032114505768,-7.28266525268555,7,0.288032114505768,-7.28266525268555,7.5,0.288032114505768,-7.28266525268555,8,0.288032114505768,-7.28266525268555,-8,0.354236215353012,-7.4141902923584,-7.5,0.354236215353012,-7.4141902923584,-7,0.354236215353012,-7.4141902923584,-6.5,0.354236215353012,-7.4141902923584,-6,0.354236215353012,-7.4141902923584,-5.5,0.354236215353012,-7.4141902923584,-5,0.354236215353012,-7.4141902923584,-4.5,0.354236215353012,-7.4141902923584,-4,0.354236215353012,-7.4141902923584,-3.5,0.354236215353012,-7.4141902923584,-3,0.354236215353012,-7.4141902923584,-2.5,0.354236215353012,-7.4141902923584,-2,0.354236215353012,-7.4141902923584,-1.5,0.354236215353012,-7.4141902923584,-1,0.354236215353012,-7.4141902923584,-0.5,0.354236215353012,-7.4141902923584,0,0.354236215353012,-7.4141902923584,0.5,0.354236215353012,-7.4141902923584,1,0.354236215353012,-7.4141902923584,1.5,0.354236215353012,-7.4141902923584,2,0.354236215353012,-7.4141902923584,2.5,0.354236215353012,-7.4141902923584,3,0.354236215353012,-7.4141902923584,3.5,0.354236215353012,-7.4141902923584,4,0.354236215353012,-7.4141902923584,4.5,0.354236215353012,-7.4141902923584,5,0.354236215353012,-7.4141902923584,5.5,0.354236215353012,-7.4141902923584,6,0.354236215353012,-7.4141902923584,6.5,0.354236215353012,-7.4141902923584,7,0.354236215353012,-7.4141902923584,7.5,0.354236215353012,-7.4141902923584,8,0.354236215353012,-7.4141902923584,-8,0.426814168691635,-7.54230833053589,-7.5,0.426814168691635,-7.54230833053589,-7,0.426814168691635,-7.54230833053589,
-6.5,0.426814168691635,-7.54230833053589,-6,0.426814168691635,-7.54230833053589,-5.5,0.426814168691635,-7.54230833053589,-5,0.426814168691635,-7.54230833053589,-4.5,0.426814168691635,-7.54230833053589,-4,0.426814168691635,-7.54230833053589,-3.5,0.426814168691635,-7.54230833053589,-3,0.426814168691635,-7.54230833053589,-2.5,0.426814168691635,-7.54230833053589,-2,0.426814168691635,-7.54230833053589,-1.5,0.426814168691635,-7.54230833053589,-1,0.426814168691635,-7.54230833053589,-0.5,0.426814168691635,-7.54230833053589,0,0.426814168691635,-7.54230833053589,0.5,0.426814168691635,-7.54230833053589,1,0.426814168691635,-7.54230833053589,1.5,0.426814168691635,-7.54230833053589,2,0.426814168691635,-7.54230833053589,2.5,0.426814168691635,-7.54230833053589,3,0.426814168691635,-7.54230833053589,3.5,0.426814168691635,-7.54230833053589,4,0.426814168691635,-7.54230833053589,4.5,0.426814168691635,-7.54230833053589,5,0.426814168691635,-7.54230833053589,5.5,0.426814168691635,-7.54230833053589,6,0.426814168691635,-7.54230833053589,6.5,0.426814168691635,-7.54230833053589,7,0.426814168691635,-7.54230833053589,7.5,0.426814168691635,-7.54230833053589,8,0.426814168691635,-7.54230833053589,-8,0.505591154098511,-7.66671085357666,-7.5,0.505591154098511,-7.66671085357666,-7,0.505591154098511,-7.66671085357666,-6.5,0.505591154098511,-7.66671085357666,-6,0.505591154098511,-7.66671085357666,-5.5,0.505591154098511,-7.66671085357666,-5,0.505591154098511,-7.66671085357666,-4.5,0.505591154098511,-7.66671085357666,-4,0.505591154098511,-7.66671085357666,-3.5,0.505591154098511,-7.66671085357666,-3,0.505591154098511,-7.66671085357666,-2.5,0.505591154098511,-7.66671085357666,-2,0.505591154098511,-7.66671085357666,-1.5,0.505591154098511,-7.66671085357666,-1,0.505591154098511,-7.66671085357666,-0.5,0.505591154098511,-7.66671085357666,0,0.505591154098511,-7.66671085357666,0.5,0.505591154098511,-7.66671085357666,1,0.505591154098511,-7.66671085357666,1.5,0.505591154098511,-7.66671085357666,2,0.505591154098511,-7.66671085357666,2.5,0.505591154098511,-7.66671085357666,
3,0.505591154098511,-7.66671085357666,3.5,0.505591154098511,-7.66671085357666,4,0.505591154098511,-7.66671085357666,4.5,0.505591154098511,-7.66671085357666,5,0.505591154098511,-7.66671085357666,5.5,0.505591154098511,-7.66671085357666,6,0.505591154098511,-7.66671085357666,6.5,0.505591154098511,-7.66671085357666,7,0.505591154098511,-7.66671085357666,7.5,0.505591154098511,-7.66671085357666,8,0.505591154098511,-7.66671085357666,-8,0.590377390384674,-7.7870979309082,-7.5,0.590377390384674,-7.7870979309082,-7,0.590377390384674,-7.7870979309082,-6.5,0.590377390384674,-7.7870979309082,-6,0.590377390384674,-7.7870979309082,-5.5,0.590377390384674,-7.7870979309082,-5,0.590377390384674,-7.7870979309082,-4.5,0.590377390384674,-7.7870979309082,-4,0.590377390384674,-7.7870979309082,-3.5,0.590377390384674,-7.7870979309082,-3,0.590377390384674,-7.7870979309082,-2.5,0.590377390384674,-7.7870979309082,-2,0.590377390384674,-7.7870979309082,-1.5,0.590377390384674,-7.7870979309082,-1,0.590377390384674,-7.7870979309082,-0.5,0.590377390384674,-7.7870979309082,0,0.590377390384674,-7.7870979309082,0.5,0.590377390384674,-7.7870979309082,1,0.590377390384674,-7.7870979309082,1.5,0.590377390384674,-7.7870979309082,2,0.590377390384674,-7.7870979309082,2.5,0.590377390384674,-7.7870979309082,3,0.590377390384674,-7.7870979309082,3.5,0.590377390384674,-7.7870979309082,4,0.590377390384674,-7.7870979309082,4.5,0.590377390384674,-7.7870979309082,5,0.590377390384674,-7.7870979309082,5.5,0.590377390384674,-7.7870979309082,6,0.590377390384674,-7.7870979309082,6.5,0.590377390384674,-7.7870979309082,7,0.590377390384674,-7.7870979309082,7.5,0.590377390384674,-7.7870979309082,8,0.590377390384674,-7.7870979309082,-8,0.680968642234802,-7.90317964553833,-7.5,0.680968642234802,-7.90317964553833,-7,0.680968642234802,-7.90317964553833,-6.5,0.680968642234802,-7.90317964553833,-6,0.680968642234802,-7.90317964553833,-5.5,0.680968642234802,-7.90317964553833,-5,0.680968642234802,-7.90317964553833,-4.5,0.680968642234802,-7.90317964553833,-4,0.680968642234802,-7.90317964553833,
-3.5,0.680968642234802,-7.90317964553833,-3,0.680968642234802,-7.90317964553833,-2.5,0.680968642234802,-7.90317964553833,-2,0.680968642234802,-7.90317964553833,-1.5,0.680968642234802,-7.90317964553833,-1,0.680968642234802,-7.90317964553833,-0.5,0.680968642234802,-7.90317964553833,0,0.680968642234802,-7.90317964553833,0.5,0.680968642234802,-7.90317964553833,1,0.680968642234802,-7.90317964553833,1.5,0.680968642234802,-7.90317964553833,2,0.680968642234802,-7.90317964553833,2.5,0.680968642234802,-7.90317964553833,3,0.680968642234802,-7.90317964553833,3.5,0.680968642234802,-7.90317964553833,4,0.680968642234802,-7.90317964553833,4.5,0.680968642234802,-7.90317964553833,5,0.680968642234802,-7.90317964553833,5.5,0.680968642234802,-7.90317964553833,6,0.680968642234802,-7.90317964553833,6.5,0.680968642234802,-7.90317964553833,7,0.680968642234802,-7.90317964553833,7.5,0.680968642234802,-7.90317964553833,8,0.680968642234802,-7.90317964553833,-8,0.777146637439728,-8.01467704772949,-7.5,0.777146637439728,-8.01467704772949,-7,0.777146637439728,-8.01467704772949,-6.5,0.777146637439728,-8.01467704772949,-6,0.777146637439728,-8.01467704772949,-5.5,0.777146637439728,-8.01467704772949,-5,0.777146637439728,-8.01467704772949,-4.5,0.777146637439728,-8.01467704772949,-4,0.777146637439728,-8.01467704772949,-3.5,0.777146637439728,-8.01467704772949,-3,0.777146637439728,-8.01467704772949,-2.5,0.777146637439728,-8.01467704772949,-2,0.777146637439728,-8.01467704772949,-1.5,0.777146637439728,-8.01467704772949,-1,0.777146637439728,-8.01467704772949,-0.5,0.777146637439728,-8.01467704772949,0,0.777146637439728,-8.01467704772949,0.5,0.777146637439728,-8.01467704772949,1,0.777146637439728,-8.01467704772949,1.5,0.777146637439728,-8.01467704772949,2,0.777146637439728,-8.01467704772949,2.5,0.777146637439728,-8.01467704772949,3,0.777146637439728,-8.01467704772949,3.5,0.777146637439728,-8.01467704772949,4,0.777146637439728,-8.01467704772949,4.5,0.777146637439728,-8.01467704772949,5,0.777146637439728,-8.01467704772949,5.5,0.777146637439728,-8.01467704772949,
6,0.777146637439728,-8.01467704772949,6.5,0.777146637439728,-8.01467704772949,7,0.777146637439728,-8.01467704772949,7.5,0.777146637439728,-8.01467704772949,8,0.777146637439728,-8.01467704772949,-8,0.878679633140564,-8.1213207244873,-7.5,0.878679633140564,-8.1213207244873,-7,0.878679633140564,-8.1213207244873,-6.5,0.878679633140564,-8.1213207244873,-6,0.878679633140564,-8.1213207244873,-5.5,0.878679633140564,-8.1213207244873,-5,0.878679633140564,-8.1213207244873,-4.5,0.878679633140564,-8.1213207244873,-4,0.878679633140564,-8.1213207244873,-3.5,0.878679633140564,-8.1213207244873,-3,0.878679633140564,-8.1213207244873,-2.5,0.878679633140564,-8.1213207244873,-2,0.878679633140564,-8.1213207244873,-1.5,0.878679633140564,-8.1213207244873,-1,0.878679633140564,-8.1213207244873,-0.5,0.878679633140564,-8.1213207244873,0,0.878679633140564,-8.1213207244873,0.5,0.878679633140564,-8.1213207244873,1,0.878679633140564,-8.1213207244873,1.5,0.878679633140564,-8.1213207244873,2,0.878679633140564,-8.1213207244873,2.5,0.878679633140564,-8.1213207244873,3,0.878679633140564,-8.1213207244873,3.5,0.878679633140564,-8.1213207244873,4,0.878679633140564,-8.1213207244873,4.5,0.878679633140564,-8.1213207244873,5,0.878679633140564,-8.1213207244873,5.5,0.878679633140564,-8.1213207244873,6,0.878679633140564,-8.1213207244873,6.5,0.878679633140564,-8.1213207244873,7,0.878679633140564,-8.1213207244873,7.5,0.878679633140564,-8.1213207244873,8,0.878679633140564,-8.1213207244873,-8,0.985323131084442,-8.2228536605835,-7.5,0.985323131084442,-8.2228536605835,-7,0.985323131084442,-8.2228536605835,-6.5,0.985323131084442,-8.2228536605835,-6,0.985323131084442,-8.2228536605835,-5.5,0.985323131084442,-8.2228536605835,-5,0.985323131084442,-8.2228536605835,-4.5,0.985323131084442,-8.2228536605835,-4,0.985323131084442,-8.2228536605835,-3.5,0.985323131084442,-8.2228536605835,-3,0.985323131084442,-8.2228536605835,-2.5,0.985323131084442,-8.2228536605835,-2,0.985323131084442,-8.2228536605835,-1.5,0.985323131084442,-8.2228536605835,-1,0.985323131084442,-8.2228536605835,-0.5,0.985323131084442,-8.2228536605835,
0,0.985323131084442,-8.2228536605835,0.5,0.985323131084442,-8.2228536605835,1,0.985323131084442,-8.2228536605835,1.5,0.985323131084442,-8.2228536605835,2,0.985323131084442,-8.2228536605835,2.5,0.985323131084442,-8.2228536605835,3,0.985323131084442,-8.2228536605835,3.5,0.985323131084442,-8.2228536605835,4,0.985323131084442,-8.2228536605835,4.5,0.985323131084442,-8.2228536605835,5,0.985323131084442,-8.2228536605835,5.5,0.985323131084442,-8.2228536605835,6,0.985323131084442,-8.2228536605835,6.5,0.985323131084442,-8.2228536605835,7,0.985323131084442,-8.2228536605835,7.5,0.985323131084442,-8.2228536605835,8,0.985323131084442,-8.2228536605835,-8,1.09682011604309,-8.31903171539307,-7.5,1.09682011604309,-8.31903171539307,-7,1.09682011604309,-8.31903171539307,-6.5,1.09682011604309,-8.31903171539307,-6,1.09682011604309,-8.31903171539307,-5.5,1.09682011604309,-8.31903171539307,-5,1.09682011604309,-8.31903171539307,-4.5,1.09682011604309,-8.31903171539307,-4,1.09682011604309,-8.31903171539307,-3.5,1.09682011604309,-8.31903171539307,-3,1.09682011604309,-8.31903171539307,-2.5,1.09682011604309,-8.31903171539307,-2,1.09682011604309,-8.31903171539307,-1.5,1.09682011604309,-8.31903171539307,-1,1.09682011604309,-8.31903171539307,-0.5,1.09682011604309,-8.31903171539307,0,1.09682011604309,-8.31903171539307,0.5,1.09682011604309,-8.31903171539307,1,1.09682011604309,-8.31903171539307,1.5,1.09682011604309,-8.31903171539307,2,1.09682011604309,-8.31903171539307,2.5,1.09682011604309,-8.31903171539307,3,1.09682011604309,-8.31903171539307,3.5,1.09682011604309,-8.31903171539307,4,1.09682011604309,-8.31903171539307,4.5,1.09682011604309,-8.31903171539307,5,1.09682011604309,-8.31903171539307,5.5,1.09682011604309,-8.31903171539307,6,1.09682011604309,-8.31903171539307,6.5,1.09682011604309,-8.31903171539307,7,1.09682011604309,-8.31903171539307,7.5,1.09682011604309,-8.31903171539307,8,1.09682011604309,-8.31903171539307,-8,1.2129020690918,-8.40962219238281,-7.5,1.2129020690918,-8.40962219238281,-7,1.2129020690918,-8.40962219238281,-6.5,1.2129020690918,-8.40962219238281,
-6,1.2129020690918,-8.40962219238281,-5.5,1.2129020690918,-8.40962219238281,-5,1.2129020690918,-8.40962219238281,-4.5,1.2129020690918,-8.40962219238281,-4,1.2129020690918,-8.40962219238281,-3.5,1.2129020690918,-8.40962219238281,-3,1.2129020690918,-8.40962219238281,-2.5,1.2129020690918,-8.40962219238281,-2,1.2129020690918,-8.40962219238281,-1.5,1.2129020690918,-8.40962219238281,-1,1.2129020690918,-8.40962219238281,-0.5,1.2129020690918,-8.40962219238281,0,1.2129020690918,-8.40962219238281,0.5,1.2129020690918,-8.40962219238281,1,1.2129020690918,-8.40962219238281,1.5,1.2129020690918,-8.40962219238281,2,1.2129020690918,-8.40962219238281,2.5,1.2129020690918,-8.40962219238281,3,1.2129020690918,-8.40962219238281,3.5,1.2129020690918,-8.40962219238281,4,1.2129020690918,-8.40962219238281,4.5,1.2129020690918,-8.40962219238281,5,1.2129020690918,-8.40962219238281,5.5,1.2129020690918,-8.40962219238281,6,1.2129020690918,-8.40962219238281,6.5,1.2129020690918,-8.40962219238281,7,1.2129020690918,-8.40962219238281,7.5,1.2129020690918,-8.40962219238281,8,1.2129020690918,-8.40962219238281,-8,1.33328926563263,-8.49440860748291,-7.5,1.33328926563263,-8.49440860748291,-7,1.33328926563263,-8.49440860748291,-6.5,1.33328926563263,-8.49440860748291,-6,1.33328926563263,-8.49440860748291,-5.5,1.33328926563263,-8.49440860748291,-5,1.33328926563263,-8.49440860748291,-4.5,1.33328926563263,-8.49440860748291,-4,1.33328926563263,-8.49440860748291,-3.5,1.33328926563263,-8.49440860748291,-3,1.33328926563263,-8.49440860748291,-2.5,1.33328926563263,-8.49440860748291,-2,1.33328926563263,-8.49440860748291,-1.5,1.33328926563263,-8.49440860748291,-1,1.33328926563263,-8.49440860748291,-0.5,1.33328926563263,-8.49440860748291,0,1.33328926563263,-8.49440860748291,0.5,1.33328926563263,-8.49440860748291,1,1.33328926563263,-8.49440860748291,1.5,1.33328926563263,-8.49440860748291,2,1.33328926563263,-8.49440860748291,2.5,1.33328926563263,-8.49440860748291,3,1.33328926563263,-8.49440860748291,3.5,1.33328926563263,-8.49440860748291,4,1.33328926563263,-8.49440860748291,
4.5,1.33328926563263,-8.49440860748291,5,1.33328926563263,-8.49440860748291,5.5,1.33328926563263,-8.49440860748291,6,1.33328926563263,-8.49440860748291,6.5,1.33328926563263,-8.49440860748291,7,1.33328926563263,-8.49440860748291,7.5,1.33328926563263,-8.49440860748291,8,1.33328926563263,-8.49440860748291,-8,1.4576917886734,-8.57318592071533,-7.5,1.4576917886734,-8.57318592071533,-7,1.4576917886734,-8.57318592071533,-6.5,1.4576917886734,-8.57318592071533,-6,1.4576917886734,-8.57318592071533,-5.5,1.4576917886734,-8.57318592071533,-5,1.4576917886734,-8.57318592071533,-4.5,1.4576917886734,-8.57318592071533,-4,1.4576917886734,-8.57318592071533,-3.5,1.4576917886734,-8.57318592071533,-3,1.4576917886734,-8.57318592071533,-2.5,1.4576917886734,-8.57318592071533,-2,1.4576917886734,-8.57318592071533,-1.5,1.4576917886734,-8.57318592071533,-1,1.4576917886734,-8.57318592071533,-0.5,1.4576917886734,-8.57318592071533,0,1.4576917886734,-8.57318592071533,0.5,1.4576917886734,-8.57318592071533,1,1.4576917886734,-8.57318592071533,1.5,1.4576917886734,-8.57318592071533,2,1.4576917886734,-8.57318592071533,2.5,1.4576917886734,-8.57318592071533,3,1.4576917886734,-8.57318592071533,3.5,1.4576917886734,-8.57318592071533,4,1.4576917886734,-8.57318592071533,4.5,1.4576917886734,-8.57318592071533,5,1.4576917886734,-8.57318592071533,5.5,1.4576917886734,-8.57318592071533,6,1.4576917886734,-8.57318592071533,6.5,1.4576917886734,-8.57318592071533,7,1.4576917886734,-8.57318592071533,7.5,1.4576917886734,-8.57318592071533,8,1.4576917886734,-8.57318592071533,-8,1.58580982685089,-8.6457633972168,-7.5,1.58580982685089,-8.6457633972168,-7,1.58580982685089,-8.6457633972168,-6.5,1.58580982685089,-8.6457633972168,-6,1.58580982685089,-8.6457633972168,-5.5,1.58580982685089,-8.6457633972168,-5,1.58580982685089,-8.6457633972168,-4.5,1.58580982685089,-8.6457633972168,-4,1.58580982685089,-8.6457633972168,-3.5,1.58580982685089,-8.6457633972168,-3,1.58580982685089,-8.6457633972168,-2.5,1.58580982685089,-8.6457633972168,-2,1.58580982685089,-8.6457633972168,-1.5,1.58580982685089,-8.6457633972168,
-1,1.58580982685089,-8.6457633972168,-0.5,1.58580982685089,-8.6457633972168,0,1.58580982685089,-8.6457633972168,0.5,1.58580982685089,-8.6457633972168,1,1.58580982685089,-8.6457633972168,1.5,1.58580982685089,-8.6457633972168,2,1.58580982685089,-8.6457633972168,2.5,1.58580982685089,-8.6457633972168,3,1.58580982685089,-8.6457633972168,3.5,1.58580982685089,-8.6457633972168,4,1.58580982685089,-8.6457633972168,4.5,1.58580982685089,-8.6457633972168,5,1.58580982685089,-8.6457633972168,5.5,1.58580982685089,-8.6457633972168,6,1.58580982685089,-8.6457633972168,6.5,1.58580982685089,-8.6457633972168,7,1.58580982685089,-8.6457633972168,7.5,1.58580982685089,-8.6457633972168,8,1.58580982685089,-8.6457633972168,-8,1.71733474731445,-8.71196746826172,-7.5,1.71733474731445,-8.71196746826172,-7,1.71733474731445,-8.71196746826172,-6.5,1.71733474731445,-8.71196746826172,-6,1.71733474731445,-8.71196746826172,-5.5,1.71733474731445,-8.71196746826172,-5,1.71733474731445,-8.71196746826172,-4.5,1.71733474731445,-8.71196746826172,-4,1.71733474731445,-8.71196746826172,-3.5,1.71733474731445,-8.71196746826172,-3,1.71733474731445,-8.71196746826172,-2.5,1.71733474731445,-8.71196746826172,-2,1.71733474731445,-8.71196746826172,-1.5,1.71733474731445,-8.71196746826172,-1,1.71733474731445,-8.71196746826172,-0.5,1.71733474731445,-8.71196746826172,0,1.71733474731445,-8.71196746826172,0.5,1.71733474731445,-8.71196746826172,1,1.71733474731445,-8.71196746826172,1.5,1.71733474731445,-8.71196746826172,2,1.71733474731445,-8.71196746826172,2.5,1.71733474731445,-8.71196746826172,3,1.71733474731445,-8.71196746826172,3.5,1.71733474731445,-8.71196746826172,4,1.71733474731445,-8.71196746826172,4.5,1.71733474731445,-8.71196746826172,5,1.71733474731445,-8.71196746826172,5.5,1.71733474731445,-8.71196746826172,6,1.71733474731445,-8.71196746826172,6.5,1.71733474731445,-8.71196746826172,7,1.71733474731445,-8.71196746826172,7.5,1.71733474731445,-8.71196746826172,8,1.71733474731445,-8.71196746826172,-8,1.85194969177246,-8.77163887023926,-7.5,1.85194969177246,-8.77163887023926,
-7,1.85194969177246,-8.77163887023926,-6.5,1.85194969177246,-8.77163887023926,-6,1.85194969177246,-8.77163887023926,-5.5,1.85194969177246,-8.77163887023926,-5,1.85194969177246,-8.77163887023926,-4.5,1.85194969177246,-8.77163887023926,-4,1.85194969177246,-8.77163887023926,-3.5,1.85194969177246,-8.77163887023926,-3,1.85194969177246,-8.77163887023926,-2.5,1.85194969177246,-8.77163887023926,-2,1.85194969177246,-8.77163887023926,-1.5,1.85194969177246,-8.77163887023926,-1,1.85194969177246,-8.77163887023926,-0.5,1.85194969177246,-8.77163887023926,0,1.85194969177246,-8.77163887023926,0.5,1.85194969177246,-8.77163887023926,1,1.85194969177246,-8.77163887023926,1.5,1.85194969177246,-8.77163887023926,2,1.85194969177246,-8.77163887023926,2.5,1.85194969177246,-8.77163887023926,3,1.85194969177246,-8.77163887023926,3.5,1.85194969177246,-8.77163887023926,4,1.85194969177246,-8.77163887023926,4.5,1.85194969177246,-8.77163887023926,5,1.85194969177246,-8.77163887023926,5.5,1.85194969177246,-8.77163887023926,6,1.85194969177246,-8.77163887023926,6.5,1.85194969177246,-8.77163887023926,7,1.85194969177246,-8.77163887023926,7.5,1.85194969177246,-8.77163887023926,8,1.85194969177246,-8.77163887023926,-8,1.98933041095734,-8.82463264465332,-7.5,1.98933041095734,-8.82463264465332,-7,1.98933041095734,-8.82463264465332,-6.5,1.98933041095734,-8.82463264465332,-6,1.98933041095734,-8.82463264465332,-5.5,1.98933041095734,-8.82463264465332,-5,1.98933041095734,-8.82463264465332,-4.5,1.98933041095734,-8.82463264465332,-4,1.98933041095734,-8.82463264465332,-3.5,1.98933041095734,-8.82463264465332,-3,1.98933041095734,-8.82463264465332,-2.5,1.98933041095734,-8.82463264465332,-2,1.98933041095734,-8.82463264465332,-1.5,1.98933041095734,-8.82463264465332,-1,1.98933041095734,-8.82463264465332,-0.5,1.98933041095734,-8.82463264465332,0,1.98933041095734,-8.82463264465332,0.5,1.98933041095734,-8.82463264465332,1,1.98933041095734,-8.82463264465332,1.5,1.98933041095734,-8.82463264465332,2,1.98933041095734,-8.82463264465332,2.5,1.98933041095734,-8.82463264465332,3,1.98933041095734,-8.82463264465332,
3.5,1.98933041095734,-8.82463264465332,4,1.98933041095734,-8.82463264465332,4.5,1.98933041095734,-8.82463264465332,5,1.98933041095734,-8.82463264465332,5.5,1.98933041095734,-8.82463264465332,6,1.98933041095734,-8.82463264465332,6.5,1.98933041095734,-8.82463264465332,7,1.98933041095734,-8.82463264465332,7.5,1.98933041095734,-8.82463264465332,8,1.98933041095734,-8.82463264465332,-8,2.129145860672,-8.87082099914551,-7.5,2.129145860672,-8.87082099914551,-7,2.129145860672,-8.87082099914551,-6.5,2.129145860672,-8.87082099914551,-6,2.129145860672,-8.87082099914551,-5.5,2.129145860672,-8.87082099914551,-5,2.129145860672,-8.87082099914551,-4.5,2.129145860672,-8.87082099914551,-4,2.129145860672,-8.87082099914551,-3.5,2.129145860672,-8.87082099914551,-3,2.129145860672,-8.87082099914551,-2.5,2.129145860672,-8.87082099914551,-2,2.129145860672,-8.87082099914551,-1.5,2.129145860672,-8.87082099914551,-1,2.129145860672,-8.87082099914551,-0.5,2.129145860672,-8.87082099914551,0,2.129145860672,-8.87082099914551,0.5,2.129145860672,-8.87082099914551,1,2.129145860672,-8.87082099914551,1.5,2.129145860672,-8.87082099914551,2,2.129145860672,-8.87082099914551,2.5,2.129145860672,-8.87082099914551,3,2.129145860672,-8.87082099914551,3.5,2.129145860672,-8.87082099914551,4,2.129145860672,-8.87082099914551,4.5,2.129145860672,-8.87082099914551,5,2.129145860672,-8.87082099914551,5.5,2.129145860672,-8.87082099914551,6,2.129145860672,-8.87082099914551,6.5,2.129145860672,-8.87082099914551,7,2.129145860672,-8.87082099914551,7.5,2.129145860672,-8.87082099914551,8,2.129145860672,-8.87082099914551,-8,2.27105951309204,-8.91009330749512,-7.5,2.27105951309204,-8.91009330749512,-7,2.27105951309204,-8.91009330749512,-6.5,2.27105951309204,-8.91009330749512,-6,2.27105951309204,-8.91009330749512,-5.5,2.27105951309204,-8.91009330749512,-5,2.27105951309204,-8.91009330749512,-4.5,2.27105951309204,-8.91009330749512,-4,2.27105951309204,-8.91009330749512,-3.5,2.27105951309204,-8.91009330749512,-3,2.27105951309204,-8.91009330749512,-2.5,2.27105951309204,-8.91009330749512,
-2,2.27105951309204,-8.91009330749512,-1.5,2.27105951309204,-8.91009330749512,-1,2.27105951309204,-8.91009330749512,-0.5,2.27105951309204,-8.91009330749512,0,2.27105951309204,-8.91009330749512,0.5,2.27105951309204,-8.91009330749512,1,2.27105951309204,-8.91009330749512,1.5,2.27105951309204,-8.91009330749512,2,2.27105951309204,-8.91009330749512,2.5,2.27105951309204,-8.91009330749512,3,2.27105951309204,-8.91009330749512,3.5,2.27105951309204,-8.91009330749512,4,2.27105951309204,-8.91009330749512,4.5,2.27105951309204,-8.91009330749512,5,2.27105951309204,-8.91009330749512,5.5,2.27105951309204,-8.91009330749512,6,2.27105951309204,-8.91009330749512,6.5,2.27105951309204,-8.91009330749512,7,2.27105951309204,-8.91009330749512,7.5,2.27105951309204,-8.91009330749512,8,2.27105951309204,-8.91009330749512,-8,2.41472911834717,-8.94235610961914,-7.5,2.41472911834717,-8.94235610961914,-7,2.41472911834717,-8.94235610961914,-6.5,2.41472911834717,-8.94235610961914,-6,2.41472911834717,-8.94235610961914,-5.5,2.41472911834717,-8.94235610961914,-5,2.41472911834717,-8.94235610961914,-4.5,2.41472911834717,-8.94235610961914,-4,2.41472911834717,-8.94235610961914,-3.5,2.41472911834717,-8.94235610961914,-3,2.41472911834717,-8.94235610961914,-2.5,2.41472911834717,-8.94235610961914,-2,2.41472911834717,-8.94235610961914,-1.5,2.41472911834717,-8.94235610961914,-1,2.41472911834717,-8.94235610961914,-0.5,2.41472911834717,-8.94235610961914,0,2.41472911834717,-8.94235610961914,0.5,2.41472911834717,-8.94235610961914,1,2.41472911834717,-8.94235610961914,1.5,2.41472911834717,-8.94235610961914,2,2.41472911834717,-8.94235610961914,2.5,2.41472911834717,-8.94235610961914,3,2.41472911834717,-8.94235610961914,3.5,2.41472911834717,-8.94235610961914,4,2.41472911834717,-8.94235610961914,4.5,2.41472911834717,-8.94235610961914,5,2.41472911834717,-8.94235610961914,5.5,2.41472911834717,-8.94235610961914,6,2.41472911834717,-8.94235610961914,6.5,2.41472911834717,-8.94235610961914,7,2.41472911834717,-8.94235610961914,7.5,2.41472911834717,-8.94235610961914,8,2.41472911834717,-8.94235610961914,
-8,2.55980849266052,-8.967529296875,-7.5,2.55980849266052,-8.967529296875,-7,2.55980849266052,-8.967529296875,-6.5,2.55980849266052,-8.967529296875,-6,2.55980849266052,-8.967529296875,-5.5,2.55980849266052,-8.967529296875,-5,2.55980849266052,-8.967529296875,-4.5,2.55980849266052,-8.967529296875,-4,2.55980849266052,-8.967529296875,-3.5,2.55980849266052,-8.967529296875,-3,2.55980849266052,-8.967529296875,-2.5,2.55980849266052,-8.967529296875,-2,2.55980849266052,-8.967529296875,-1.5,2.55980849266052,-8.967529296875,-1,2.55980849266052,-8.967529296875,-0.5,2.55980849266052,-8.967529296875,0,2.55980849266052,-8.967529296875,0.5,2.55980849266052,-8.967529296875,1,2.55980849266052,-8.967529296875,1.5,2.55980849266052,-8.967529296875,2,2.55980849266052,-8.967529296875,2.5,2.55980849266052,-8.967529296875,3,2.55980849266052,-8.967529296875,3.5,2.55980849266052,-8.967529296875,4,2.55980849266052,-8.967529296875,4.5,2.55980849266052,-8.967529296875,5,2.55980849266052,-8.967529296875,5.5,2.55980849266052,-8.967529296875,6,2.55980849266052,-8.967529296875,6.5,2.55980849266052,-8.967529296875,7,2.55980849266052,-8.967529296875,7.5,2.55980849266052,-8.967529296875,8,2.55980849266052,-8.967529296875,-8,2.7059485912323,-8.98555374145508,-7.5,2.7059485912323,-8.98555374145508,-7,2.7059485912323,-8.98555374145508,-6.5,2.7059485912323,-8.98555374145508,-6,2.7059485912323,-8.98555374145508,-5.5,2.7059485912323,-8.98555374145508,-5,2.7059485912323,-8.98555374145508,-4.5,2.7059485912323,-8.98555374145508,-4,2.7059485912323,-8.98555374145508,-3.5,2.7059485912323,-8.98555374145508,-3,2.7059485912323,-8.98555374145508,-2.5,2.7059485912323,-8.98555374145508,-2,2.7059485912323,-8.98555374145508,-1.5,2.7059485912323,-8.98555374145508,-1,2.7059485912323,-8.98555374145508,-0.5,2.7059485912323,-8.98555374145508,0,2.7059485912323,-8.98555374145508,0.5,2.7059485912323,-8.98555374145508,1,2.7059485912323,-8.98555374145508,1.5,2.7059485912323,-8.98555374145508,2,2.7059485912323,-8.98555374145508,2.5,2.7059485912323,-8.98555374145508,3,2.7059485912323,-8.98555374145508,
3.5,2.7059485912323,-8.98555374145508,4,2.7059485912323,-8.98555374145508,4.5,2.7059485912323,-8.98555374145508,5,2.7059485912323,-8.98555374145508,5.5,2.7059485912323,-8.98555374145508,6,2.7059485912323,-8.98555374145508,6.5,2.7059485912323,-8.98555374145508,7,2.7059485912323,-8.98555374145508,7.5,2.7059485912323,-8.98555374145508,8,2.7059485912323,-8.98555374145508,-8,2.85279703140259,-8.99638652801514,-7.5,2.85279703140259,-8.99638652801514,-7,2.85279703140259,-8.99638652801514,-6.5,2.85279703140259,-8.99638652801514,-6,2.85279703140259,-8.99638652801514,-5.5,2.85279703140259,-8.99638652801514,-5,2.85279703140259,-8.99638652801514,-4.5,2.85279703140259,-8.99638652801514,-4,2.85279703140259,-8.99638652801514,-3.5,2.85279703140259,-8.99638652801514,-3,2.85279703140259,-8.99638652801514,-2.5,2.85279703140259,-8.99638652801514,-2,2.85279703140259,-8.99638652801514,-1.5,2.85279703140259,-8.99638652801514,-1,2.85279703140259,-8.99638652801514,-0.5,2.85279703140259,-8.99638652801514,0,2.85279703140259,-8.99638652801514,0.5,2.85279703140259,-8.99638652801514,1,2.85279703140259,-8.99638652801514,1.5,2.85279703140259,-8.99638652801514,2,2.85279703140259,-8.99638652801514,2.5,2.85279703140259,-8.99638652801514,3,2.85279703140259,-8.99638652801514,3.5,2.85279703140259,-8.99638652801514,4,2.85279703140259,-8.99638652801514,4.5,2.85279703140259,-8.99638652801514,5,2.85279703140259,-8.99638652801514,5.5,2.85279703140259,-8.99638652801514,6,2.85279703140259,-8.99638652801514,6.5,2.85279703140259,-8.99638652801514,7,2.85279703140259,-8.99638652801514,7.5,2.85279703140259,-8.99638652801514,8,2.85279703140259,-8.99638652801514,-8,3,-9,-7.5,3,-9,-7,3,-9,-6.5,3,-9,-6,3,-9,-5.5,3,-9,-5,3,-9,-4.5,3,-9,-4,3,-9,-3.5,3,-9,-3,3,-9,-2.5,3,-9,-2,3,-9,-1.5,3,-9,-1,3,-9,-0.5,3,-9,0,3,-9,0.5,3,-9,1,3,-9,1.5,3,-9,2,3,-9,2.5,3,-9,3,3,-9,3.5,3,-9,4,3,-9,4.5,3,-9,5,3,-9,5.5,3,-9,6,3,-9,6.5,3,-9,7,3,-9,7.5,3,-9,8,3,-9,-8,3.5,-9,-7.5,3.5,-9,-7,3.5,-9,-6.5,3.5,-9,-6,3.5,-9,-5.5,3.5,-9,-5,3.5,-9,-4.5,3.5,-9,-4,3.5,-9,-3.5,3.5,-9,-3,3.5,-9,-2.5,3.5,-9,
-2,3.5,-9,-1.5,3.5,-9,-1,3.5,-9,-0.5,3.5,-9,0,3.5,-9,0.5,3.5,-9,1,3.5,-9,1.5,3.5,-9,2,3.5,-9,2.5,3.5,-9,3,3.5,-9,3.5,3.5,-9,4,3.5,-9,4.5,3.5,-9,5,3.5,-9,5.5,3.5,-9,6,3.5,-9,6.5,3.5,-9,7,3.5,-9,7.5,3.5,-9,8,3.5,-9,-8,4,-9,-7.5,4,-9,-7,4,-9,-6.5,4,-9,-6,4,-9,-5.5,4,-9,-5,4,-9,-4.5,4,-9,-4,4,-9,-3.5,4,-9,-3,4,-9,-2.5,4,-9,-2,4,-9,-1.5,4,-9,-1,4,-9,-0.5,4,-9,0,4,-9,0.5,4,-9,1,4,-9,1.5,4,-9,2,4,-9,2.5,4,-9,3,4,-9,3.5,4,-9,4,4,-9,4.5,4,-9,5,4,-9,5.5,4,-9,6,4,-9,6.5,4,-9,7,4,-9,7.5,4,-9,8,4,-9,-8,4.5,-9,-7.5,4.5,-9,-7,4.5,-9,-6.5,4.5,-9,-6,4.5,-9,-5.5,4.5,-9,-5,4.5,-9,-4.5,4.5,-9,-4,4.5,-9,-3.5,4.5,-9,-3,4.5,-9,-2.5,4.5,-9,-2,4.5,-9,-1.5,4.5,-9,-1,4.5,-9,-0.5,4.5,-9,0,4.5,-9,0.5,4.5,-9,1,4.5,-9,1.5,4.5,-9,2,4.5,-9,2.5,4.5,-9,3,4.5,-9,3.5,4.5,-9,4,4.5,-9,4.5,4.5,-9,5,4.5,-9,5.5,4.5,-9,6,4.5,-9,6.5,4.5,-9,7,4.5,-9,7.5,4.5,-9,8,4.5,-9,-8,5,-9,-7.5,5,-9,-7,5,-9,-6.5,5,-9,-6,5,-9,-5.5,5,-9,-5,5,-9,-4.5,5,-9,-4,5,-9,-3.5,5,-9,-3,5,-9,-2.5,5,-9,-2,5,-9,-1.5,5,-9,-1,5,-9,-0.5,5,-9,0,5,-9,0.5,5,-9,1,5,-9,1.5,5,-9,2,5,-9,2.5,5,-9,3,5,-9,3.5,5,-9,4,5,-9,4.5,5,-9,5,5,-9,5.5,5,-9,6,5,-9,6.5,5,-9,7,5,-9,7.5,5,-9,8,5,-9,-8,5.5,-9,-7.5,5.5,-9,-7,5.5,-9,-6.5,5.5,-9,-6,5.5,-9,-5.5,5.5,-9,-5,5.5,-9,-4.5,5.5,-9,-4,5.5,-9,-3.5,5.5,-9,-3,5.5,-9,-2.5,5.5,-9,-2,5.5,-9,-1.5,5.5,-9,-1,5.5,-9,-0.5,5.5,-9,0,5.5,-9,0.5,5.5,-9,1,5.5,-9,1.5,5.5,-9,2,5.5,-9,2.5,5.5,-9,3,5.5,-9,3.5,5.5,-9,4,5.5,-9,4.5,5.5,-9,5,5.5,-9,5.5,5.5,-9,6,5.5,-9,6.5,5.5,-9,7,5.5,-9,7.5,5.5,-9,8,5.5,-9,-8,6,-9,-7.5,6,-9,-7,6,-9,-6.5,6,-9,-6,6,-9,-5.5,6,-9,-5,6,-9,-4.5,6,-9,-4,6,-9,-3.5,6,-9,-3,6,-9,-2.5,6,-9,-2,6,-9,-1.5,6,-9,-1,6,-9,-0.5,6,-9,0,6,-9,0.5,6,-9,1,6,-9,1.5,6,-9,2,6,-9,2.5,6,-9,3,6,-9,3.5,6,-9,4,6,-9,4.5,6,-9,5,6,-9,5.5,6,-9,6,6,-9,6.5,6,-9,7,6,-9,7.5,6,-9,8,6,-9,-8,6.5,-9,-7.5,6.5,-9,-7,6.5,-9,-6.5,6.5,-9,-6,6.5,-9,-5.5,6.5,-9,-5,6.5,-9,-4.5,6.5,-9,-4,6.5,-9,-3.5,6.5,-9,-3,6.5,-9,-2.5,6.5,-9,-2,6.5,-9,-1.5,6.5,-9,-1,6.5,-9,-0.5,6.5,-9,0,6.5,-9,0.5,6.5,-9,1,6.5,-9,1.5,6.5,-9,2,6.5,-9,2.5,6.5,-9,3,6.5,-9,3.5,6.5,-9,4,6.5,-9,4.5,6.5,-9,5,6.5,-9,5.5,6.5,-9,6,6.5,-9,6.5,6.5,-9,
7,6.5,-9,7.5,6.5,-9,8,6.5,-9,-8,7,-9,-7.5,7,-9,-7,7,-9,-6.5,7,-9,-6,7,-9,-5.5,7,-9,-5,7,-9,-4.5,7,-9,-4,7,-9,-3.5,7,-9,-3,7,-9,-2.5,7,-9,-2,7,-9,-1.5,7,-9,-1,7,-9,-0.5,7,-9,0,7,-9,0.5,7,-9,1,7,-9,1.5,7,-9,2,7,-9,2.5,7,-9,3,7,-9,3.5,7,-9,4,7,-9,4.5,7,-9,5,7,-9,5.5,7,-9,6,7,-9,6.5,7,-9,7,7,-9,7.5,7,-9,8,7,-9
		} 
		PolygonVertexIndex: *6400 {
			a: 1,34,33,-1,2,35,34,-2,3,36,35,-3,4,37,36,-4,5,38,37,-5,6,39,38,-6,7,40,39,-7,8,41,40,-8,9,42,41,-9,10,43,42,-10,11,44,43,-11,12,45,44,-12,13,46,45,-13,14,47,46,-14,15,48,47,-15,16,49,48,-16,17,50,49,-17,18,51,50,-18,19,52,51,-19,20,53,52,-20,21,54,53,-21,22,55,54,-22,23,56,55,-23,24,57,56,-24,25,58,57,-25,26,59,58,-26,27,60,59,-27,28,61,60,-28,29,62,61,-29,30,63,62,-30,31,64,63,-31,32,65,64,-32,34,67,66,-34,35,68,67,-35,36,69,68,-36,37,70,69,-37,38,71,70,-38,39,72,71,-39,40,73,72,-40,41,74,73,-41,42,75,74,-42,43,76,75,-43,44,77,76,-44,45,78,77,-45,46,79,78,-46,47,80,79,-47,48,81,80,-48,49,82,81,-49,50,83,82,-50,51,84,83,-51,52,85,84,-52,53,86,85,-53,54,87,86,-54,55,88,87,-55,56,89,88,-56,57,90,89,-57,58,91,90,-58,59,92,91,-59,60,93,92,-60,61,94,93,-61,62,95,94,-62,63,96,95,-63,64,97,96,-64,65,98,97,-65,67,100,99,-67,68,101,100,-68,69,102,101,-69,70,103,102,-70,71,104,103,-71,72,105,104,-72,73,106,105,-73,74,107,106,-74,75,108,107,-75,76,109,108,-76,77,110,109,-77,78,111,110,-78,79,112,111,-79,80,113,112,-80,81,114,113,-81,82,115,114,-82,83,116,115,-83,84,117,116,-84,85,118,117,-85,86,119,118,-86,87,120,119,-87,88,121,120,-88,89,122,121,-89,90,123,122,-90,91,124,123,-91,92,125,124,-92,93,126,125,-93,94,127,126,-94,95,128,127,-95,96,129,128,-96,97,130,129,-97,98,131,130,-98,100,133,132,-100,101,134,133,-101,102,135,134,-102,103,136,135,-103,104,137,136,-104,105,138,137,-105,106,139,138,-106,107,140,139,-107,108,141,140,-108,109,142,141,-109,110,143,142,-110,111,144,143,-111,112,145,144,-112,113,146,145,-113,114,147,146,-114,115,148,147,-115,116,149,148,-116,117,150,149,-117,118,151,150,-118,119,152,151,-119,120,153,152,-120,121,154,153,-121,122,155,154,-122,123,156,155,-123,124,157,156,-124,125,158,157,-125,126,159,158,-126,127,160,159,-127,128,161,160,-128,129,162,161,-129,130,163,162,-130,131,164,163,-131,133,166,165,-133,134,167,166,-134,135,168,167,-135,136,169,168,-136,137,170,169,-137,138,171,170,-138,139,172,171,-139,140,173,172,-140,141,174,173,-141,142,175,174,-142,143,176,175,-143,144,177,
176,-144,145,178,177,-145,146,179,178,-146,147,180,179,-147,148,181,180,-148,149,182,181,-149,150,183,182,-150,151,184,183,-151,152,185,184,-152,153,186,185,-153,154,187,186,-154,155,188,187,-155,156,189,188,-156,157,190,189,-157,158,191,190,-158,159,192,191,-159,160,193,192,-160,161,194,193,-161,162,195,194,-162,163,196,195,-163,164,197,196,-164,166,199,198,-166,167,200,199,-167,168,201,200,-168,169,202,201,-169,170,203,202,-170,171,204,203,-171,172,205,204,-172,173,206,205,-173,174,207,206,-174,175,208,207,-175,176,209,208,-176,177,210,209,-177,178,211,210,-178,179,212,211,-179,180,213,212,-180,181,214,213,-181,182,215,214,-182,183,216,215,-183,184,217,216,-184,185,218,217,-185,186,219,218,-186,187,220,219,-187,188,221,220,-188,189,222,221,-189,190,223,222,-190,191,224,223,-191,192,225,224,-192,193,226,225,-193,194,227,226,-194,195,228,227,-195,196,229,228,-196,197,230,229,-197,199,232,231,-199,200,233,232,-200,201,234,233,-201,202,235,234,-202,203,236,235,-203,204,237,236,-204,205,238,237,-205,206,239,238,-206,207,240,239,-207,208,241,240,-208,209,242,241,-209,210,243,242,-210,211,244,243,-211,212,245,244,-212,213,246,245,-213,214,247,246,-214,215,248,247,-215,216,249,248,-216,217,250,249,-217,218,251,250,-218,219,252,251,-219,220,253,252,-220,221,254,253,-221,222,255,254,-222,223,256,255,-223,224,257,256,-224,225,258,257,-225,226,259,258,-226,227,260,259,-227,228,261,260,-228,229,262,261,-229,230,263,262,-230,232,265,264,-232,233,266,265,-233,234,267,266,-234,235,268,267,-235,236,269,268,-236,237,270,269,-237,238,271,270,-238,239,272,271,-239,240,273,272,-240,241,274,273,-241,242,275,274,-242,243,276,275,-243,244,277,276,-244,245,278,277,-245,246,279,278,-246,247,280,279,-247,248,281,280,-248,249,282,281,-249,250,283,282,-250,251,284,283,-251,252,285,284,-252,253,286,285,-253,254,287,286,-254,255,288,287,-255,256,289,288,-256,257,290,289,-257,258,291,290,-258,259,292,291,-259,260,293,292,-260,261,294,293,-261,262,295,294,-262,263,296,295,-263,265,298,297,-265,266,299,298,-266,267,300,299,-267,268,301,300,-268,
269,302,301,-269,270,303,302,-270,271,304,303,-271,272,305,304,-272,273,306,305,-273,274,307,306,-274,275,308,307,-275,276,309,308,-276,277,310,309,-277,278,311,310,-278,279,312,311,-279,280,313,312,-280,281,314,313,-281,282,315,314,-282,283,316,315,-283,284,317,316,-284,285,318,317,-285,286,319,318,-286,287,320,319,-287,288,321,320,-288,289,322,321,-289,290,323,322,-290,291,324,323,-291,292,325,324,-292,293,326,325,-293,294,327,326,-294,295,328,327,-295,296,329,328,-296,298,331,330,-298,299,332,331,-299,300,333,332,-300,301,334,333,-301,302,335,334,-302,303,336,335,-303,304,337,336,-304,305,338,337,-305,306,339,338,-306,307,340,339,-307,308,341,340,-308,309,342,341,-309,310,343,342,-310,311,344,343,-311,312,345,344,-312,313,346,345,-313,314,347,346,-314,315,348,347,-315,316,349,348,-316,317,350,349,-317,318,351,350,-318,319,352,351,-319,320,353,352,-320,321,354,353,-321,322,355,354,-322,323,356,355,-323,324,357,356,-324,325,358,357,-325,326,359,358,-326,327,360,359,-327,328,361,360,-328,329,362,361,-329,331,364,363,-331,332,365,364,-332,333,366,365,-333,334,367,366,-334,335,368,367,-335,336,369,368,-336,337,370,369,-337,338,371,370,-338,339,372,371,-339,340,373,372,-340,341,374,373,-341,342,375,374,-342,343,376,375,-343,344,377,376,-344,345,378,377,-345,346,379,378,-346,347,380,379,-347,348,381,380,-348,349,382,381,-349,350,383,382,-350,351,384,383,-351,352,385,384,-352,353,386,385,-353,354,387,386,-354,355,388,387,-355,356,389,388,-356,357,390,389,-357,358,391,390,-358,359,392,391,-359,360,393,392,-360,361,394,393,-361,362,395,394,-362,364,397,396,-364,365,398,397,-365,366,399,398,-366,367,400,399,-367,368,401,400,-368,369,402,401,-369,370,403,402,-370,371,404,403,-371,372,405,404,-372,373,406,405,-373,374,407,406,-374,375,408,407,-375,376,409,408,-376,377,410,409,-377,378,411,410,-378,379,412,411,-379,380,413,412,-380,381,414,413,-381,382,415,414,-382,383,416,415,-383,384,417,416,-384,385,418,417,-385,386,419,418,-386,387,420,419,-387,388,421,420,-388,389,422,421,-389,390,423,422,-390,391,424,423,-391,392,425,424,
-392,393,426,425,-393,394,427,426,-394,395,428,427,-395,397,430,429,-397,398,431,430,-398,399,432,431,-399,400,433,432,-400,401,434,433,-401,402,435,434,-402,403,436,435,-403,404,437,436,-404,405,438,437,-405,406,439,438,-406,407,440,439,-407,408,441,440,-408,409,442,441,-409,410,443,442,-410,411,444,443,-411,412,445,444,-412,413,446,445,-413,414,447,446,-414,415,448,447,-415,416,449,448,-416,417,450,449,-417,418,451,450,-418,419,452,451,-419,420,453,452,-420,421,454,453,-421,422,455,454,-422,423,456,455,-423,424,457,456,-424,425,458,457,-425,426,459,458,-426,427,460,459,-427,428,461,460,-428,430,463,462,-430,431,464,463,-431,432,465,464,-432,433,466,465,-433,434,467,466,-434,435,468,467,-435,436,469,468,-436,437,470,469,-437,438,471,470,-438,439,472,471,-439,440,473,472,-440,441,474,473,-441,442,475,474,-442,443,476,475,-443,444,477,476,-444,445,478,477,-445,446,479,478,-446,447,480,479,-447,448,481,480,-448,449,482,481,-449,450,483,482,-450,451,484,483,-451,452,485,484,-452,453,486,485,-453,454,487,486,-454,455,488,487,-455,456,489,488,-456,457,490,489,-457,458,491,490,-458,459,492,491,-459,460,493,492,-460,461,494,493,-461,463,496,495,-463,464,497,496,-464,465,498,497,-465,466,499,498,-466,467,500,499,-467,468,501,500,-468,469,502,501,-469,470,503,502,-470,471,504,503,-471,472,505,504,-472,473,506,505,-473,474,507,506,-474,475,508,507,-475,476,509,508,-476,477,510,509,-477,478,511,510,-478,479,512,511,-479,480,513,512,-480,481,514,513,-481,482,515,514,-482,483,516,515,-483,484,517,516,-484,485,518,517,-485,486,519,518,-486,487,520,519,-487,488,521,520,-488,489,522,521,-489,490,523,522,-490,491,524,523,-491,492,525,524,-492,493,526,525,-493,494,527,526,-494,496,529,528,-496,497,530,529,-497,498,531,530,-498,499,532,531,-499,500,533,532,-500,501,534,533,-501,502,535,534,-502,503,536,535,-503,504,537,536,-504,505,538,537,-505,506,539,538,-506,507,540,539,-507,508,541,540,-508,509,542,541,-509,510,543,542,-510,511,544,543,-511,512,545,544,-512,513,546,545,-513,514,547,546,-514,515,548,547,-515,516,549,548,-516,517,
550,549,-517,518,551,550,-518,519,552,551,-519,520,553,552,-520,521,554,553,-521,522,555,554,-522,523,556,555,-523,524,557,556,-524,525,558,557,-525,526,559,558,-526,527,560,559,-527,529,562,561,-529,530,563,562,-530,531,564,563,-531,532,565,564,-532,533,566,565,-533,534,567,566,-534,535,568,567,-535,536,569,568,-536,537,570,569,-537,538,571,570,-538,539,572,571,-539,540,573,572,-540,541,574,573,-541,542,575,574,-542,543,576,575,-543,544,577,576,-544,545,578,577,-545,546,579,578,-546,547,580,579,-547,548,581,580,-548,549,582,581,-549,550,583,582,-550,551,584,583,-551,552,585,584,-552,553,586,585,-553,554,587,586,-554,555,588,587,-555,556,589,588,-556,557,590,589,-557,558,591,590,-558,559,592,591,-559,560,593,592,-560,562,595,594,-562,563,596,595,-563,564,597,596,-564,565,598,597,-565,566,599,598,-566,567,600,599,-567,568,601,600,-568,569,602,601,-569,570,603,602,-570,571,604,603,-571,572,605,604,-572,573,606,605,-573,574,607,606,-574,575,608,607,-575,576,609,608,-576,577,610,609,-577,578,611,610,-578,579,612,611,-579,580,613,612,-580,581,614,613,-581,582,615,614,-582,583,616,615,-583,584,617,616,-584,585,618,617,-585,586,619,618,-586,587,620,619,-587,588,621,620,-588,589,622,621,-589,590,623,622,-590,591,624,623,-591,592,625,624,-592,593,626,625,-593,595,628,627,-595,596,629,628,-596,597,630,629,-597,598,631,630,-598,599,632,631,-599,600,633,632,-600,601,634,633,-601,602,635,634,-602,603,636,635,-603,604,637,636,-604,605,638,637,-605,606,639,638,-606,607,640,639,-607,608,641,640,-608,609,642,641,-609,610,643,642,-610,611,644,643,-611,612,645,644,-612,613,646,645,-613,614,647,646,-614,615,648,647,-615,616,649,648,-616,617,650,649,-617,618,651,650,-618,619,652,651,-619,620,653,652,-620,621,654,653,-621,622,655,654,-622,623,656,655,-623,624,657,656,-624,625,658,657,-625,626,659,658,-626,628,661,660,-628,629,662,661,-629,630,663,662,-630,631,664,663,-631,632,665,664,-632,633,666,665,-633,634,667,666,-634,635,668,667,-635,636,669,668,-636,637,670,669,-637,638,671,670,-638,639,672,671,-639,640,673,672,-640,641,674,673,-641,
642,675,674,-642,643,676,675,-643,644,677,676,-644,645,678,677,-645,646,679,678,-646,647,680,679,-647,648,681,680,-648,649,682,681,-649,650,683,682,-650,651,684,683,-651,652,685,684,-652,653,686,685,-653,654,687,686,-654,655,688,687,-655,656,689,688,-656,657,690,689,-657,658,691,690,-658,659,692,691,-659,661,694,693,-661,662,695,694,-662,663,696,695,-663,664,697,696,-664,665,698,697,-665,666,699,698,-666,667,700,699,-667,668,701,700,-668,669,702,701,-669,670,703,702,-670,671,704,703,-671,672,705,704,-672,673,706,705,-673,674,707,706,-674,675,708,707,-675,676,709,708,-676,677,710,709,-677,678,711,710,-678,679,712,711,-679,680,713,712,-680,681,714,713,-681,682,715,714,-682,683,716,715,-683,684,717,716,-684,685,718,717,-685,686,719,718,-686,687,720,719,-687,688,721,720,-688,689,722,721,-689,690,723,722,-690,691,724,723,-691,692,725,724,-692,694,727,726,-694,695,728,727,-695,696,729,728,-696,697,730,729,-697,698,731,730,-698,699,732,731,-699,700,733,732,-700,701,734,733,-701,702,735,734,-702,703,736,735,-703,704,737,736,-704,705,738,737,-705,706,739,738,-706,707,740,739,-707,708,741,740,-708,709,742,741,-709,710,743,742,-710,711,744,743,-711,712,745,744,-712,713,746,745,-713,714,747,746,-714,715,748,747,-715,716,749,748,-716,717,750,749,-717,718,751,750,-718,719,752,751,-719,720,753,752,-720,721,754,753,-721,722,755,754,-722,723,756,755,-723,724,757,756,-724,725,758,757,-725,727,760,759,-727,728,761,760,-728,729,762,761,-729,730,763,762,-730,731,764,763,-731,732,765,764,-732,733,766,765,-733,734,767,766,-734,735,768,767,-735,736,769,768,-736,737,770,769,-737,738,771,770,-738,739,772,771,-739,740,773,772,-740,741,774,773,-741,742,775,774,-742,743,776,775,-743,744,777,776,-744,745,778,777,-745,746,779,778,-746,747,780,779,-747,748,781,780,-748,749,782,781,-749,750,783,782,-750,751,784,783,-751,752,785,784,-752,753,786,785,-753,754,787,786,-754,755,788,787,-755,756,789,788,-756,757,790,789,-757,758,791,790,-758,760,793,792,-760,761,794,793,-761,762,795,794,-762,763,796,795,-763,764,797,796,-764,765,798,797,-765,766,799,798,
-766,767,800,799,-767,768,801,800,-768,769,802,801,-769,770,803,802,-770,771,804,803,-771,772,805,804,-772,773,806,805,-773,774,807,806,-774,775,808,807,-775,776,809,808,-776,777,810,809,-777,778,811,810,-778,779,812,811,-779,780,813,812,-780,781,814,813,-781,782,815,814,-782,783,816,815,-783,784,817,816,-784,785,818,817,-785,786,819,818,-786,787,820,819,-787,788,821,820,-788,789,822,821,-789,790,823,822,-790,791,824,823,-791,793,826,825,-793,794,827,826,-794,795,828,827,-795,796,829,828,-796,797,830,829,-797,798,831,830,-798,799,832,831,-799,800,833,832,-800,801,834,833,-801,802,835,834,-802,803,836,835,-803,804,837,836,-804,805,838,837,-805,806,839,838,-806,807,840,839,-807,808,841,840,-808,809,842,841,-809,810,843,842,-810,811,844,843,-811,812,845,844,-812,813,846,845,-813,814,847,846,-814,815,848,847,-815,816,849,848,-816,817,850,849,-817,818,851,850,-818,819,852,851,-819,820,853,852,-820,821,854,853,-821,822,855,854,-822,823,856,855,-823,824,857,856,-824,826,859,858,-826,827,860,859,-827,828,861,860,-828,829,862,861,-829,830,863,862,-830,831,864,863,-831,832,865,864,-832,833,866,865,-833,834,867,866,-834,835,868,867,-835,836,869,868,-836,837,870,869,-837,838,871,870,-838,839,872,871,-839,840,873,872,-840,841,874,873,-841,842,875,874,-842,843,876,875,-843,844,877,876,-844,845,878,877,-845,846,879,878,-846,847,880,879,-847,848,881,880,-848,849,882,881,-849,850,883,882,-850,851,884,883,-851,852,885,884,-852,853,886,885,-853,854,887,886,-854,855,888,887,-855,856,889,888,-856,857,890,889,-857,859,892,891,-859,860,893,892,-860,861,894,893,-861,862,895,894,-862,863,896,895,-863,864,897,896,-864,865,898,897,-865,866,899,898,-866,867,900,899,-867,868,901,900,-868,869,902,901,-869,870,903,902,-870,871,904,903,-871,872,905,904,-872,873,906,905,-873,874,907,906,-874,875,908,907,-875,876,909,908,-876,877,910,909,-877,878,911,910,-878,879,912,911,-879,880,913,912,-880,881,914,913,-881,882,915,914,-882,883,916,915,-883,884,917,916,-884,885,918,917,-885,886,919,918,-886,887,920,919,-887,888,921,920,-888,889,922,921,-889,890,
923,922,-890,892,925,924,-892,893,926,925,-893,894,927,926,-894,895,928,927,-895,896,929,928,-896,897,930,929,-897,898,931,930,-898,899,932,931,-899,900,933,932,-900,901,934,933,-901,902,935,934,-902,903,936,935,-903,904,937,936,-904,905,938,937,-905,906,939,938,-906,907,940,939,-907,908,941,940,-908,909,942,941,-909,910,943,942,-910,911,944,943,-911,912,945,944,-912,913,946,945,-913,914,947,946,-914,915,948,947,-915,916,949,948,-916,917,950,949,-917,918,951,950,-918,919,952,951,-919,920,953,952,-920,921,954,953,-921,922,955,954,-922,923,956,955,-923,925,958,957,-925,926,959,958,-926,927,960,959,-927,928,961,960,-928,929,962,961,-929,930,963,962,-930,931,964,963,-931,932,965,964,-932,933,966,965,-933,934,967,966,-934,935,968,967,-935,936,969,968,-936,937,970,969,-937,938,971,970,-938,939,972,971,-939,940,973,972,-940,941,974,973,-941,942,975,974,-942,943,976,975,-943,944,977,976,-944,945,978,977,-945,946,979,978,-946,947,980,979,-947,948,981,980,-948,949,982,981,-949,950,983,982,-950,951,984,983,-951,952,985,984,-952,953,986,985,-953,954,987,986,-954,955,988,987,-955,956,989,988,-956,958,991,990,-958,959,992,991,-959,960,993,992,-960,961,994,993,-961,962,995,994,-962,963,996,995,-963,964,997,996,-964,965,998,997,-965,966,999,998,-966,967,1000,999,-967,968,1001,1000,-968,969,1002,1001,-969,970,1003,1002,-970,971,1004,1003,-971,972,1005,1004,-972,973,1006,1005,-973,974,1007,1006,-974,975,1008,1007,-975,976,1009,1008,-976,977,1010,1009,-977,978,1011,1010,-978,979,1012,1011,-979,980,1013,1012,-980,981,1014,1013,-981,982,1015,1014,-982,983,1016,1015,-983,984,1017,1016,-984,985,1018,1017,-985,986,1019,1018,-986,987,1020,1019,-987,988,1021,1020,-988,989,1022,1021,-989,991,1024,1023,-991,992,1025,1024,-992,993,1026,1025,-993,994,1027,1026,-994,995,1028,1027,-995,996,1029,1028,-996,997,1030,1029,-997,998,1031,1030,-998,999,1032,1031,-999,1000,1033,1032,-1000,1001,1034,1033,-1001,1002,1035,1034,-1002,1003,1036,1035,-1003,1004,1037,1036,-1004,1005,1038,1037,-1005,1006,1039,1038,-1006,1007,1040,1039,-1007,1008,1041,1040,-1008,
1009,1042,1041,-1009,1010,1043,1042,-1010,1011,1044,1043,-1011,1012,1045,1044,-1012,1013,1046,1045,-1013,1014,1047,1046,-1014,1015,1048,1047,-1015,1016,1049,1048,-1016,1017,1050,1049,-1017,1018,1051,1050,-1018,1019,1052,1051,-1019,1020,1053,1052,-1020,1021,1054,1053,-1021,1022,1055,1054,-1022,1024,1057,1056,-1024,1025,1058,1057,-1025,1026,1059,1058,-1026,1027,1060,1059,-1027,1028,1061,1060,-1028,1029,1062,1061,-1029,1030,1063,1062,-1030,1031,1064,1063,-1031,1032,1065,1064,-1032,1033,1066,1065,-1033,1034,1067,1066,-1034,1035,1068,1067,-1035,1036,1069,1068,-1036,1037,1070,1069,-1037,1038,1071,1070,-1038,1039,1072,1071,-1039,1040,1073,1072,-1040,1041,1074,1073,-1041,1042,1075,1074,-1042,1043,1076,1075,-1043,1044,1077,1076,-1044,1045,1078,1077,-1045,1046,1079,1078,-1046,1047,1080,1079,-1047,1048,1081,1080,-1048,1049,1082,1081,-1049,1050,1083,1082,-1050,1051,1084,1083,-1051,1052,1085,1084,-1052,1053,1086,1085,-1053,1054,1087,1086,-1054,1055,1088,1087,-1055,1057,1090,1089,-1057,1058,1091,1090,-1058,1059,1092,1091,-1059,1060,1093,1092,-1060,1061,1094,1093,-1061,1062,1095,1094,-1062,1063,1096,1095,-1063,1064,1097,1096,-1064,1065,1098,1097,-1065,1066,1099,1098,-1066,1067,1100,1099,-1067,1068,1101,1100,-1068,1069,1102,1101,-1069,1070,1103,1102,-1070,1071,1104,1103,-1071,1072,1105,1104,-1072,1073,1106,1105,-1073,1074,1107,1106,-1074,1075,1108,1107,-1075,1076,1109,1108,-1076,1077,1110,1109,-1077,1078,1111,1110,-1078,1079,1112,1111,-1079,1080,1113,1112,-1080,1081,1114,1113,-1081,1082,1115,1114,-1082,1083,1116,1115,-1083,1084,1117,1116,-1084,1085,1118,1117,-1085,1086,1119,1118,-1086,1087,1120,1119,-1087,1088,1121,1120,-1088,1090,1123,1122,-1090,1091,1124,1123,-1091,1092,1125,1124,-1092,1093,1126,1125,-1093,1094,1127,1126,-1094,1095,1128,1127,-1095,1096,1129,1128,-1096,1097,1130,1129,-1097,1098,1131,1130,-1098,1099,1132,1131,-1099,1100,1133,1132,-1100,1101,1134,1133,-1101,1102,1135,1134,-1102,1103,1136,1135,-1103,1104,1137,1136,-1104,1105,1138,1137,-1105,1106,1139,1138,-1106,1107,1140,1139,-1107,1108,1141,1140,-1108,1109,1142,1141,
-1109,1110,1143,1142,-1110,1111,1144,1143,-1111,1112,1145,1144,-1112,1113,1146,1145,-1113,1114,1147,1146,-1114,1115,1148,1147,-1115,1116,1149,1148,-1116,1117,1150,1149,-1117,1118,1151,1150,-1118,1119,1152,1151,-1119,1120,1153,1152,-1120,1121,1154,1153,-1121,1123,1156,1155,-1123,1124,1157,1156,-1124,1125,1158,1157,-1125,1126,1159,1158,-1126,1127,1160,1159,-1127,1128,1161,1160,-1128,1129,1162,1161,-1129,1130,1163,1162,-1130,1131,1164,1163,-1131,1132,1165,1164,-1132,1133,1166,1165,-1133,1134,1167,1166,-1134,1135,1168,1167,-1135,1136,1169,1168,-1136,1137,1170,1169,-1137,1138,1171,1170,-1138,1139,1172,1171,-1139,1140,1173,1172,-1140,1141,1174,1173,-1141,1142,1175,1174,-1142,1143,1176,1175,-1143,1144,1177,1176,-1144,1145,1178,1177,-1145,1146,1179,1178,-1146,1147,1180,1179,-1147,1148,1181,1180,-1148,1149,1182,1181,-1149,1150,1183,1182,-1150,1151,1184,1183,-1151,1152,1185,1184,-1152,1153,1186,1185,-1153,1154,1187,1186,-1154,1156,1189,1188,-1156,1157,1190,1189,-1157,1158,1191,1190,-1158,1159,1192,1191,-1159,1160,1193,1192,-1160,1161,1194,1193,-1161,1162,1195,1194,-1162,1163,1196,1195,-1163,1164,1197,1196,-1164,1165,1198,1197,-1165,1166,1199,1198,-1166,1167,1200,1199,-1167,1168,1201,1200,-1168,1169,1202,1201,-1169,1170,1203,1202,-1170,1171,1204,1203,-1171,1172,1205,1204,-1172,1173,1206,1205,-1173,1174,1207,1206,-1174,1175,1208,1207,-1175,1176,1209,1208,-1176,1177,1210,1209,-1177,1178,1211,1210,-1178,1179,1212,1211,-1179,1180,1213,1212,-1180,1181,1214,1213,-1181,1182,1215,1214,-1182,1183,1216,1215,-1183,1184,1217,1216,-1184,1185,1218,1217,-1185,1186,1219,1218,-1186,1187,1220,1219,-1187,1189,1222,1221,-1189,1190,1223,1222,-1190,1191,1224,1223,-1191,1192,1225,1224,-1192,1193,1226,1225,-1193,1194,1227,1226,-1194,1195,1228,1227,-1195,1196,1229,1228,-1196,1197,1230,1229,-1197,1198,1231,1230,-1198,1199,1232,1231,-1199,1200,1233,1232,-1200,1201,1234,1233,-1201,1202,1235,1234,-1202,1203,1236,1235,-1203,1204,1237,1236,-1204,1205,1238,1237,-1205,1206,1239,1238,-1206,1207,1240,1239,-1207,1208,1241,1240,-1208,1209,1242,1241,-1209,1210,1243,
1242,-1210,1211,1244,1243,-1211,1212,1245,1244,-1212,1213,1246,1245,-1213,1214,1247,1246,-1214,1215,1248,1247,-1215,1216,1249,1248,-1216,1217,1250,1249,-1217,1218,1251,1250,-1218,1219,1252,1251,-1219,1220,1253,1252,-1220,1222,1255,1254,-1222,1223,1256,1255,-1223,1224,1257,1256,-1224,1225,1258,1257,-1225,1226,1259,1258,-1226,1227,1260,1259,-1227,1228,1261,1260,-1228,1229,1262,1261,-1229,1230,1263,1262,-1230,1231,1264,1263,-1231,1232,1265,1264,-1232,1233,1266,1265,-1233,1234,1267,1266,-1234,1235,1268,1267,-1235,1236,1269,1268,-1236,1237,1270,1269,-1237,1238,1271,1270,-1238,1239,1272,1271,-1239,1240,1273,1272,-1240,1241,1274,1273,-1241,1242,1275,1274,-1242,1243,1276,1275,-1243,1244,1277,1276,-1244,1245,1278,1277,-1245,1246,1279,1278,-1246,1247,1280,1279,-1247,1248,1281,1280,-1248,1249,1282,1281,-1249,1250,1283,1282,-1250,1251,1284,1283,-1251,1252,1285,1284,-1252,1253,1286,1285,-1253,1255,1288,1287,-1255,1256,1289,1288,-1256,1257,1290,1289,-1257,1258,1291,1290,-1258,1259,1292,1291,-1259,1260,1293,1292,-1260,1261,1294,1293,-1261,1262,1295,1294,-1262,1263,1296,1295,-1263,1264,1297,1296,-1264,1265,1298,1297,-1265,1266,1299,1298,-1266,1267,1300,1299,-1267,1268,1301,1300,-1268,1269,1302,1301,-1269,1270,1303,1302,-1270,1271,1304,1303,-1271,1272,1305,1304,-1272,1273,1306,1305,-1273,1274,1307,1306,-1274,1275,1308,1307,-1275,1276,1309,1308,-1276,1277,1310,1309,-1277,1278,1311,1310,-1278,1279,1312,1311,-1279,1280,1313,1312,-1280,1281,1314,1313,-1281,1282,1315,1314,-1282,1283,1316,1315,-1283,1284,1317,1316,-1284,1285,1318,1317,-1285,1286,1319,1318,-1286,1288,1321,1320,-1288,1289,1322,1321,-1289,1290,1323,1322,-1290,1291,1324,1323,-1291,1292,1325,1324,-1292,1293,1326,1325,-1293,1294,1327,1326,-1294,1295,1328,1327,-1295,1296,1329,1328,-1296,1297,1330,1329,-1297,1298,1331,1330,-1298,1299,1332,1331,-1299,1300,1333,1332,-1300,1301,1334,1333,-1301,1302,1335,1334,-1302,1303,1336,1335,-1303,1304,1337,1336,-1304,1305,1338,1337,-1305,1306,1339,1338,-1306,1307,1340,1339,-1307,1308,1341,1340,-1308,1309,1342,1341,-1309,1310,1343,1342,-1310,1311,
1344,1343,-1311,1312,1345,1344,-1312,1313,1346,1345,-1313,1314,1347,1346,-1314,1315,1348,1347,-1315,1316,1349,1348,-1316,1317,1350,1349,-1317,1318,1351,1350,-1318,1319,1352,1351,-1319,1321,1354,1353,-1321,1322,1355,1354,-1322,1323,1356,1355,-1323,1324,1357,1356,-1324,1325,1358,1357,-1325,1326,1359,1358,-1326,1327,1360,1359,-1327,1328,1361,1360,-1328,1329,1362,1361,-1329,1330,1363,1362,-1330,1331,1364,1363,-1331,1332,1365,1364,-1332,1333,1366,1365,-1333,1334,1367,1366,-1334,1335,1368,1367,-1335,1336,1369,1368,-1336,1337,1370,1369,-1337,1338,1371,1370,-1338,1339,1372,1371,-1339,1340,1373,1372,-1340,1341,1374,1373,-1341,1342,1375,1374,-1342,1343,1376,1375,-1343,1344,1377,1376,-1344,1345,1378,1377,-1345,1346,1379,1378,-1346,1347,1380,1379,-1347,1348,1381,1380,-1348,1349,1382,1381,-1349,1350,1383,1382,-1350,1351,1384,1383,-1351,1352,1385,1384,-1352,1354,1387,1386,-1354,1355,1388,1387,-1355,1356,1389,1388,-1356,1357,1390,1389,-1357,1358,1391,1390,-1358,1359,1392,1391,-1359,1360,1393,1392,-1360,1361,1394,1393,-1361,1362,1395,1394,-1362,1363,1396,1395,-1363,1364,1397,1396,-1364,1365,1398,1397,-1365,1366,1399,1398,-1366,1367,1400,1399,-1367,1368,1401,1400,-1368,1369,1402,1401,-1369,1370,1403,1402,-1370,1371,1404,1403,-1371,1372,1405,1404,-1372,1373,1406,1405,-1373,1374,1407,1406,-1374,1375,1408,1407,-1375,1376,1409,1408,-1376,1377,1410,1409,-1377,1378,1411,1410,-1378,1379,1412,1411,-1379,1380,1413,1412,-1380,1381,1414,1413,-1381,1382,1415,1414,-1382,1383,1416,1415,-1383,1384,1417,1416,-1384,1385,1418,1417,-1385,1387,1420,1419,-1387,1388,1421,1420,-1388,1389,1422,1421,-1389,1390,1423,1422,-1390,1391,1424,1423,-1391,1392,1425,1424,-1392,1393,1426,1425,-1393,1394,1427,1426,-1394,1395,1428,1427,-1395,1396,1429,1428,-1396,1397,1430,1429,-1397,1398,1431,1430,-1398,1399,1432,1431,-1399,1400,1433,1432,-1400,1401,1434,1433,-1401,1402,1435,1434,-1402,1403,1436,1435,-1403,1404,1437,1436,-1404,1405,1438,1437,-1405,1406,1439,1438,-1406,1407,1440,1439,-1407,1408,1441,1440,-1408,1409,1442,1441,-1409,1410,1443,1442,-1410,1411,1444,1443,-1411,
1412,1445,1444,-1412,1413,1446,1445,-1413,1414,1447,1446,-1414,1415,1448,1447,-1415,1416,1449,1448,-1416,1417,1450,1449,-1417,1418,1451,1450,-1418,1420,1453,1452,-1420,1421,1454,1453,-1421,1422,1455,1454,-1422,1423,1456,1455,-1423,1424,1457,1456,-1424,1425,1458,1457,-1425,1426,1459,1458,-1426,1427,1460,1459,-1427,1428,1461,1460,-1428,1429,1462,1461,-1429,1430,1463,1462,-1430,1431,1464,1463,-1431,1432,1465,1464,-1432,1433,1466,1465,-1433,1434,1467,1466,-1434,1435,1468,1467,-1435,1436,1469,1468,-1436,1437,1470,1469,-1437,1438,1471,1470,-1438,1439,1472,1471,-1439,1440,1473,1472,-1440,1441,1474,1473,-1441,1442,1475,1474,-1442,1443,1476,1475,-1443,1444,1477,1476,-1444,1445,1478,1477,-1445,1446,1479,1478,-1446,1447,1480,1479,-1447,1448,1481,1480,-1448,1449,1482,1481,-1449,1450,1483,1482,-1450,1451,1484,1483,-1451,1453,1486,1485,-1453,1454,1487,1486,-1454,1455,1488,1487,-1455,1456,1489,1488,-1456,1457,1490,1489,-1457,1458,1491,1490,-1458,1459,1492,1491,-1459,1460,1493,1492,-1460,1461,1494,1493,-1461,1462,1495,1494,-1462,1463,1496,1495,-1463,1464,1497,1496,-1464,1465,1498,1497,-1465,1466,1499,1498,-1466,1467,1500,1499,-1467,1468,1501,1500,-1468,1469,1502,1501,-1469,1470,1503,1502,-1470,1471,1504,1503,-1471,1472,1505,1504,-1472,1473,1506,1505,-1473,1474,1507,1506,-1474,1475,1508,1507,-1475,1476,1509,1508,-1476,1477,1510,1509,-1477,1478,1511,1510,-1478,1479,1512,1511,-1479,1480,1513,1512,-1480,1481,1514,1513,-1481,1482,1515,1514,-1482,1483,1516,1515,-1483,1484,1517,1516,-1484,1486,1519,1518,-1486,1487,1520,1519,-1487,1488,1521,1520,-1488,1489,1522,1521,-1489,1490,1523,1522,-1490,1491,1524,1523,-1491,1492,1525,1524,-1492,1493,1526,1525,-1493,1494,1527,1526,-1494,1495,1528,1527,-1495,1496,1529,1528,-1496,1497,1530,1529,-1497,1498,1531,1530,-1498,1499,1532,1531,-1499,1500,1533,1532,-1500,1501,1534,1533,-1501,1502,1535,1534,-1502,1503,1536,1535,-1503,1504,1537,1536,-1504,1505,1538,1537,-1505,1506,1539,1538,-1506,1507,1540,1539,-1507,1508,1541,1540,-1508,1509,1542,1541,-1509,1510,1543,1542,-1510,1511,1544,1543,-1511,1512,1545,1544,
-1512,1513,1546,1545,-1513,1514,1547,1546,-1514,1515,1548,1547,-1515,1516,1549,1548,-1516,1517,1550,1549,-1517,1519,1552,1551,-1519,1520,1553,1552,-1520,1521,1554,1553,-1521,1522,1555,1554,-1522,1523,1556,1555,-1523,1524,1557,1556,-1524,1525,1558,1557,-1525,1526,1559,1558,-1526,1527,1560,1559,-1527,1528,1561,1560,-1528,1529,1562,1561,-1529,1530,1563,1562,-1530,1531,1564,1563,-1531,1532,1565,1564,-1532,1533,1566,1565,-1533,1534,1567,1566,-1534,1535,1568,1567,-1535,1536,1569,1568,-1536,1537,1570,1569,-1537,1538,1571,1570,-1538,1539,1572,1571,-1539,1540,1573,1572,-1540,1541,1574,1573,-1541,1542,1575,1574,-1542,1543,1576,1575,-1543,1544,1577,1576,-1544,1545,1578,1577,-1545,1546,1579,1578,-1546,1547,1580,1579,-1547,1548,1581,1580,-1548,1549,1582,1581,-1549,1550,1583,1582,-1550,1552,1585,1584,-1552,1553,1586,1585,-1553,1554,1587,1586,-1554,1555,1588,1587,-1555,1556,1589,1588,-1556,1557,1590,1589,-1557,1558,1591,1590,-1558,1559,1592,1591,-1559,1560,1593,1592,-1560,1561,1594,1593,-1561,1562,1595,1594,-1562,1563,1596,1595,-1563,1564,1597,1596,-1564,1565,1598,1597,-1565,1566,1599,1598,-1566,1567,1600,1599,-1567,1568,1601,1600,-1568,1569,1602,1601,-1569,1570,1603,1602,-1570,1571,1604,1603,-1571,1572,1605,1604,-1572,1573,1606,1605,-1573,1574,1607,1606,-1574,1575,1608,1607,-1575,1576,1609,1608,-1576,1577,1610,1609,-1577,1578,1611,1610,-1578,1579,1612,1611,-1579,1580,1613,1612,-1580,1581,1614,1613,-1581,1582,1615,1614,-1582,1583,1616,1615,-1583,1585,1618,1617,-1585,1586,1619,1618,-1586,1587,1620,1619,-1587,1588,1621,1620,-1588,1589,1622,1621,-1589,1590,1623,1622,-1590,1591,1624,1623,-1591,1592,1625,1624,-1592,1593,1626,1625,-1593,1594,1627,1626,-1594,1595,1628,1627,-1595,1596,1629,1628,-1596,1597,1630,1629,-1597,1598,1631,1630,-1598,1599,1632,1631,-1599,1600,1633,1632,-1600,1601,1634,1633,-1601,1602,1635,1634,-1602,1603,1636,1635,-1603,1604,1637,1636,-1604,1605,1638,1637,-1605,1606,1639,1638,-1606,1607,1640,1639,-1607,1608,1641,1640,-1608,1609,1642,1641,-1609,1610,1643,1642,-1610,1611,1644,1643,-1611,1612,1645,1644,-1612,1613,1646,
1645,-1613,1614,1647,1646,-1614,1615,1648,1647,-1615,1616,1649,1648,-1616,1618,1651,1650,-1618,1619,1652,1651,-1619,1620,1653,1652,-1620,1621,1654,1653,-1621,1622,1655,1654,-1622,1623,1656,1655,-1623,1624,1657,1656,-1624,1625,1658,1657,-1625,1626,1659,1658,-1626,1627,1660,1659,-1627,1628,1661,1660,-1628,1629,1662,1661,-1629,1630,1663,1662,-1630,1631,1664,1663,-1631,1632,1665,1664,-1632,1633,1666,1665,-1633,1634,1667,1666,-1634,1635,1668,1667,-1635,1636,1669,1668,-1636,1637,1670,1669,-1637,1638,1671,1670,-1638,1639,1672,1671,-1639,1640,1673,1672,-1640,1641,1674,1673,-1641,1642,1675,1674,-1642,1643,1676,1675,-1643,1644,1677,1676,-1644,1645,1678,1677,-1645,1646,1679,1678,-1646,1647,1680,1679,-1647,1648,1681,1680,-1648,1649,1682,1681,-1649
		} 
		GeometryVersion: 124
		LayerElementNormal: 0 {
			Version: 102
			Name: "N"
			MappingInformationType: "ByPolygonVertex"
			ReferenceInformationType: "Direct"
			Normals: *19200 {
				a: 0,1,0,0,1,0,0,1,0,0,1,0,0,1,0,0,1,0,0,1,0,0,1,0,0,1,0,0,1,0,0,1,0,0,1,0,0,1,0,0,1,0,0,1,0,0,1,0,0,1,0,0,1,0,0,1,0,0,1,0,0,1,0,0,1,0,0,1,0,0,1,0,0,1,0,0,1,0,0,1,0,0,1,0,0,1,0,0,1,0,0,1,0,0,1,0,0,1,0,0,1,0,0,1,0,0,1,0,0,1,0,0,1,0,0,1,0,0,1,0,0,1,0,0,1,0,0,1,0,0,1,0,0,1,0,0,1,0,0,1,0,0,1,0,0,1,0,0,1,0,0,1,0,0,1,0,0,1,0,0,1,0,0,1,0,0,1,0,0,1,0,0,1,0,0,1,0,0,1,0,0,1,0,0,1,0,0,1,0,0,1,0,0,1,0,0,1,0,0,1,0,0,1,0,0,1,0,0,1,0,0,1,0,0,1,0,0,1,0,0,1,0,0,1,0,0,1,0,0,1,0,0,1,0,0,1,0,0,1,0,0,1,0,0,1,0,0,1,0,0,1,0,0,1,0,0,1,0,0,1,0,0,1,0,0,1,0,0,1,0,0,1,0,0,1,0,0,1,0,0,1,0,0,1,0,0,1,0,0,1,0,0,1,0,0,1,0,0,1,0,0,1,0,0,1,0,0,1,0,0,1,0,0,1,0,0,1,0,0,1,0,0,1,0,0,1,0,0,1,0,0,1,0,0,1,0,0,1,0,0,1,0,0,1,0,0,1,0,0,1,0,0,1,0,0,1,0,0,1,0,0,1,0,0,1,0,0,1,0,0,1,0,-0,1,-0,-0,1,-0,0,1,0,0,1,0,0,1,0,0,1,0,0,1,0,0,1,0,0,1,0,0,1,0,0,1,0,0,1,0,0,1,0,0,1,0,0,1,0,0,1,0,0,1,0,0,1,0,0,1,0,0,1,0,0,1,0,0,1,0,0,1,0,0,1,0,0,1,0,0,1,0,0,1,0,0,1,0,0,1,0,0,1,0,0,1,0,0,1,0,0,1,0,0,1,0,0,1,0,0,1,0,0,1,0,0,1,0,0,1,0,0,1,0,0,1,0,0,1,0,0,1,0,0,1,0,0,1,0,0,1,0,0,1,0,0,1,0,0,1,0,0,1,0,0,1,0,0,1,0,0,1,0,0,1,0,0,1,0,0,1,0,0,1,0,0,1,0,0,1,0,0,1,0,0,1,0,0,1,0,0,1,0,0,1,0,0,1,0,0,1,0,0,1,0,0,1,0,0,1,0,0,1,0,0,1,0,0,1,0,0,1,0,0,1,0,0,1,0,0,1,0,0,1,0,0,1,0,0,1,0,0,1,0,0,1,0,0,1,0,0,1,0,0,1,0,0,1,0,0,1,0,0,1,0,0,1,0,0,1,0,0,1,0,0,1,0,0,1,0,0,1,0,0,1,0,0,1,0,0,1,0,0,1,0,0,1,0,0,1,0,0,1,0,0,1,0,0,1,0,0,1,0,0,1,0,0,1,0,0,1,0,0,1,0,0,1,0,0,1,0,0,1,0,0,1,0,0,1,0,0,1,0,0,1,0,0,1,0,0,1,0,0,1,0,0,1,0,0,1,0,0,1,0,0,1,0,0,1,0,0,1,0,0,1,0,0,1,0,0,1,0,0,1,0,0,1,0,-0,1,-0,-0,1,-0,0,1,0,0,1,0,0,1,0,0,1,0,0,1,0,0,1,0,0,1,0,0,1,0,0,1,0,0,1,0,0,1,0,0,1,0,0,1,0,0,1,0,0,1,0,0,1,0,0,1,0,0,1,0,0,1,0,0,1,0,0,1,0,0,1,0,0,1,0,0,1,0,0,1,0,0,1,0,0,1,0,0,1,0,0,1,0,0,1,0,0,1,0,0,1,0,0,1,0,0,1,0,0,1,0,0,1,0,0,1,0,0,1,0,0,1,0,0,1,0,0,1,0,0,1,0,0,1,0,0,1,0,0,1,0,0,1,0,0,1,0,0,1,0,0,1,0,0,1,0,0,1,0,0,1,0,0,1,0,0,1,0,0,1,0,0,1,0,0,1,0,0,1,0,0,1,0,0,1,0,0,1,0,0,1,0,0,1,0,0,1,0,0,1,0,0,1,0,0,1,0,0,1,0,0,1,0,0,1,0,0,1,0,0,1,0,0,1,0,0,1,0,0,1,0,0,1,0,0,1,0,0,1,0,0,1,0,0,1,0,0,1,0,0,1,0,
0,1,0,0,1,0,0,1,0,0,1,0,0,1,0,0,1,0,0,1,0,0,1,0,0,1,0,0,1,0,0,1,0,0,1,0,0,1,0,0,1,0,0,1,0,0,1,0,0,1,0,0,1,0,0,1,0,0,1,0,0,1,0,0,1,0,0,1,0,0,1,0,0,1,0,0,1,0,0,1,0,0,1,0,0,1,0,0,1,0,0,1,0,0,1,0,0,1,0,0,1,0,0,1,0,0,1,0,0,1,0,0,1,0,0,1,0,0,1,0,0,1,0,0,1,0,0,1,0,0,1,0,-0,1,-0,-0,1,-0,0,1,0,0,1,0,0,1,0,0,1,0,0,1,0,0,1,0,0,1,0,0,1,0,0,1,0,0,1,0,0,1,0,0,1,0,0,1,0,0,1,0,0,1,0,0,1,0,0,1,0,0,1,0,0,1,0,0,1,0,0,1,0,0,1,0,0,1,0,0,1,0,0,1,0,0,1,0,0,1,0,0,1,0,0,1,0,0,1,0,0,1,0,0,1,0,0,1,0,0,1,0,0,1,0,0,1,0,0,1,0,0,1,0,0,1,0,0,1,0,0,1,0,0,1,0,0,1,0,0,1,0,0,1,0,0,1,0,0,1,0,0,1,0,0,1,0,0,1,0,0,1,0,0,1,0,0,1,0,0,1,0,0,1,0,0,1,0,0,1,0,0,1,0,0,1,0,0,1,0,0,1,0,0,1,0,0,1,0,0,1,0,0,1,0,0,1,0,0,1,0,0,1,0,0,1,0,0,1,0,0,1,0,0,1,0,0,1,0,0,1,0,0,1,0,0,1,0,0,1,0,0,1,0,0,1,0,0,1,0,0,1,0,0,1,0,0,1,0,0,1,0,0,1,0,0,1,0,0,1,0,0,1,0,0,1,0,0,1,0,0,1,0,0,1,0,0,1,0,0,1,0,0,1,0,0,1,0,0,1,0,0,1,0,0,1,0,0,1,0,0,1,0,0,1,0,0,1,0,0,1,0,0,1,0,0,1,0,0,1,0,0,1,0,0,1,0,0,1,0,0,1,0,0,1,0,0,1,0,0,1,0,0,1,0,0,1,0,0,1,0,0,1,0,0,1,0,0,1,0,0,1,0,0,1,0,0,1,0,0,1,0,0,1,0,0,1,0,-0,1,-0,-0,1,-0,0,1,0,0,1,0,0,1,0,0,1,0,0,1,0,0,1,0,0,1,0,0,1,0,0,1,0,0,1,0,0,1,0,0,1,0,0,1,0,0,1,0,0,1,0,0,1,0,0,1,0,0,1,0,0,1,0,0,1,0,0,1,0,0,1,0,0,1,0,0,1,0,0,1,0,0,1,0,0,1,0,0,1,0,0,1,0,0,1,0,0,1,0,0,1,0,0,1,0,0,1,0,0,1,0,0,1,0,0,1,0,0,1,0,0,1,0,0,1,0,0,1,0,0,1,0,0,1,0,0,1,0,0,1,0,0,1,0,0,1,0,0,1,0,0,1,0,0,1,0,0,1,0,0,1,0,0,1,0,0,1,0,0,1,0,0,1,0,0,1,0,0,1,0,0,1,0,0,1,0,0,1,0,0,1,0,0,1,0,0,1,0,0,1,0,0,1,0,0,1,0,0,1,0,0,1,0,0,1,0,0,1,0,0,1,0,0,1,0,0,1,0,0,1,0,0,1,0,0,1,0,0,1,0,0,1,0,0,1,0,0,1,0,0,1,0,0,1,0,0,1,0,0,1,0,0,1,0,0,1,0,0,1,0,0,1,0,0,1,0,0,1,0,0,1,0,0,1,0,0,1,0,0,1,0,0,1,0,0,1,0,0,1,0,0,1,0,0,1,0,0,1,0,0,1,0,0,1,0,0,1,0,0,1,0,0,1,0,0,1,0,0,1,0,0,1,0,0,1,0,0,1,0,0,1,0,0,1,0,0,1,0,0,1,0,0,1,0,0,1,0,0,1,0,0,1,0,0,1,0,0,1,0,0,1,0,0,1,0,0,1,0,0,1,0,0,1,0,-0,1,-0,-0,1,-0,0,1,0,0,1,0,0,1,0,0,1,0,0,1,0,0,1,0,0,1,0,0,1,0,0,1,0,0,1,0,0,1,0,0,1,0,0,1,0,0,1,0,0,1,0,0,1,0,0,1,0,0,1,0,0,1,0,0,1,0,0,1,0,0,1,0,0,1,0,0,1,0,0,1,0,0,1,0,0,1,0,0,1,0,0,1,0,0,1,0,0,1,0,0,1,0,0,1,0,0,1,0,0,1,0,0,1,0,0,1,0,0,1,0,
0,1,0,0,1,0,0,1,0,0,1,0,0,1,0,0,1,0,0,1,0,0,1,0,0,1,0,0,1,0,0,1,0,0,1,0,0,1,0,0,1,0,0,1,0,0,1,0,0,1,0,0,1,0,0,1,0,0,1,0,0,1,0,0,1,0,0,1,0,0,1,0,0,1,0,0,1,0,0,1,0,0,1,0,0,1,0,0,1,0,0,1,0,0,1,0,0,1,0,0,1,0,0,1,0,0,1,0,0,1,0,0,1,0,0,1,0,0,1,0,0,1,0,0,1,0,0,1,0,0,1,0,0,1,0,0,1,0,0,1,0,0,1,0,0,1,0,0,1,0,0,1,0,0,1,0,0,1,0,0,1,0,0,1,0,0,1,0,0,1,0,0,1,0,0,1,0,0,1,0,0,1,0,0,1,0,0,1,0,0,1,0,0,1,0,0,1,0,0,1,0,0,1,0,0,1,0,0,1,0,0,1,0,0,1,0,0,1,0,0,1,0,0,1,0,0,1,0,0,1,0,0,1,0,0,1,0,0,1,0,0,1,0,0,1,0,0,1,0,0,1,0,0,1,0,0,1,0,0,1,0,0,1,0,-0,1,-0,-0,1,-0,0,1,0,0,1,0,0,1,0,0,1,0,0,1,0,0,1,0,0,1,0,0,1,0,0,1,0,0,1,0,0,1,0,0,1,0,0,1,0,0,1,0,0,1,0,0,1,0,0,1,0,0,1,0,0,1,0,0,1,0,0,1,0,0,1,0,0,1,0,0,1,0,0,1,0,0,1,0,0,1,0,0,1,0,0,1,0,0,1,0,0,1,0,0,1,0,0,1,0,0,1,0,0,1,0,0,1,0,0,1,0,0,1,0,0,1,0,0,1,0,0,1,0,0,1,0,0,1,0,0,1,0,0,1,0,0,1,0,0,1,0,0,1,0,0,1,0,0,1,0,0,1,0,0,1,0,0,1,0,0,1,0,0,1,0,0,1,0,0,1,0,0,1,0,0,1,0,0,1,0,0,1,0,0,1,0,0,1,0,0,1,0,0,1,0,0,1,0,0,1,0,0,1,0,0,1,0,0,1,0,0,1,0,0,1,0,0,1,0,0,1,0,0,1,0,0,1,0,0,1,0,0,1,0,0,1,0,0,1,0,0,1,0,0,1,0,0,1,0,0,1,0,0,1,0,0,1,0,0,1,0,0,1,0,0,1,0,0,1,0,0,1,0,0,1,0,0,1,0,0,1,0,0,1,0,0,1,0,0,1,0,0,1,0,0,1,0,0,1,0,0,1,0,0,1,0,0,1,0,0,1,0,0,1,0,0,1,0,0,1,0,0,1,0,0,1,0,0,1,0,0,1,0,0,1,0,0,1,0,0,1,0,0,1,0,0,1,0,0,1,0,0,1,0,0,1,0,0,1,0,0,1,0,0,1,0,0,1,0,0,1,0,0,1,0,0,1,0,-0,1,-0,-0,1,-0,0,1,0,0,1,0,0,1,0,0,1,0,0,1,0,0,1,0,0,1,0,0,1,0,0,1,0,0,1,0,0,1,0,0,1,0,0,1,0,0,1,0,0,1,0,0,1,0,0,1,0,0,1,0,0,1,0,0,1,0,0,1,0,0,1,0,0,1,0,0,1,0,0,1,0,0,1,0,0,1,0,0,1,0,0,1,0,0,1,0,0,1,0,0,1,0,0,1,0,0,1,0,0,1,0,0,1,0,0,1,0,0,1,0,0,1,0,0,1,0,0,1,0,0,1,0,0,1,0,0,1,0,0,1,0,0,1,0,0,1,0,0,1,0,0,1,0,0,1,0,0,1,0,0,1,0,0,1,0,0,1,0,0,1,0,0,1,0,0,1,0,0,1,0,0,1,0,0,1,0,0,1,0,0,1,0,0,1,0,0,1,0,0,1,0,0,1,0,0,1,0,0,1,0,0,1,0,0,1,0,0,1,0,0,1,0,0,1,0,0,1,0,0,1,0,0,1,0,0,1,0,0,1,0,0,1,0,0,1,0,0,1,0,0,1,0,0,1,0,0,1,0,0,1,0,0,1,0,0,1,0,0,1,0,0,1,0,0,1,0,0,1,0,0,1,0,0,1,0,0,1,0,0,1,0,0,1,0,0,1,0,0,1,0,0,1,0,0,1,0,0,1,0,0,1,0,0,1,0,0,1,0,0,1,0,0,1,0,0,1,0,0,1,0,0,1,0,0,1,0,0,1,0,0,1,0,0,1,0,0,1,0,0,1,0,0,1,0,0,1,0,0,1,0,0,1,0,0,1,0,0,1,0,0,1,0,0,1,0,
0,1,0,0,1,0,0,1,0,-0,1,-0,-0,1,-0,0,1,0,0,1,0,0,1,0,0,1,0,0,1,0,0,1,0,0,1,0,0,1,0,0,1,0,0,1,0,0,1,0,0,1,0,0,1,0,0,1,0,0,1,0,0,1,0,0,1,0,0,1,0,0,1,0,0,1,0,0,1,0,0,1,0,0,1,0,0,1,0,0,1,0,0,1,0,0,1,0,0,1,0,0,1,0,0,1,0,0,1,0,0,1,0,0,1,0,0,1,0,0,1,0,0,1,0,0,1,0,0,1,0,0,1,0,0,1,0,0,1,0,0,1,0,0,1,0,0,1,0,0,1,0,0,1,0,0,1,0,0,1,0,0,1,0,0,1,0,0,1,0,0,1,0,0,1,0,0,1,0,0,1,0,0,1,0,0,1,0,0,1,0,0,1,0,0,1,0,0,1,0,0,1,0,0,1,0,0,1,0,0,1,0,0,1,0,0,1,0,0,1,0,0,1,0,0,1,0,0,1,0,0,1,0,0,1,0,0,1,0,0,1,0,0,1,0,0,1,0,0,1,0,0,1,0,0,1,0,0,1,0,0,1,0,0,1,0,0,1,0,0,1,0,0,1,0,0,1,0,0,1,0,0,1,0,0,1,0,0,1,0,0,1,0,0,1,0,0,1,0,0,1,0,0,1,0,0,1,0,0,1,0,0,1,0,0,1,0,0,1,0,0,1,0,0,1,0,0,1,0,0,1,0,0,1,0,0,1,0,0,1,0,0,1,0,0,1,0,0,1,0,0,1,0,0,1,0,0,1,0,0,1,0,0,1,0,0,1,0,0,1,0,0,1,0,0,1,0,0,1,0,0,1,0,0,1,0,0,1,0,0,1,0,0,1,0,-0,1,-0,-0,1,-0,0,1,0,0,1,0,0,1,0,0,0.999924719333649,0.0122715439647436,0,0.999924719333649,0.0122715439647436,0,1,0,0,1,0,0,0.999924719333649,0.0122715439647436,0,0.999924719333649,0.0122715439647436,0,1,0,0,1,0,0,0.999924719333649,0.0122715439647436,0,0.999924719333649,0.0122715439647436,0,1,0,0,1,0,0,0.999924719333649,0.0122715439647436,0,0.999924719333649,0.0122715439647436,0,1,0,0,1,0,0,0.999924719333649,0.0122715439647436,0,0.999924719333649,0.0122715439647436,0,1,0,0,1,0,0,0.999924719333649,0.0122715439647436,0,0.999924719333649,0.0122715439647436,0,1,0,0,1,0,0,0.999924719333649,0.0122715439647436,0,0.999924719333649,0.0122715439647436,0,1,0,0,1,0,0,0.999924719333649,0.0122715439647436,0,0.999924719333649,0.0122715439647436,0,1,0,0,1,0,0,0.999924719333649,0.0122715439647436,0,0.999924719333649,0.0122715439647436,0,1,0,0,1,0,0,0.999924719333649,0.0122715439647436,0,0.999924719333649,0.0122715439647436,0,1,0,0,1,0,0,0.999924719333649,0.0122715439647436,0,0.999924719333649,0.0122715439647436,0,1,0,0,1,0,0,0.999924719333649,0.0122715439647436,0,0.999924719333649,0.0122715439647436,0,1,0,0,1,0,0,0.999924719333649,0.0122715439647436,0,0.999924719333649,0.0122715439647436,0,1,0,0,1,0,0,0.999924719333649,0.0122715439647436,0,0.999924719333649,0.0122715439647436,
0,1,0,0,1,0,0,0.999924719333649,0.0122715439647436,0,0.999924719333649,0.0122715439647436,0,1,0,0,1,0,0,0.999924719333649,0.0122715439647436,0,0.999924719333649,0.0122715439647436,0,1,0,0,1,0,0,0.999924719333649,0.0122715439647436,0,0.999924719333649,0.0122715439647436,0,1,0,0,1,0,0,0.999924719333649,0.0122715439647436,0,0.999924719333649,0.0122715439647436,0,1,0,0,1,0,0,0.999924719333649,0.0122715439647436,0,0.999924719333649,0.0122715439647436,0,1,0,0,1,0,0,0.999924719333649,0.0122715439647436,0,0.999924719333649,0.0122715439647436,0,1,0,0,1,0,0,0.999924719333649,0.0122715439647436,0,0.999924719333649,0.0122715439647436,0,1,0,0,1,0,0,0.999924719333649,0.0122715439647436,0,0.999924719333649,0.0122715439647436,0,1,0,0,1,0,0,0.999924719333649,0.0122715439647436,0,0.999924719333649,0.0122715439647436,0,1,0,0,1,0,0,0.999924719333649,0.0122715439647436,0,0.999924719333649,0.0122715439647436,0,1,0,0,1,0,0,0.999924719333649,0.0122715439647436,0,0.999924719333649,0.0122715439647436,0,1,0,0,1,0,0,0.999924719333649,0.0122715439647436,0,0.999924719333649,0.0122715439647436,0,1,0,0,1,0,0,0.999924719333649,0.0122715439647436,0,0.999924719333649,0.0122715439647436,0,1,0,0,1,0,0,0.999924719333649,0.0122715439647436,0,0.999924719333649,0.0122715439647436,0,1,0,0,1,0,0,0.999924719333649,0.0122715439647436,0,0.999924719333649,0.0122715439647436,0,1,0,0,1,0,0,0.999924719333649,0.0122715439647436,0,0.999924719333649,0.0122715439647436,0,1,0,0,1,0,0,0.999924719333649,0.0122715439647436,0,0.999924719333649,0.0122715439647436,0,1,0,-0,1,-0,0,0.999924719333649,0.0122715439647436,0,0.999924719333649,0.0122715439647436,0,1,0,0,0.999924719333649,0.0122715439647436,0,0.998795449733734,0.0490676127374172,0,0.998795449733734,0.0490676127374172,0,0.999924719333649,0.0122715439647436,0,0.999924719333649,0.0122715439647436,0,0.998795449733734,0.0490676127374172,0,0.998795449733734,0.0490676127374172,0,0.999924719333649,0.0122715439647436,0,0.999924719333649,0.0122715439647436,0,0.998795449733734,0.0490676127374172,0,0.998795449733734,0.0490676127374172,
0,0.999924719333649,0.0122715439647436,0,0.999924719333649,0.0122715439647436,0,0.998795449733734,0.0490676127374172,0,0.998795449733734,0.0490676127374172,0,0.999924719333649,0.0122715439647436,0,0.999924719333649,0.0122715439647436,0,0.998795449733734,0.0490676127374172,0,0.998795449733734,0.0490676127374172,0,0.999924719333649,0.0122715439647436,0,0.999924719333649,0.0122715439647436,0,0.998795449733734,0.0490676127374172,0,0.998795449733734,0.0490676127374172,0,0.999924719333649,0.0122715439647436,0,0.999924719333649,0.0122715439647436,0,0.998795449733734,0.0490676127374172,0,0.998795449733734,0.0490676127374172,0,0.999924719333649,0.0122715439647436,0,0.999924719333649,0.0122715439647436,0,0.998795449733734,0.0490676127374172,0,0.998795449733734,0.0490676127374172,0,0.999924719333649,0.0122715439647436,0,0.999924719333649,0.0122715439647436,0,0.998795449733734,0.0490676127374172,0,0.998795449733734,0.0490676127374172,0,0.999924719333649,0.0122715439647436,0,0.999924719333649,0.0122715439647436,0,0.998795449733734,0.0490676127374172,0,0.998795449733734,0.0490676127374172,0,0.999924719333649,0.0122715439647436,0,0.999924719333649,0.0122715439647436,0,0.998795449733734,0.0490676127374172,0,0.998795449733734,0.0490676127374172,0,0.999924719333649,0.0122715439647436,0,0.999924719333649,0.0122715439647436,0,0.998795449733734,0.0490676127374172,0,0.998795449733734,0.0490676127374172,0,0.999924719333649,0.0122715439647436,0,0.999924719333649,0.0122715439647436,0,0.998795449733734,0.0490676127374172,0,0.998795449733734,0.0490676127374172,0,0.999924719333649,0.0122715439647436,0,0.999924719333649,0.0122715439647436,0,0.998795449733734,0.0490676127374172,0,0.998795449733734,0.0490676127374172,0,0.999924719333649,0.0122715439647436,0,0.999924719333649,0.0122715439647436,0,0.998795449733734,0.0490676127374172,0,0.998795449733734,0.0490676127374172,0,0.999924719333649,0.0122715439647436,0,0.999924719333649,0.0122715439647436,0,0.998795449733734,0.0490676127374172,0,0.998795449733734,0.0490676127374172,0,0.999924719333649,0.0122715439647436,
0,0.999924719333649,0.0122715439647436,0,0.998795449733734,0.0490676127374172,0,0.998795449733734,0.0490676127374172,0,0.999924719333649,0.0122715439647436,0,0.999924719333649,0.0122715439647436,0,0.998795449733734,0.0490676127374172,0,0.998795449733734,0.0490676127374172,0,0.999924719333649,0.0122715439647436,0,0.999924719333649,0.0122715439647436,0,0.998795449733734,0.0490676127374172,0,0.998795449733734,0.0490676127374172,0,0.999924719333649,0.0122715439647436,0,0.999924719333649,0.0122715439647436,0,0.998795449733734,0.0490676127374172,0,0.998795449733734,0.0490676127374172,0,0.999924719333649,0.0122715439647436,0,0.999924719333649,0.0122715439647436,0,0.998795449733734,0.0490676127374172,0,0.998795449733734,0.0490676127374172,0,0.999924719333649,0.0122715439647436,0,0.999924719333649,0.0122715439647436,0,0.998795449733734,0.0490676127374172,0,0.998795449733734,0.0490676127374172,0,0.999924719333649,0.0122715439647436,0,0.999924719333649,0.0122715439647436,0,0.998795449733734,0.0490676127374172,0,0.998795449733734,0.0490676127374172,0,0.999924719333649,0.0122715439647436,0,0.999924719333649,0.0122715439647436,0,0.998795449733734,0.0490676127374172,0,0.998795449733734,0.0490676127374172,0,0.999924719333649,0.0122715439647436,0,0.999924719333649,0.0122715439647436,0,0.998795449733734,0.0490676127374172,0,0.998795449733734,0.0490676127374172,0,0.999924719333649,0.0122715439647436,0,0.999924719333649,0.0122715439647436,0,0.998795449733734,0.0490676127374172,0,0.998795449733734,0.0490676127374172,0,0.999924719333649,0.0122715439647436,0,0.999924719333649,0.0122715439647436,0,0.998795449733734,0.0490676127374172,0,0.998795449733734,0.0490676127374172,0,0.999924719333649,0.0122715439647436,0,0.999924719333649,0.0122715439647436,0,0.998795449733734,0.0490676127374172,0,0.998795449733734,0.0490676127374172,0,0.999924719333649,0.0122715439647436,0,0.999924719333649,0.0122715439647436,0,0.998795449733734,0.0490676127374172,0,0.998795449733734,0.0490676127374172,0,0.999924719333649,0.0122715439647436,0,0.999924719333649,0.0122715439647436,
0,0.998795449733734,0.0490676127374172,0,0.998795449733734,0.0490676127374172,0,0.999924719333649,0.0122715439647436,0,0.999924719333649,0.0122715439647436,0,0.998795449733734,0.0490676127374172,0,0.998795449733734,0.0490676127374172,0,0.999924719333649,0.0122715439647436,0,0.999924719333649,0.0122715439647436,0,0.998795449733734,0.0490676127374172,0,0.998795449733734,0.0490676127374172,0,0.999924719333649,0.0122715439647436,0,0.998795449733734,0.0490676127374172,0,0.995184719562531,0.0980172231793404,0,0.995184719562531,0.0980172231793404,0,0.998795449733734,0.0490676127374172,0,0.998795449733734,0.0490676127374172,0,0.995184719562531,0.0980172231793404,0,0.995184719562531,0.0980172231793404,0,0.998795449733734,0.0490676127374172,0,0.998795449733734,0.0490676127374172,0,0.995184719562531,0.0980172231793404,0,0.995184719562531,0.0980172231793404,0,0.998795449733734,0.0490676127374172,0,0.998795449733734,0.0490676127374172,0,0.995184719562531,0.0980172231793404,0,0.995184719562531,0.0980172231793404,0,0.998795449733734,0.0490676127374172,0,0.998795449733734,0.0490676127374172,0,0.995184719562531,0.0980172231793404,0,0.995184719562531,0.0980172231793404,0,0.998795449733734,0.0490676127374172,0,0.998795449733734,0.0490676127374172,0,0.995184719562531,0.0980172231793404,0,0.995184719562531,0.0980172231793404,0,0.998795449733734,0.0490676127374172,0,0.998795449733734,0.0490676127374172,0,0.995184719562531,0.0980172231793404,0,0.995184719562531,0.0980172231793404,0,0.998795449733734,0.0490676127374172,0,0.998795449733734,0.0490676127374172,0,0.995184719562531,0.0980172231793404,0,0.995184719562531,0.0980172231793404,0,0.998795449733734,0.0490676127374172,0,0.998795449733734,0.0490676127374172,0,0.995184719562531,0.0980172231793404,0,0.995184719562531,0.0980172231793404,0,0.998795449733734,0.0490676127374172,0,0.998795449733734,0.0490676127374172,0,0.995184719562531,0.0980172231793404,0,0.995184719562531,0.0980172231793404,0,0.998795449733734,0.0490676127374172,0,0.998795449733734,0.0490676127374172,0,0.995184719562531,0.0980172231793404,
0,0.995184719562531,0.0980172231793404,0,0.998795449733734,0.0490676127374172,0,0.998795449733734,0.0490676127374172,0,0.995184719562531,0.0980172231793404,0,0.995184719562531,0.0980172231793404,0,0.998795449733734,0.0490676127374172,0,0.998795449733734,0.0490676127374172,0,0.995184719562531,0.0980172231793404,0,0.995184719562531,0.0980172231793404,0,0.998795449733734,0.0490676127374172,0,0.998795449733734,0.0490676127374172,0,0.995184719562531,0.0980172231793404,0,0.995184719562531,0.0980172231793404,0,0.998795449733734,0.0490676127374172,0,0.998795449733734,0.0490676127374172,0,0.995184719562531,0.0980172231793404,0,0.995184719562531,0.0980172231793404,0,0.998795449733734,0.0490676127374172,0,0.998795449733734,0.0490676127374172,0,0.995184719562531,0.0980172231793404,0,0.995184719562531,0.0980172231793404,0,0.998795449733734,0.0490676127374172,0,0.998795449733734,0.0490676127374172,0,0.995184719562531,0.0980172231793404,0,0.995184719562531,0.0980172231793404,0,0.998795449733734,0.0490676127374172,0,0.998795449733734,0.0490676127374172,0,0.995184719562531,0.0980172231793404,0,0.995184719562531,0.0980172231793404,0,0.998795449733734,0.0490676127374172,0,0.998795449733734,0.0490676127374172,0,0.995184719562531,0.0980172231793404,0,0.995184719562531,0.0980172231793404,0,0.998795449733734,0.0490676127374172,0,0.998795449733734,0.0490676127374172,0,0.995184719562531,0.0980172231793404,0,0.995184719562531,0.0980172231793404,0,0.998795449733734,0.0490676127374172,0,0.998795449733734,0.0490676127374172,0,0.995184719562531,0.0980172231793404,0,0.995184719562531,0.0980172231793404,0,0.998795449733734,0.0490676127374172,0,0.998795449733734,0.0490676127374172,0,0.995184719562531,0.0980172231793404,0,0.995184719562531,0.0980172231793404,0,0.998795449733734,0.0490676127374172,0,0.998795449733734,0.0490676127374172,0,0.995184719562531,0.0980172231793404,0,0.995184719562531,0.0980172231793404,0,0.998795449733734,0.0490676127374172,0,0.998795449733734,0.0490676127374172,0,0.995184719562531,0.0980172231793404,0,0.995184719562531,0.0980172231793404,
0,0.998795449733734,0.0490676127374172,0,0.998795449733734,0.0490676127374172,0,0.995184719562531,0.0980172231793404,0,0.995184719562531,0.0980172231793404,0,0.998795449733734,0.0490676127374172,0,0.998795449733734,0.0490676127374172,0,0.995184719562531,0.0980172231793404,0,0.995184719562531,0.0980172231793404,0,0.998795449733734,0.0490676127374172,0,0.998795449733734,0.0490676127374172,0,0.995184719562531,0.0980172231793404,0,0.995184719562531,0.0980172231793404,0,0.998795449733734,0.0490676127374172,0,0.998795449733734,0.0490676127374172,0,0.995184719562531,0.0980172231793404,0,0.995184719562531,0.0980172231793404,0,0.998795449733734,0.0490676127374172,0,0.998795449733734,0.0490676127374172,0,0.995184719562531,0.0980172231793404,0,0.995184719562531,0.0980172231793404,0,0.998795449733734,0.0490676127374172,0,0.998795449733734,0.0490676127374172,0,0.995184719562531,0.0980172231793404,0,0.995184719562531,0.0980172231793404,0,0.998795449733734,0.0490676127374172,0,0.998795449733734,0.0490676127374172,0,0.995184719562531,0.0980172231793404,0,0.995184719562531,0.0980172231793404,0,0.998795449733734,0.0490676127374172,0,0.998795449733734,0.0490676127374172,0,0.995184719562531,0.0980172231793404,0,0.995184719562531,0.0980172231793404,0,0.998795449733734,0.0490676127374172,0,0.995184719562531,0.0980172231793404,0,0.989176511764526,0.146730601787567,0,0.989176511764526,0.146730601787567,0,0.995184719562531,0.0980172231793404,0,0.995184719562531,0.0980172231793404,0,0.989176511764526,0.146730601787567,0,0.989176511764526,0.146730601787567,0,0.995184719562531,0.0980172231793404,0,0.995184719562531,0.0980172231793404,0,0.989176511764526,0.146730601787567,0,0.989176511764526,0.146730601787567,0,0.995184719562531,0.0980172231793404,0,0.995184719562531,0.0980172231793404,0,0.989176511764526,0.146730601787567,0,0.989176511764526,0.146730601787567,0,0.995184719562531,0.0980172231793404,0,0.995184719562531,0.0980172231793404,0,0.989176511764526,0.146730601787567,0,0.989176511764526,0.146730601787567,0,0.995184719562531,0.0980172231793404,
0,0.995184719562531,0.0980172231793404,0,0.989176511764526,0.146730601787567,0,0.989176511764526,0.146730601787567,0,0.995184719562531,0.0980172231793404,0,0.995184719562531,0.0980172231793404,0,0.989176511764526,0.146730601787567,0,0.989176511764526,0.146730601787567,0,0.995184719562531,0.0980172231793404,0,0.995184719562531,0.0980172231793404,0,0.989176511764526,0.146730601787567,0,0.989176511764526,0.146730601787567,0,0.995184719562531,0.0980172231793404,0,0.995184719562531,0.0980172231793404,0,0.989176511764526,0.146730601787567,0,0.989176511764526,0.146730601787567,0,0.995184719562531,0.0980172231793404,0,0.995184719562531,0.0980172231793404,0,0.989176511764526,0.146730601787567,0,0.989176511764526,0.146730601787567,0,0.995184719562531,0.0980172231793404,0,0.995184719562531,0.0980172231793404,0,0.989176511764526,0.146730601787567,0,0.989176511764526,0.146730601787567,0,0.995184719562531,0.0980172231793404,0,0.995184719562531,0.0980172231793404,0,0.989176511764526,0.146730601787567,0,0.989176511764526,0.146730601787567,0,0.995184719562531,0.0980172231793404,0,0.995184719562531,0.0980172231793404,0,0.989176511764526,0.146730601787567,0,0.989176511764526,0.146730601787567,0,0.995184719562531,0.0980172231793404,0,0.995184719562531,0.0980172231793404,0,0.989176511764526,0.146730601787567,0,0.989176511764526,0.146730601787567,0,0.995184719562531,0.0980172231793404,0,0.995184719562531,0.0980172231793404,0,0.989176511764526,0.146730601787567,0,0.989176511764526,0.146730601787567,0,0.995184719562531,0.0980172231793404,0,0.995184719562531,0.0980172231793404,0,0.989176511764526,0.146730601787567,0,0.989176511764526,0.146730601787567,0,0.995184719562531,0.0980172231793404,0,0.995184719562531,0.0980172231793404,0,0.989176511764526,0.146730601787567,0,0.989176511764526,0.146730601787567,0,0.995184719562531,0.0980172231793404,0,0.995184719562531,0.0980172231793404,0,0.989176511764526,0.146730601787567,0,0.989176511764526,0.146730601787567,0,0.995184719562531,0.0980172231793404,0,0.995184719562531,0.0980172231793404,0,0.989176511764526,0.146730601787567,
0,0.989176511764526,0.146730601787567,0,0.995184719562531,0.0980172231793404,0,0.995184719562531,0.0980172231793404,0,0.989176511764526,0.146730601787567,0,0.989176511764526,0.146730601787567,0,0.995184719562531,0.0980172231793404,0,0.995184719562531,0.0980172231793404,0,0.989176511764526,0.146730601787567,0,0.989176511764526,0.146730601787567,0,0.995184719562531,0.0980172231793404,0,0.995184719562531,0.0980172231793404,0,0.989176511764526,0.146730601787567,0,0.989176511764526,0.146730601787567,0,0.995184719562531,0.0980172231793404,0,0.995184719562531,0.0980172231793404,0,0.989176511764526,0.146730601787567,0,0.989176511764526,0.146730601787567,0,0.995184719562531,0.0980172231793404,0,0.995184719562531,0.0980172231793404,0,0.989176511764526,0.146730601787567,0,0.989176511764526,0.146730601787567,0,0.995184719562531,0.0980172231793404,0,0.995184719562531,0.0980172231793404,0,0.989176511764526,0.146730601787567,0,0.989176511764526,0.146730601787567,0,0.995184719562531,0.0980172231793404,0,0.995184719562531,0.0980172231793404,0,0.989176511764526,0.146730601787567,0,0.989176511764526,0.146730601787567,0,0.995184719562531,0.0980172231793404,0,0.995184719562531,0.0980172231793404,0,0.989176511764526,0.146730601787567,0,0.989176511764526,0.146730601787567,0,0.995184719562531,0.0980172231793404,0,0.995184719562531,0.0980172231793404,0,0.989176511764526,0.146730601787567,0,0.989176511764526,0.146730601787567,0,0.995184719562531,0.0980172231793404,0,0.995184719562531,0.0980172231793404,0,0.989176511764526,0.146730601787567,0,0.989176511764526,0.146730601787567,0,0.995184719562531,0.0980172231793404,0,0.995184719562531,0.0980172231793404,0,0.989176511764526,0.146730601787567,0,0.989176511764526,0.146730601787567,0,0.995184719562531,0.0980172231793404,0,0.995184719562531,0.0980172231793404,0,0.989176511764526,0.146730601787567,0,0.989176511764526,0.146730601787567,0,0.995184719562531,0.0980172231793404,0,0.995184719562531,0.0980172231793404,0,0.989176511764526,0.146730601787567,0,0.989176511764526,0.146730601787567,0,0.995184719562531,0.0980172231793404,
0,0.989176511764526,0.146730601787567,0,0.980785250663757,0.195090249180794,0,0.980785250663757,0.195090249180794,0,0.989176511764526,0.146730601787567,0,0.989176511764526,0.146730601787567,0,0.980785250663757,0.195090249180794,0,0.980785250663757,0.195090249180794,0,0.989176511764526,0.146730601787567,0,0.989176511764526,0.146730601787567,0,0.980785250663757,0.195090249180794,0,0.980785250663757,0.195090249180794,0,0.989176511764526,0.146730601787567,0,0.989176511764526,0.146730601787567,0,0.980785250663757,0.195090249180794,0,0.980785250663757,0.195090249180794,0,0.989176511764526,0.146730601787567,0,0.989176511764526,0.146730601787567,0,0.980785250663757,0.195090249180794,0,0.980785250663757,0.195090249180794,0,0.989176511764526,0.146730601787567,0,0.989176511764526,0.146730601787567,0,0.980785250663757,0.195090249180794,0,0.980785250663757,0.195090249180794,0,0.989176511764526,0.146730601787567,0,0.989176511764526,0.146730601787567,0,0.980785250663757,0.195090249180794,0,0.980785250663757,0.195090249180794,0,0.989176511764526,0.146730601787567,0,0.989176511764526,0.146730601787567,0,0.980785250663757,0.195090249180794,0,0.980785250663757,0.195090249180794,0,0.989176511764526,0.146730601787567,0,0.989176511764526,0.146730601787567,0,0.980785250663757,0.195090249180794,0,0.980785250663757,0.195090249180794,0,0.989176511764526,0.146730601787567,0,0.989176511764526,0.146730601787567,0,0.980785250663757,0.195090249180794,0,0.980785250663757,0.195090249180794,0,0.989176511764526,0.146730601787567,0,0.989176511764526,0.146730601787567,0,0.980785250663757,0.195090249180794,0,0.980785250663757,0.195090249180794,0,0.989176511764526,0.146730601787567,0,0.989176511764526,0.146730601787567,0,0.980785250663757,0.195090249180794,0,0.980785250663757,0.195090249180794,0,0.989176511764526,0.146730601787567,0,0.989176511764526,0.146730601787567,0,0.980785250663757,0.195090249180794,0,0.980785250663757,0.195090249180794,0,0.989176511764526,0.146730601787567,0,0.989176511764526,0.146730601787567,0,0.980785250663757,0.195090249180794,
0,0.980785250663757,0.195090249180794,0,0.989176511764526,0.146730601787567,0,0.989176511764526,0.146730601787567,0,0.980785250663757,0.195090249180794,0,0.980785250663757,0.195090249180794,0,0.989176511764526,0.146730601787567,0,0.989176511764526,0.146730601787567,0,0.980785250663757,0.195090249180794,0,0.980785250663757,0.195090249180794,0,0.989176511764526,0.146730601787567,0,0.989176511764526,0.146730601787567,0,0.980785250663757,0.195090249180794,0,0.980785250663757,0.195090249180794,0,0.989176511764526,0.146730601787567,0,0.989176511764526,0.146730601787567,0,0.980785250663757,0.195090249180794,0,0.980785250663757,0.195090249180794,0,0.989176511764526,0.146730601787567,0,0.989176511764526,0.146730601787567,0,0.980785250663757,0.195090249180794,0,0.980785250663757,0.195090249180794,0,0.989176511764526,0.146730601787567,0,0.989176511764526,0.146730601787567,0,0.980785250663757,0.195090249180794,0,0.980785250663757,0.195090249180794,0,0.989176511764526,0.146730601787567,0,0.989176511764526,0.146730601787567,0,0.980785250663757,0.195090249180794,0,0.980785250663757,0.195090249180794,0,0.989176511764526,0.146730601787567,0,0.989176511764526,0.146730601787567,0,0.980785250663757,0.195090249180794,0,0.980785250663757,0.195090249180794,0,0.989176511764526,0.146730601787567,0,0.989176511764526,0.146730601787567,0,0.980785250663757,0.195090249180794,0,0.980785250663757,0.195090249180794,0,0.989176511764526,0.146730601787567,0,0.989176511764526,0.146730601787567,0,0.980785250663757,0.195090249180794,0,0.980785250663757,0.195090249180794,0,0.989176511764526,0.146730601787567,0,0.989176511764526,0.146730601787567,0,0.980785250663757,0.195090249180794,0,0.980785250663757,0.195090249180794,0,0.989176511764526,0.146730601787567,0,0.989176511764526,0.146730601787567,0,0.980785250663757,0.195090249180794,0,0.980785250663757,0.195090249180794,0,0.989176511764526,0.146730601787567,0,0.989176511764526,0.146730601787567,0,0.980785250663757,0.195090249180794,0,0.980785250663757,0.195090249180794,0,0.989176511764526,0.146730601787567,
0,0.989176511764526,0.146730601787567,0,0.980785250663757,0.195090249180794,0,0.980785250663757,0.195090249180794,0,0.989176511764526,0.146730601787567,0,0.989176511764526,0.146730601787567,0,0.980785250663757,0.195090249180794,0,0.980785250663757,0.195090249180794,0,0.989176511764526,0.146730601787567,0,0.989176511764526,0.146730601787567,0,0.980785250663757,0.195090249180794,0,0.980785250663757,0.195090249180794,0,0.989176511764526,0.146730601787567,0,0.989176511764526,0.146730601787567,0,0.980785250663757,0.195090249180794,0,0.980785250663757,0.195090249180794,0,0.989176511764526,0.146730601787567,0,0.989176511764526,0.146730601787567,0,0.980785250663757,0.195090249180794,0,0.980785250663757,0.195090249180794,0,0.989176511764526,0.146730601787567,0,0.980785250663757,0.195090249180794,0,0.970031261444092,0.242980182170868,0,0.970031261444092,0.242980182170868,0,0.980785250663757,0.195090249180794,0,0.980785250663757,0.195090249180794,0,0.970031261444092,0.242980182170868,0,0.970031261444092,0.242980182170868,0,0.980785250663757,0.195090249180794,0,0.980785250663757,0.195090249180794,0,0.970031261444092,0.242980182170868,0,0.970031261444092,0.242980182170868,0,0.980785250663757,0.195090249180794,0,0.980785250663757,0.195090249180794,0,0.970031261444092,0.242980182170868,0,0.970031261444092,0.242980182170868,0,0.980785250663757,0.195090249180794,0,0.980785250663757,0.195090249180794,0,0.970031261444092,0.242980182170868,0,0.970031261444092,0.242980182170868,0,0.980785250663757,0.195090249180794,0,0.980785250663757,0.195090249180794,0,0.970031261444092,0.242980182170868,0,0.970031261444092,0.242980182170868,0,0.980785250663757,0.195090249180794,0,0.980785250663757,0.195090249180794,0,0.970031261444092,0.242980182170868,0,0.970031261444092,0.242980182170868,0,0.980785250663757,0.195090249180794,0,0.980785250663757,0.195090249180794,0,0.970031261444092,0.242980182170868,0,0.970031261444092,0.242980182170868,0,0.980785250663757,0.195090249180794,0,0.980785250663757,0.195090249180794,0,0.970031261444092,0.242980182170868,
0,0.970031261444092,0.242980182170868,0,0.980785250663757,0.195090249180794,0,0.980785250663757,0.195090249180794,0,0.970031261444092,0.242980182170868,0,0.970031261444092,0.242980182170868,0,0.980785250663757,0.195090249180794,0,0.980785250663757,0.195090249180794,0,0.970031261444092,0.242980182170868,0,0.970031261444092,0.242980182170868,0,0.980785250663757,0.195090249180794,0,0.980785250663757,0.195090249180794,0,0.970031261444092,0.242980182170868,0,0.970031261444092,0.242980182170868,0,0.980785250663757,0.195090249180794,0,0.980785250663757,0.195090249180794,0,0.970031261444092,0.242980182170868,0,0.970031261444092,0.242980182170868,0,0.980785250663757,0.195090249180794,0,0.980785250663757,0.195090249180794,0,0.970031261444092,0.242980182170868,0,0.970031261444092,0.242980182170868,0,0.980785250663757,0.195090249180794,0,0.980785250663757,0.195090249180794,0,0.970031261444092,0.242980182170868,0,0.970031261444092,0.242980182170868,0,0.980785250663757,0.195090249180794,0,0.980785250663757,0.195090249180794,0,0.970031261444092,0.242980182170868,0,0.970031261444092,0.242980182170868,0,0.980785250663757,0.195090249180794,0,0.980785250663757,0.195090249180794,0,0.970031261444092,0.242980182170868,0,0.970031261444092,0.242980182170868,0,0.980785250663757,0.195090249180794,0,0.980785250663757,0.195090249180794,0,0.970031261444092,0.242980182170868,0,0.970031261444092,0.242980182170868,0,0.980785250663757,0.195090249180794,0,0.980785250663757,0.195090249180794,0,0.970031261444092,0.242980182170868,0,0.970031261444092,0.242980182170868,0,0.980785250663757,0.195090249180794,0,0.980785250663757,0.195090249180794,0,0.970031261444092,0.242980182170868,0,0.970031261444092,0.242980182170868,0,0.980785250663757,0.195090249180794,0,0.980785250663757,0.195090249180794,0,0.970031261444092,0.242980182170868,0,0.970031261444092,0.242980182170868,0,0.980785250663757,0.195090249180794,0,0.980785250663757,0.195090249180794,0,0.970031261444092,0.242980182170868,0,0.970031261444092,0.242980182170868,0,0.980785250663757,0.195090249180794,
0,0.980785250663757,0.195090249180794,0,0.970031261444092,0.242980182170868,0,0.970031261444092,0.242980182170868,0,0.980785250663757,0.195090249180794,0,0.980785250663757,0.195090249180794,0,0.970031261444092,0.242980182170868,0,0.970031261444092,0.242980182170868,0,0.980785250663757,0.195090249180794,0,0.980785250663757,0.195090249180794,0,0.970031261444092,0.242980182170868,0,0.970031261444092,0.242980182170868,0,0.980785250663757,0.195090249180794,0,0.980785250663757,0.195090249180794,0,0.970031261444092,0.242980182170868,0,0.970031261444092,0.242980182170868,0,0.980785250663757,0.195090249180794,0,0.980785250663757,0.195090249180794,0,0.970031261444092,0.242980182170868,0,0.970031261444092,0.242980182170868,0,0.980785250663757,0.195090249180794,0,0.980785250663757,0.195090249180794,0,0.970031261444092,0.242980182170868,0,0.970031261444092,0.242980182170868,0,0.980785250663757,0.195090249180794,0,0.980785250663757,0.195090249180794,0,0.970031261444092,0.242980182170868,0,0.970031261444092,0.242980182170868,0,0.980785250663757,0.195090249180794,0,0.980785250663757,0.195090249180794,0,0.970031261444092,0.242980182170868,0,0.970031261444092,0.242980182170868,0,0.980785250663757,0.195090249180794,0,0.980785250663757,0.195090249180794,0,0.970031261444092,0.242980182170868,0,0.970031261444092,0.242980182170868,0,0.980785250663757,0.195090249180794,0,0.980785250663757,0.195090249180794,0,0.970031261444092,0.242980182170868,0,0.970031261444092,0.242980182170868,0,0.980785250663757,0.195090249180794,0,0.970031261444092,0.242980182170868,0,0.956940412521362,0.29028445482254,0,0.956940352916718,0.29028445482254,0,0.970031261444092,0.242980182170868,0,0.970031261444092,0.242980182170868,0,0.956940412521362,0.29028445482254,0,0.956940412521362,0.29028445482254,0,0.970031261444092,0.242980182170868,0,0.970031261444092,0.242980182170868,0,0.956940412521362,0.29028445482254,0,0.956940412521362,0.29028445482254,0,0.970031261444092,0.242980182170868,0,0.970031261444092,0.242980182170868,0,0.956940412521362,0.29028445482254,0,0.956940412521362,0.29028445482254,
0,0.970031261444092,0.242980182170868,0,0.970031261444092,0.242980182170868,0,0.956940412521362,0.29028445482254,0,0.956940412521362,0.29028445482254,0,0.970031261444092,0.242980182170868,0,0.970031261444092,0.242980182170868,0,0.956940412521362,0.29028445482254,0,0.956940412521362,0.29028445482254,0,0.970031261444092,0.242980182170868,0,0.970031261444092,0.242980182170868,0,0.956940412521362,0.29028445482254,0,0.956940412521362,0.29028445482254,0,0.970031261444092,0.242980182170868,0,0.970031261444092,0.242980182170868,0,0.956940412521362,0.29028445482254,0,0.956940412521362,0.29028445482254,0,0.970031261444092,0.242980182170868,0,0.970031261444092,0.242980182170868,0,0.956940412521362,0.29028445482254,0,0.956940412521362,0.29028445482254,0,0.970031261444092,0.242980182170868,0,0.970031261444092,0.242980182170868,0,0.956940412521362,0.29028445482254,0,0.956940412521362,0.29028445482254,0,0.970031261444092,0.242980182170868,0,0.970031261444092,0.242980182170868,0,0.956940412521362,0.29028445482254,0,0.956940412521362,0.29028445482254,0,0.970031261444092,0.242980182170868,0,0.970031261444092,0.242980182170868,0,0.956940412521362,0.29028445482254,0,0.956940412521362,0.29028445482254,0,0.970031261444092,0.242980182170868,0,0.970031261444092,0.242980182170868,0,0.956940412521362,0.29028445482254,0,0.956940412521362,0.29028445482254,0,0.970031261444092,0.242980182170868,0,0.970031261444092,0.242980182170868,0,0.956940412521362,0.29028445482254,0,0.956940412521362,0.29028445482254,0,0.970031261444092,0.242980182170868,0,0.970031261444092,0.242980182170868,0,0.956940412521362,0.29028445482254,0,0.956940412521362,0.29028445482254,0,0.970031261444092,0.242980182170868,0,0.970031261444092,0.242980182170868,0,0.956940412521362,0.29028445482254,0,0.956940412521362,0.29028445482254,0,0.970031261444092,0.242980182170868,0,0.970031261444092,0.242980182170868,0,0.956940412521362,0.29028445482254,0,0.956940412521362,0.29028445482254,0,0.970031261444092,0.242980182170868,0,0.970031261444092,0.242980182170868,0,0.956940412521362,0.29028445482254,
0,0.956940412521362,0.29028445482254,0,0.970031261444092,0.242980182170868,0,0.970031261444092,0.242980182170868,0,0.956940412521362,0.29028445482254,0,0.956940412521362,0.29028445482254,0,0.970031261444092,0.242980182170868,0,0.970031261444092,0.242980182170868,0,0.956940412521362,0.29028445482254,0,0.956940412521362,0.29028445482254,0,0.970031261444092,0.242980182170868,0,0.970031261444092,0.242980182170868,0,0.956940412521362,0.29028445482254,0,0.956940412521362,0.29028445482254,0,0.970031261444092,0.242980182170868,0,0.970031261444092,0.242980182170868,0,0.956940412521362,0.29028445482254,0,0.956940412521362,0.29028445482254,0,0.970031261444092,0.242980182170868,0,0.970031261444092,0.242980182170868,0,0.956940412521362,0.29028445482254,0,0.956940412521362,0.29028445482254,0,0.970031261444092,0.242980182170868,0,0.970031261444092,0.242980182170868,0,0.956940412521362,0.29028445482254,0,0.956940412521362,0.29028445482254,0,0.970031261444092,0.242980182170868,0,0.970031261444092,0.242980182170868,0,0.956940412521362,0.29028445482254,0,0.956940412521362,0.29028445482254,0,0.970031261444092,0.242980182170868,0,0.970031261444092,0.242980182170868,0,0.956940412521362,0.29028445482254,0,0.956940412521362,0.29028445482254,0,0.970031261444092,0.242980182170868,0,0.970031261444092,0.242980182170868,0,0.956940412521362,0.29028445482254,0,0.956940412521362,0.29028445482254,0,0.970031261444092,0.242980182170868,0,0.970031261444092,0.242980182170868,0,0.956940412521362,0.29028445482254,0,0.956940412521362,0.29028445482254,0,0.970031261444092,0.242980182170868,0,0.970031261444092,0.242980182170868,0,0.956940412521362,0.29028445482254,0,0.956940412521362,0.29028445482254,0,0.970031261444092,0.242980182170868,0,0.970031261444092,0.242980182170868,0,0.956940412521362,0.29028445482254,0,0.956940412521362,0.29028445482254,0,0.970031261444092,0.242980182170868,0,0.970031261444092,0.242980182170868,0,0.956940412521362,0.29028445482254,0,0.956940412521362,0.29028445482254,0,0.970031261444092,0.242980182170868,0,0.970031261444092,0.242980182170868,
0,0.956940352916718,0.29028445482254,0,0.956940412521362,0.29028445482254,0,0.970031261444092,0.242980182170868,0,0.956940412521362,0.29028445482254,0,0.941544055938721,0.336889743804932,0,0.941544055938721,0.336889743804932,0,0.956940352916718,0.29028445482254,0,0.956940412521362,0.29028445482254,0,0.941544055938721,0.336889743804932,0,0.941544055938721,0.336889743804932,0,0.956940412521362,0.29028445482254,0,0.956940412521362,0.29028445482254,0,0.941544055938721,0.336889743804932,0,0.941544055938721,0.336889743804932,0,0.956940412521362,0.29028445482254,0,0.956940412521362,0.29028445482254,0,0.941544055938721,0.336889743804932,0,0.941544055938721,0.336889743804932,0,0.956940412521362,0.29028445482254,0,0.956940412521362,0.29028445482254,0,0.941544055938721,0.336889743804932,0,0.941544055938721,0.336889743804932,0,0.956940412521362,0.29028445482254,0,0.956940412521362,0.29028445482254,0,0.941544055938721,0.336889743804932,0,0.941544055938721,0.336889743804932,0,0.956940412521362,0.29028445482254,0,0.956940412521362,0.29028445482254,0,0.941544055938721,0.336889743804932,0,0.941544055938721,0.336889743804932,0,0.956940412521362,0.29028445482254,0,0.956940412521362,0.29028445482254,0,0.941544055938721,0.336889743804932,0,0.941544055938721,0.336889743804932,0,0.956940412521362,0.29028445482254,0,0.956940412521362,0.29028445482254,0,0.941544055938721,0.336889743804932,0,0.941544055938721,0.336889743804932,0,0.956940412521362,0.29028445482254,0,0.956940412521362,0.29028445482254,0,0.941544055938721,0.336889743804932,0,0.941544055938721,0.336889743804932,0,0.956940412521362,0.29028445482254,0,0.956940412521362,0.29028445482254,0,0.941544055938721,0.336889743804932,0,0.941544055938721,0.336889743804932,0,0.956940412521362,0.29028445482254,0,0.956940412521362,0.29028445482254,0,0.941544055938721,0.336889743804932,0,0.941544055938721,0.336889743804932,0,0.956940412521362,0.29028445482254,0,0.956940412521362,0.29028445482254,0,0.941544055938721,0.336889743804932,0,0.941544055938721,0.336889743804932,0,0.956940412521362,0.29028445482254,
0,0.956940412521362,0.29028445482254,0,0.941544055938721,0.336889743804932,0,0.941544055938721,0.336889743804932,0,0.956940412521362,0.29028445482254,0,0.956940412521362,0.29028445482254,0,0.941544055938721,0.336889743804932,0,0.941544055938721,0.336889743804932,0,0.956940412521362,0.29028445482254,0,0.956940412521362,0.29028445482254,0,0.941544055938721,0.336889743804932,0,0.941544055938721,0.336889743804932,0,0.956940412521362,0.29028445482254,0,0.956940412521362,0.29028445482254,0,0.941544055938721,0.336889743804932,0,0.941544055938721,0.336889743804932,0,0.956940412521362,0.29028445482254,0,0.956940412521362,0.29028445482254,0,0.941544055938721,0.336889743804932,0,0.941544055938721,0.336889743804932,0,0.956940412521362,0.29028445482254,0,0.956940412521362,0.29028445482254,0,0.941544055938721,0.336889743804932,0,0.941544055938721,0.336889743804932,0,0.956940412521362,0.29028445482254,0,0.956940412521362,0.29028445482254,0,0.941544055938721,0.336889743804932,0,0.941544055938721,0.336889743804932,0,0.956940412521362,0.29028445482254,0,0.956940412521362,0.29028445482254,0,0.941544055938721,0.336889743804932,0,0.941544055938721,0.336889743804932,0,0.956940412521362,0.29028445482254,0,0.956940412521362,0.29028445482254,0,0.941544055938721,0.336889743804932,0,0.941544055938721,0.336889743804932,0,0.956940412521362,0.29028445482254,0,0.956940412521362,0.29028445482254,0,0.941544055938721,0.336889743804932,0,0.941544055938721,0.336889743804932,0,0.956940412521362,0.29028445482254,0,0.956940412521362,0.29028445482254,0,0.941544055938721,0.336889743804932,0,0.941544055938721,0.336889743804932,0,0.956940412521362,0.29028445482254,0,0.956940412521362,0.29028445482254,0,0.941544055938721,0.336889743804932,0,0.941544055938721,0.336889743804932,0,0.956940412521362,0.29028445482254,0,0.956940412521362,0.29028445482254,0,0.941544055938721,0.336889743804932,0,0.941544055938721,0.336889743804932,0,0.956940412521362,0.29028445482254,0,0.956940412521362,0.29028445482254,0,0.941544055938721,0.336889743804932,0,0.941544055938721,0.336889743804932,
0,0.956940412521362,0.29028445482254,0,0.956940412521362,0.29028445482254,0,0.941544055938721,0.336889743804932,0,0.941544055938721,0.336889743804932,0,0.956940412521362,0.29028445482254,0,0.956940412521362,0.29028445482254,0,0.941544055938721,0.336889743804932,0,0.941544055938721,0.336889743804932,0,0.956940412521362,0.29028445482254,0,0.956940412521362,0.29028445482254,0,0.941544055938721,0.336889743804932,0,0.941544055938721,0.336889743804932,0,0.956940412521362,0.29028445482254,0,0.956940412521362,0.29028445482254,0,0.941544055938721,0.336889743804932,0,0.941544055938721,0.336889743804932,0,0.956940412521362,0.29028445482254,0,0.956940352916718,0.29028445482254,0,0.941544055938721,0.336889743804932,0,0.941544055938721,0.336889743804932,0,0.956940412521362,0.29028445482254,0,0.941544055938721,0.336889743804932,0,0.923879384994507,0.382683604955673,0,0.923879384994507,0.382683634757996,0,0.941544055938721,0.336889743804932,0,0.941544055938721,0.336889743804932,0,0.923879384994507,0.382683604955673,0,0.923879384994507,0.382683604955673,0,0.941544055938721,0.336889743804932,0,0.941544055938721,0.336889743804932,0,0.923879384994507,0.382683604955673,0,0.923879384994507,0.382683604955673,0,0.941544055938721,0.336889743804932,0,0.941544055938721,0.336889743804932,0,0.923879384994507,0.382683604955673,0,0.923879384994507,0.382683604955673,0,0.941544055938721,0.336889743804932,0,0.941544055938721,0.336889743804932,0,0.923879384994507,0.382683604955673,0,0.923879384994507,0.382683604955673,0,0.941544055938721,0.336889743804932,0,0.941544055938721,0.336889743804932,0,0.923879384994507,0.382683604955673,0,0.923879384994507,0.382683604955673,0,0.941544055938721,0.336889743804932,0,0.941544055938721,0.336889743804932,0,0.923879384994507,0.382683604955673,0,0.923879384994507,0.382683604955673,0,0.941544055938721,0.336889743804932,0,0.941544055938721,0.336889743804932,0,0.923879384994507,0.382683604955673,0,0.923879384994507,0.382683604955673,0,0.941544055938721,0.336889743804932,0,0.941544055938721,0.336889743804932,0,0.923879384994507,0.382683604955673,
0,0.923879384994507,0.382683604955673,0,0.941544055938721,0.336889743804932,0,0.941544055938721,0.336889743804932,0,0.923879384994507,0.382683604955673,0,0.923879384994507,0.382683604955673,0,0.941544055938721,0.336889743804932,0,0.941544055938721,0.336889743804932,0,0.923879384994507,0.382683604955673,0,0.923879384994507,0.382683604955673,0,0.941544055938721,0.336889743804932,0,0.941544055938721,0.336889743804932,0,0.923879384994507,0.382683604955673,0,0.923879384994507,0.382683604955673,0,0.941544055938721,0.336889743804932,0,0.941544055938721,0.336889743804932,0,0.923879384994507,0.382683604955673,0,0.923879384994507,0.382683604955673,0,0.941544055938721,0.336889743804932,0,0.941544055938721,0.336889743804932,0,0.923879384994507,0.382683604955673,0,0.923879384994507,0.382683604955673,0,0.941544055938721,0.336889743804932,0,0.941544055938721,0.336889743804932,0,0.923879384994507,0.382683604955673,0,0.923879384994507,0.382683604955673,0,0.941544055938721,0.336889743804932,0,0.941544055938721,0.336889743804932,0,0.923879384994507,0.382683604955673,0,0.923879384994507,0.382683604955673,0,0.941544055938721,0.336889743804932,0,0.941544055938721,0.336889743804932,0,0.923879384994507,0.382683604955673,0,0.923879384994507,0.382683604955673,0,0.941544055938721,0.336889743804932,0,0.941544055938721,0.336889743804932,0,0.923879384994507,0.382683604955673,0,0.923879384994507,0.382683604955673,0,0.941544055938721,0.336889743804932,0,0.941544055938721,0.336889743804932,0,0.923879384994507,0.382683604955673,0,0.923879384994507,0.382683604955673,0,0.941544055938721,0.336889743804932,0,0.941544055938721,0.336889743804932,0,0.923879384994507,0.382683604955673,0,0.923879384994507,0.382683604955673,0,0.941544055938721,0.336889743804932,0,0.941544055938721,0.336889743804932,0,0.923879384994507,0.382683604955673,0,0.923879384994507,0.382683604955673,0,0.941544055938721,0.336889743804932,0,0.941544055938721,0.336889743804932,0,0.923879384994507,0.382683604955673,0,0.923879384994507,0.382683604955673,0,0.941544055938721,0.336889743804932,
0,0.941544055938721,0.336889743804932,0,0.923879384994507,0.382683604955673,0,0.923879384994507,0.382683604955673,0,0.941544055938721,0.336889743804932,0,0.941544055938721,0.336889743804932,0,0.923879384994507,0.382683604955673,0,0.923879384994507,0.382683604955673,0,0.941544055938721,0.336889743804932,0,0.941544055938721,0.336889743804932,0,0.923879384994507,0.382683604955673,0,0.923879384994507,0.382683604955673,0,0.941544055938721,0.336889743804932,0,0.941544055938721,0.336889743804932,0,0.923879384994507,0.382683604955673,0,0.923879384994507,0.382683604955673,0,0.941544055938721,0.336889743804932,0,0.941544055938721,0.336889743804932,0,0.923879384994507,0.382683604955673,0,0.923879384994507,0.382683604955673,0,0.941544055938721,0.336889743804932,0,0.941544055938721,0.336889743804932,0,0.923879384994507,0.382683604955673,0,0.923879384994507,0.382683604955673,0,0.941544055938721,0.336889743804932,0,0.941544055938721,0.336889743804932,0,0.923879384994507,0.382683604955673,0,0.923879384994507,0.382683604955673,0,0.941544055938721,0.336889743804932,0,0.941544055938721,0.336889743804932,0,0.923879384994507,0.382683604955673,0,0.923879384994507,0.382683604955673,0,0.941544055938721,0.336889743804932,0,0.941544055938721,0.336889743804932,0,0.923879384994507,0.382683604955673,0,0.923879384994507,0.382683604955673,0,0.941544055938721,0.336889743804932,0,0.941544055938721,0.336889743804932,0,0.923879384994507,0.382683634757996,0,0.923879384994507,0.382683604955673,0,0.941544055938721,0.336889743804932,0,0.923879384994507,0.382683604955673,0,0.903989315032959,0.427555024623871,0,0.903989315032959,0.427555024623871,0,0.923879384994507,0.382683634757996,0,0.923879384994507,0.382683604955673,0,0.903989315032959,0.427555024623871,0,0.903989315032959,0.427555024623871,0,0.923879384994507,0.382683604955673,0,0.923879384994507,0.382683604955673,0,0.903989315032959,0.427555024623871,0,0.903989315032959,0.427555024623871,0,0.923879384994507,0.382683604955673,0,0.923879384994507,0.382683604955673,0,0.903989315032959,0.427555024623871,
0,0.903989315032959,0.427555024623871,0,0.923879384994507,0.382683604955673,0,0.923879384994507,0.382683604955673,0,0.903989315032959,0.427555024623871,0,0.903989315032959,0.427555024623871,0,0.923879384994507,0.382683604955673,0,0.923879384994507,0.382683604955673,0,0.903989315032959,0.427555024623871,0,0.903989315032959,0.427555024623871,0,0.923879384994507,0.382683604955673,0,0.923879384994507,0.382683604955673,0,0.903989315032959,0.427555024623871,0,0.903989315032959,0.427555024623871,0,0.923879384994507,0.382683604955673,0,0.923879384994507,0.382683604955673,0,0.903989315032959,0.427555024623871,0,0.903989315032959,0.427555024623871,0,0.923879384994507,0.382683604955673,0,0.923879384994507,0.382683604955673,0,0.903989315032959,0.427555024623871,0,0.903989315032959,0.427555024623871,0,0.923879384994507,0.382683604955673,0,0.923879384994507,0.382683604955673,0,0.903989315032959,0.427555024623871,0,0.903989315032959,0.427555024623871,0,0.923879384994507,0.382683604955673,0,0.923879384994507,0.382683604955673,0,0.903989315032959,0.427555024623871,0,0.903989315032959,0.427555024623871,0,0.923879384994507,0.382683604955673,0,0.923879384994507,0.382683604955673,0,0.903989315032959,0.427555024623871,0,0.903989315032959,0.427555024623871,0,0.923879384994507,0.382683604955673,0,0.923879384994507,0.382683604955673,0,0.903989315032959,0.427555024623871,0,0.903989315032959,0.427555024623871,0,0.923879384994507,0.382683604955673,0,0.923879384994507,0.382683604955673,0,0.903989315032959,0.427555024623871,0,0.903989315032959,0.427555024623871,0,0.923879384994507,0.382683604955673,0,0.923879384994507,0.382683604955673,0,0.903989315032959,0.427555024623871,0,0.903989315032959,0.427555024623871,0,0.923879384994507,0.382683604955673,0,0.923879384994507,0.382683604955673,0,0.903989315032959,0.427555024623871,0,0.903989315032959,0.427555024623871,0,0.923879384994507,0.382683604955673,0,0.923879384994507,0.382683604955673,0,0.903989315032959,0.427555024623871,0,0.903989315032959,0.427555024623871,0,0.923879384994507,0.382683604955673,
0,0.923879384994507,0.382683604955673,0,0.903989315032959,0.427555024623871,0,0.903989315032959,0.427555024623871,0,0.923879384994507,0.382683604955673,0,0.923879384994507,0.382683604955673,0,0.903989315032959,0.427555024623871,0,0.903989315032959,0.427555024623871,0,0.923879384994507,0.382683604955673,0,0.923879384994507,0.382683604955673,0,0.903989315032959,0.427555024623871,0,0.903989315032959,0.427555024623871,0,0.923879384994507,0.382683604955673,0,0.923879384994507,0.382683604955673,0,0.903989315032959,0.427555024623871,0,0.903989315032959,0.427555024623871,0,0.923879384994507,0.382683604955673,0,0.923879384994507,0.382683604955673,0,0.903989315032959,0.427555024623871,0,0.903989315032959,0.427555024623871,0,0.923879384994507,0.382683604955673,0,0.923879384994507,0.382683604955673,0,0.903989315032959,0.427555024623871,0,0.903989315032959,0.427555024623871,0,0.923879384994507,0.382683604955673,0,0.923879384994507,0.382683604955673,0,0.903989315032959,0.427555024623871,0,0.903989315032959,0.427555024623871,0,0.923879384994507,0.382683604955673,0,0.923879384994507,0.382683604955673,0,0.903989315032959,0.427555024623871,0,0.903989315032959,0.427555024623871,0,0.923879384994507,0.382683604955673,0,0.923879384994507,0.382683604955673,0,0.903989315032959,0.427555024623871,0,0.903989315032959,0.427555024623871,0,0.923879384994507,0.382683604955673,0,0.923879384994507,0.382683604955673,0,0.903989315032959,0.427555024623871,0,0.903989315032959,0.427555024623871,0,0.923879384994507,0.382683604955673,0,0.923879384994507,0.382683604955673,0,0.903989315032959,0.427555024623871,0,0.903989315032959,0.427555024623871,0,0.923879384994507,0.382683604955673,0,0.923879384994507,0.382683604955673,0,0.903989315032959,0.427555024623871,0,0.903989315032959,0.427555024623871,0,0.923879384994507,0.382683604955673,0,0.923879384994507,0.382683604955673,0,0.903989315032959,0.427555024623871,0,0.903989315032959,0.427555024623871,0,0.923879384994507,0.382683604955673,0,0.923879384994507,0.382683604955673,0,0.903989315032959,0.427555024623871,
0,0.903989315032959,0.427555024623871,0,0.923879384994507,0.382683604955673,0,0.923879384994507,0.382683634757996,0,0.903989315032959,0.427555024623871,0,0.903989315032959,0.427555024623871,0,0.923879384994507,0.382683604955673,0,0.903989315032959,0.427555024623871,0,0.881921350955963,0.471396595239639,0,0.881921350955963,0.471396595239639,0,0.903989315032959,0.427555024623871,0,0.903989315032959,0.427555024623871,0,0.881921350955963,0.471396595239639,0,0.881921350955963,0.471396595239639,0,0.903989315032959,0.427555024623871,0,0.903989315032959,0.427555024623871,0,0.881921350955963,0.471396595239639,0,0.881921350955963,0.471396595239639,0,0.903989315032959,0.427555024623871,0,0.903989315032959,0.427555024623871,0,0.881921350955963,0.471396595239639,0,0.881921350955963,0.471396595239639,0,0.903989315032959,0.427555024623871,0,0.903989315032959,0.427555024623871,0,0.881921350955963,0.471396595239639,0,0.881921350955963,0.471396595239639,0,0.903989315032959,0.427555024623871,0,0.903989315032959,0.427555024623871,0,0.881921350955963,0.471396595239639,0,0.881921350955963,0.471396595239639,0,0.903989315032959,0.427555024623871,0,0.903989315032959,0.427555024623871,0,0.881921350955963,0.471396595239639,0,0.881921350955963,0.471396595239639,0,0.903989315032959,0.427555024623871,0,0.903989315032959,0.427555024623871,0,0.881921350955963,0.471396595239639,0,0.881921350955963,0.471396595239639,0,0.903989315032959,0.427555024623871,0,0.903989315032959,0.427555024623871,0,0.881921350955963,0.471396595239639,0,0.881921350955963,0.471396595239639,0,0.903989315032959,0.427555024623871,0,0.903989315032959,0.427555024623871,0,0.881921350955963,0.471396595239639,0,0.881921350955963,0.471396595239639,0,0.903989315032959,0.427555024623871,0,0.903989315032959,0.427555024623871,0,0.881921350955963,0.471396595239639,0,0.881921350955963,0.471396595239639,0,0.903989315032959,0.427555024623871,0,0.903989315032959,0.427555024623871,0,0.881921350955963,0.471396595239639,0,0.881921350955963,0.471396595239639,0,0.903989315032959,0.427555024623871,
0,0.903989315032959,0.427555024623871,0,0.881921350955963,0.471396595239639,0,0.881921350955963,0.471396595239639,0,0.903989315032959,0.427555024623871,0,0.903989315032959,0.427555024623871,0,0.881921350955963,0.471396595239639,0,0.881921350955963,0.471396595239639,0,0.903989315032959,0.427555024623871,0,0.903989315032959,0.427555024623871,0,0.881921350955963,0.471396595239639,0,0.881921350955963,0.471396595239639,0,0.903989315032959,0.427555024623871,0,0.903989315032959,0.427555024623871,0,0.881921350955963,0.471396595239639,0,0.881921350955963,0.471396595239639,0,0.903989315032959,0.427555024623871,0,0.903989315032959,0.427555024623871,0,0.881921350955963,0.471396595239639,0,0.881921350955963,0.471396595239639,0,0.903989315032959,0.427555024623871,0,0.903989315032959,0.427555024623871,0,0.881921350955963,0.471396595239639,0,0.881921350955963,0.471396595239639,0,0.903989315032959,0.427555024623871,0,0.903989315032959,0.427555024623871,0,0.881921350955963,0.471396595239639,0,0.881921350955963,0.471396595239639,0,0.903989315032959,0.427555024623871,0,0.903989315032959,0.427555024623871,0,0.881921350955963,0.471396595239639,0,0.881921350955963,0.471396595239639,0,0.903989315032959,0.427555024623871,0,0.903989315032959,0.427555024623871,0,0.881921350955963,0.471396595239639,0,0.881921350955963,0.471396595239639,0,0.903989315032959,0.427555024623871,0,0.903989315032959,0.427555024623871,0,0.881921350955963,0.471396595239639,0,0.881921350955963,0.471396595239639,0,0.903989315032959,0.427555024623871,0,0.903989315032959,0.427555024623871,0,0.881921350955963,0.471396595239639,0,0.881921350955963,0.471396595239639,0,0.903989315032959,0.427555024623871,0,0.903989315032959,0.427555024623871,0,0.881921350955963,0.471396595239639,0,0.881921350955963,0.471396595239639,0,0.903989315032959,0.427555024623871,0,0.903989315032959,0.427555024623871,0,0.881921350955963,0.471396595239639,0,0.881921350955963,0.471396595239639,0,0.903989315032959,0.427555024623871,0,0.903989315032959,0.427555024623871,0,0.881921350955963,0.471396595239639,
0,0.881921350955963,0.471396595239639,0,0.903989315032959,0.427555024623871,0,0.903989315032959,0.427555024623871,0,0.881921350955963,0.471396595239639,0,0.881921350955963,0.471396595239639,0,0.903989315032959,0.427555024623871,0,0.903989315032959,0.427555024623871,0,0.881921350955963,0.471396595239639,0,0.881921350955963,0.471396595239639,0,0.903989315032959,0.427555024623871,0,0.903989315032959,0.427555024623871,0,0.881921350955963,0.471396595239639,0,0.881921350955963,0.471396595239639,0,0.903989315032959,0.427555024623871,0,0.903989315032959,0.427555024623871,0,0.881921350955963,0.471396595239639,0,0.881921350955963,0.471396595239639,0,0.903989315032959,0.427555024623871,0,0.903989315032959,0.427555024623871,0,0.881921350955963,0.471396595239639,0,0.881921350955963,0.471396595239639,0,0.903989315032959,0.427555024623871,0,0.903989315032959,0.427555024623871,0,0.881921350955963,0.471396595239639,0,0.881921350955963,0.471396595239639,0,0.903989315032959,0.427555024623871,0,0.881921350955963,0.471396595239639,0,0.857728660106659,0.514102518558502,0,0.857728719711304,0.514102637767792,0,0.881921350955963,0.471396595239639,0,0.881921350955963,0.471396595239639,0,0.857728660106659,0.514102518558502,0,0.857728660106659,0.514102518558502,0,0.881921350955963,0.471396595239639,0,0.881921350955963,0.471396595239639,0,0.857728660106659,0.514102518558502,0,0.857728660106659,0.514102518558502,0,0.881921350955963,0.471396595239639,0,0.881921350955963,0.471396595239639,0,0.857728660106659,0.514102518558502,0,0.857728660106659,0.514102518558502,0,0.881921350955963,0.471396595239639,0,0.881921350955963,0.471396595239639,0,0.857728660106659,0.514102518558502,0,0.857728660106659,0.514102518558502,0,0.881921350955963,0.471396595239639,0,0.881921350955963,0.471396595239639,0,0.857728660106659,0.514102518558502,0,0.857728660106659,0.514102518558502,0,0.881921350955963,0.471396595239639,0,0.881921350955963,0.471396595239639,0,0.857728660106659,0.514102518558502,0,0.857728660106659,0.514102518558502,0,0.881921350955963,0.471396595239639,
0,0.881921350955963,0.471396595239639,0,0.857728660106659,0.514102518558502,0,0.857728660106659,0.514102518558502,0,0.881921350955963,0.471396595239639,0,0.881921350955963,0.471396595239639,0,0.857728660106659,0.514102518558502,0,0.857728660106659,0.514102518558502,0,0.881921350955963,0.471396595239639,0,0.881921350955963,0.471396595239639,0,0.857728660106659,0.514102518558502,0,0.857728660106659,0.514102518558502,0,0.881921350955963,0.471396595239639,0,0.881921350955963,0.471396595239639,0,0.857728660106659,0.514102518558502,0,0.857728660106659,0.514102518558502,0,0.881921350955963,0.471396595239639,0,0.881921350955963,0.471396595239639,0,0.857728660106659,0.514102518558502,0,0.857728660106659,0.514102518558502,0,0.881921350955963,0.471396595239639,0,0.881921350955963,0.471396595239639,0,0.857728660106659,0.514102518558502,0,0.857728660106659,0.514102518558502,0,0.881921350955963,0.471396595239639,0,0.881921350955963,0.471396595239639,0,0.857728660106659,0.514102518558502,0,0.857728660106659,0.514102518558502,0,0.881921350955963,0.471396595239639,0,0.881921350955963,0.471396595239639,0,0.857728660106659,0.514102518558502,0,0.857728660106659,0.514102518558502,0,0.881921350955963,0.471396595239639,0,0.881921350955963,0.471396595239639,0,0.857728660106659,0.514102518558502,0,0.857728660106659,0.514102518558502,0,0.881921350955963,0.471396595239639,0,0.881921350955963,0.471396595239639,0,0.857728660106659,0.514102518558502,0,0.857728660106659,0.514102518558502,0,0.881921350955963,0.471396595239639,0,0.881921350955963,0.471396595239639,0,0.857728660106659,0.514102518558502,0,0.857728660106659,0.514102518558502,0,0.881921350955963,0.471396595239639,0,0.881921350955963,0.471396595239639,0,0.857728660106659,0.514102518558502,0,0.857728660106659,0.514102518558502,0,0.881921350955963,0.471396595239639,0,0.881921350955963,0.471396595239639,0,0.857728660106659,0.514102518558502,0,0.857728660106659,0.514102518558502,0,0.881921350955963,0.471396595239639,0,0.881921350955963,0.471396595239639,0,0.857728660106659,0.514102518558502,
0,0.857728660106659,0.514102518558502,0,0.881921350955963,0.471396595239639,0,0.881921350955963,0.471396595239639,0,0.857728660106659,0.514102518558502,0,0.857728660106659,0.514102518558502,0,0.881921350955963,0.471396595239639,0,0.881921350955963,0.471396595239639,0,0.857728660106659,0.514102518558502,0,0.857728660106659,0.514102518558502,0,0.881921350955963,0.471396595239639,0,0.881921350955963,0.471396595239639,0,0.857728660106659,0.514102518558502,0,0.857728660106659,0.514102518558502,0,0.881921350955963,0.471396595239639,0,0.881921350955963,0.471396595239639,0,0.857728660106659,0.514102518558502,0,0.857728660106659,0.514102518558502,0,0.881921350955963,0.471396595239639,0,0.881921350955963,0.471396595239639,0,0.857728660106659,0.514102518558502,0,0.857728660106659,0.514102518558502,0,0.881921350955963,0.471396595239639,0,0.881921350955963,0.471396595239639,0,0.857728660106659,0.514102518558502,0,0.857728660106659,0.514102518558502,0,0.881921350955963,0.471396595239639,0,0.881921350955963,0.471396595239639,0,0.857728660106659,0.514102518558502,0,0.857728660106659,0.514102518558502,0,0.881921350955963,0.471396595239639,0,0.881921350955963,0.471396595239639,0,0.857728660106659,0.514102518558502,0,0.857728660106659,0.514102518558502,0,0.881921350955963,0.471396595239639,0,0.881921350955963,0.471396595239639,0,0.857728660106659,0.514102518558502,0,0.857728660106659,0.514102518558502,0,0.881921350955963,0.471396595239639,0,0.881921350955963,0.471396595239639,0,0.857728660106659,0.514102518558502,0,0.857728660106659,0.514102518558502,0,0.881921350955963,0.471396595239639,0,0.881921350955963,0.471396595239639,0,0.857728719711304,0.514102637767792,0,0.857728660106659,0.514102518558502,0,0.881921350955963,0.471396595239639,0,0.857728660106659,0.514102518558502,0,0.831469535827637,0.555570363998413,0,0.831469535827637,0.555570363998413,0,0.857728719711304,0.514102637767792,0,0.857728660106659,0.514102518558502,0,0.831469535827637,0.555570363998413,0,0.831469535827637,0.555570363998413,0,0.857728660106659,0.514102518558502,
0,0.857728660106659,0.514102518558502,0,0.831469535827637,0.555570363998413,0,0.831469535827637,0.555570363998413,0,0.857728660106659,0.514102518558502,0,0.857728660106659,0.514102518558502,0,0.831469535827637,0.555570363998413,0,0.831469535827637,0.555570363998413,0,0.857728660106659,0.514102518558502,0,0.857728660106659,0.514102518558502,0,0.831469535827637,0.555570363998413,0,0.831469535827637,0.555570363998413,0,0.857728660106659,0.514102518558502,0,0.857728660106659,0.514102518558502,0,0.831469535827637,0.555570363998413,0,0.831469535827637,0.555570363998413,0,0.857728660106659,0.514102518558502,0,0.857728660106659,0.514102518558502,0,0.831469535827637,0.555570363998413,0,0.831469535827637,0.555570363998413,0,0.857728660106659,0.514102518558502,0,0.857728660106659,0.514102518558502,0,0.831469535827637,0.555570363998413,0,0.831469535827637,0.555570363998413,0,0.857728660106659,0.514102518558502,0,0.857728660106659,0.514102518558502,0,0.831469535827637,0.555570363998413,0,0.831469535827637,0.555570363998413,0,0.857728660106659,0.514102518558502,0,0.857728660106659,0.514102518558502,0,0.831469535827637,0.555570363998413,0,0.831469535827637,0.555570363998413,0,0.857728660106659,0.514102518558502,0,0.857728660106659,0.514102518558502,0,0.831469535827637,0.555570363998413,0,0.831469535827637,0.555570363998413,0,0.857728660106659,0.514102518558502,0,0.857728660106659,0.514102518558502,0,0.831469535827637,0.555570363998413,0,0.831469535827637,0.555570363998413,0,0.857728660106659,0.514102518558502,0,0.857728660106659,0.514102518558502,0,0.831469535827637,0.555570363998413,0,0.831469535827637,0.555570363998413,0,0.857728660106659,0.514102518558502,0,0.857728660106659,0.514102518558502,0,0.831469535827637,0.555570363998413,0,0.831469535827637,0.555570363998413,0,0.857728660106659,0.514102518558502,0,0.857728660106659,0.514102518558502,0,0.831469535827637,0.555570363998413,0,0.831469535827637,0.555570363998413,0,0.857728660106659,0.514102518558502,0,0.857728660106659,0.514102518558502,0,0.831469535827637,0.555570363998413,
0,0.831469535827637,0.555570363998413,0,0.857728660106659,0.514102518558502,0,0.857728660106659,0.514102518558502,0,0.831469535827637,0.555570363998413,0,0.831469535827637,0.555570363998413,0,0.857728660106659,0.514102518558502,0,0.857728660106659,0.514102518558502,0,0.831469535827637,0.555570363998413,0,0.831469535827637,0.555570363998413,0,0.857728660106659,0.514102518558502,0,0.857728660106659,0.514102518558502,0,0.831469535827637,0.555570363998413,0,0.831469535827637,0.555570363998413,0,0.857728660106659,0.514102518558502,0,0.857728660106659,0.514102518558502,0,0.831469535827637,0.555570363998413,0,0.831469535827637,0.555570363998413,0,0.857728660106659,0.514102518558502,0,0.857728660106659,0.514102518558502,0,0.831469535827637,0.555570363998413,0,0.831469535827637,0.555570363998413,0,0.857728660106659,0.514102518558502,0,0.857728660106659,0.514102518558502,0,0.831469535827637,0.555570363998413,0,0.831469535827637,0.555570363998413,0,0.857728660106659,0.514102518558502,0,0.857728660106659,0.514102518558502,0,0.831469535827637,0.555570363998413,0,0.831469535827637,0.555570363998413,0,0.857728660106659,0.514102518558502,0,0.857728660106659,0.514102518558502,0,0.831469535827637,0.555570363998413,0,0.831469535827637,0.555570363998413,0,0.857728660106659,0.514102518558502,0,0.857728660106659,0.514102518558502,0,0.831469535827637,0.555570363998413,0,0.831469535827637,0.555570363998413,0,0.857728660106659,0.514102518558502,0,0.857728660106659,0.514102518558502,0,0.831469535827637,0.555570363998413,0,0.831469535827637,0.555570363998413,0,0.857728660106659,0.514102518558502,0,0.857728660106659,0.514102518558502,0,0.831469535827637,0.555570363998413,0,0.831469535827637,0.555570363998413,0,0.857728660106659,0.514102518558502,0,0.857728660106659,0.514102518558502,0,0.831469535827637,0.555570363998413,0,0.831469535827637,0.555570363998413,0,0.857728660106659,0.514102518558502,0,0.857728660106659,0.514102518558502,0,0.831469535827637,0.555570363998413,0,0.831469535827637,0.555570363998413,0,0.857728660106659,0.514102518558502,
0,0.857728660106659,0.514102518558502,0,0.831469535827637,0.555570363998413,0,0.831469535827637,0.555570363998413,0,0.857728660106659,0.514102518558502,0,0.857728660106659,0.514102518558502,0,0.831469535827637,0.555570363998413,0,0.831469535827637,0.555570363998413,0,0.857728660106659,0.514102518558502,0,0.857728719711304,0.514102637767792,0,0.831469535827637,0.555570363998413,0,0.831469535827637,0.555570363998413,0,0.857728660106659,0.514102518558502,0,0.831469535827637,0.555570363998413,0,0.803207039833069,0.595699906349182,0,0.803207039833069,0.595699906349182,0,0.831469535827637,0.555570363998413,0,0.831469535827637,0.555570363998413,0,0.803207039833069,0.595699906349182,0,0.803207039833069,0.595699906349182,0,0.831469535827637,0.555570363998413,0,0.831469535827637,0.555570363998413,0,0.803207039833069,0.595699906349182,0,0.803207039833069,0.595699906349182,0,0.831469535827637,0.555570363998413,0,0.831469535827637,0.555570363998413,0,0.803207039833069,0.595699906349182,0,0.803207039833069,0.595699906349182,0,0.831469535827637,0.555570363998413,0,0.831469535827637,0.555570363998413,0,0.803207039833069,0.595699906349182,0,0.803207039833069,0.595699906349182,0,0.831469535827637,0.555570363998413,0,0.831469535827637,0.555570363998413,0,0.803207039833069,0.595699906349182,0,0.803207039833069,0.595699906349182,0,0.831469535827637,0.555570363998413,0,0.831469535827637,0.555570363998413,0,0.803207039833069,0.595699906349182,0,0.803207039833069,0.595699906349182,0,0.831469535827637,0.555570363998413,0,0.831469535827637,0.555570363998413,0,0.803207039833069,0.595699906349182,0,0.803207039833069,0.595699906349182,0,0.831469535827637,0.555570363998413,0,0.831469535827637,0.555570363998413,0,0.803207039833069,0.595699906349182,0,0.803207039833069,0.595699906349182,0,0.831469535827637,0.555570363998413,0,0.831469535827637,0.555570363998413,0,0.803207039833069,0.595699906349182,0,0.803207039833069,0.595699906349182,0,0.831469535827637,0.555570363998413,0,0.831469535827637,0.555570363998413,0,0.803207039833069,0.595699906349182,
0,0.803207039833069,0.595699906349182,0,0.831469535827637,0.555570363998413,0,0.831469535827637,0.555570363998413,0,0.803207039833069,0.595699906349182,0,0.803207039833069,0.595699906349182,0,0.831469535827637,0.555570363998413,0,0.831469535827637,0.555570363998413,0,0.803207039833069,0.595699906349182,0,0.803207039833069,0.595699906349182,0,0.831469535827637,0.555570363998413,0,0.831469535827637,0.555570363998413,0,0.803207039833069,0.595699906349182,0,0.803207039833069,0.595699906349182,0,0.831469535827637,0.555570363998413,0,0.831469535827637,0.555570363998413,0,0.803207039833069,0.595699906349182,0,0.803207039833069,0.595699906349182,0,0.831469535827637,0.555570363998413,0,0.831469535827637,0.555570363998413,0,0.803207039833069,0.595699906349182,0,0.803207039833069,0.595699906349182,0,0.831469535827637,0.555570363998413,0,0.831469535827637,0.555570363998413,0,0.803207039833069,0.595699906349182,0,0.803207039833069,0.595699906349182,0,0.831469535827637,0.555570363998413,0,0.831469535827637,0.555570363998413,0,0.803207039833069,0.595699906349182,0,0.803207039833069,0.595699906349182,0,0.831469535827637,0.555570363998413,0,0.831469535827637,0.555570363998413,0,0.803207039833069,0.595699906349182,0,0.803207039833069,0.595699906349182,0,0.831469535827637,0.555570363998413,0,0.831469535827637,0.555570363998413,0,0.803207039833069,0.595699906349182,0,0.803207039833069,0.595699906349182,0,0.831469535827637,0.555570363998413,0,0.831469535827637,0.555570363998413,0,0.803207039833069,0.595699906349182,0,0.803207039833069,0.595699906349182,0,0.831469535827637,0.555570363998413,0,0.831469535827637,0.555570363998413,0,0.803207039833069,0.595699906349182,0,0.803207039833069,0.595699906349182,0,0.831469535827637,0.555570363998413,0,0.831469535827637,0.555570363998413,0,0.803207039833069,0.595699906349182,0,0.803207039833069,0.595699906349182,0,0.831469535827637,0.555570363998413,0,0.831469535827637,0.555570363998413,0,0.803207039833069,0.595699906349182,0,0.803207039833069,0.595699906349182,0,0.831469535827637,0.555570363998413,
0,0.831469535827637,0.555570363998413,0,0.803207039833069,0.595699906349182,0,0.803207039833069,0.595699906349182,0,0.831469535827637,0.555570363998413,0,0.831469535827637,0.555570363998413,0,0.803207039833069,0.595699906349182,0,0.803207039833069,0.595699906349182,0,0.831469535827637,0.555570363998413,0,0.831469535827637,0.555570363998413,0,0.803207039833069,0.595699906349182,0,0.803207039833069,0.595699906349182,0,0.831469535827637,0.555570363998413,0,0.831469535827637,0.555570363998413,0,0.803207039833069,0.595699906349182,0,0.803207039833069,0.595699906349182,0,0.831469535827637,0.555570363998413,0,0.831469535827637,0.555570363998413,0,0.803207039833069,0.595699906349182,0,0.803207039833069,0.595699906349182,0,0.831469535827637,0.555570363998413,0,0.831469535827637,0.555570363998413,0,0.803207039833069,0.595699906349182,0,0.803207039833069,0.595699906349182,0,0.831469535827637,0.555570363998413,0,0.831469535827637,0.555570363998413,0,0.803207039833069,0.595699906349182,0,0.803207039833069,0.595699906349182,0,0.831469535827637,0.555570363998413,0,0.831469535827637,0.555570363998413,0,0.803207039833069,0.595699906349182,0,0.803207039833069,0.595699906349182,0,0.831469535827637,0.555570363998413,0,0.803207039833069,0.595699906349182,0,0.773010671138763,0.634393036365509,0,0.773010671138763,0.634393036365509,0,0.803207039833069,0.595699906349182,0,0.803207039833069,0.595699906349182,0,0.773010671138763,0.634393036365509,0,0.773010671138763,0.634393036365509,0,0.803207039833069,0.595699906349182,0,0.803207039833069,0.595699906349182,0,0.773010671138763,0.634393036365509,0,0.773010671138763,0.634393036365509,0,0.803207039833069,0.595699906349182,0,0.803207039833069,0.595699906349182,0,0.773010671138763,0.634393036365509,0,0.773010671138763,0.634393036365509,0,0.803207039833069,0.595699906349182,0,0.803207039833069,0.595699906349182,0,0.773010671138763,0.634393036365509,0,0.773010671138763,0.634393036365509,0,0.803207039833069,0.595699906349182,0,0.803207039833069,0.595699906349182,0,0.773010671138763,0.634393036365509,
0,0.773010671138763,0.634393036365509,0,0.803207039833069,0.595699906349182,0,0.803207039833069,0.595699906349182,0,0.773010671138763,0.634393036365509,0,0.773010671138763,0.634393036365509,0,0.803207039833069,0.595699906349182,0,0.803207039833069,0.595699906349182,0,0.773010671138763,0.634393036365509,0,0.773010671138763,0.634393036365509,0,0.803207039833069,0.595699906349182,0,0.803207039833069,0.595699906349182,0,0.773010671138763,0.634393036365509,0,0.773010671138763,0.634393036365509,0,0.803207039833069,0.595699906349182,0,0.803207039833069,0.595699906349182,0,0.773010671138763,0.634393036365509,0,0.773010671138763,0.634393036365509,0,0.803207039833069,0.595699906349182,0,0.803207039833069,0.595699906349182,0,0.773010671138763,0.634393036365509,0,0.773010671138763,0.634393036365509,0,0.803207039833069,0.595699906349182,0,0.803207039833069,0.595699906349182,0,0.773010671138763,0.634393036365509,0,0.773010671138763,0.634393036365509,0,0.803207039833069,0.595699906349182,0,0.803207039833069,0.595699906349182,0,0.773010671138763,0.634393036365509,0,0.773010671138763,0.634393036365509,0,0.803207039833069,0.595699906349182,0,0.803207039833069,0.595699906349182,0,0.773010671138763,0.634393036365509,0,0.773010671138763,0.634393036365509,0,0.803207039833069,0.595699906349182,0,0.803207039833069,0.595699906349182,0,0.773010671138763,0.634393036365509,0,0.773010671138763,0.634393036365509,0,0.803207039833069,0.595699906349182,0,0.803207039833069,0.595699906349182,0,0.773010671138763,0.634393036365509,0,0.773010671138763,0.634393036365509,0,0.803207039833069,0.595699906349182,0,0.803207039833069,0.595699906349182,0,0.773010671138763,0.634393036365509,0,0.773010671138763,0.634393036365509,0,0.803207039833069,0.595699906349182,0,0.803207039833069,0.595699906349182,0,0.773010671138763,0.634393036365509,0,0.773010671138763,0.634393036365509,0,0.803207039833069,0.595699906349182,0,0.803207039833069,0.595699906349182,0,0.773010671138763,0.634393036365509,0,0.773010671138763,0.634393036365509,0,0.803207039833069,0.595699906349182,
0,0.803207039833069,0.595699906349182,0,0.773010671138763,0.634393036365509,0,0.773010671138763,0.634393036365509,0,0.803207039833069,0.595699906349182,0,0.803207039833069,0.595699906349182,0,0.773010671138763,0.634393036365509,0,0.773010671138763,0.634393036365509,0,0.803207039833069,0.595699906349182,0,0.803207039833069,0.595699906349182,0,0.773010671138763,0.634393036365509,0,0.773010671138763,0.634393036365509,0,0.803207039833069,0.595699906349182,0,0.803207039833069,0.595699906349182,0,0.773010671138763,0.634393036365509,0,0.773010671138763,0.634393036365509,0,0.803207039833069,0.595699906349182,0,0.803207039833069,0.595699906349182,0,0.773010671138763,0.634393036365509,0,0.773010671138763,0.634393036365509,0,0.803207039833069,0.595699906349182,0,0.803207039833069,0.595699906349182,0,0.773010671138763,0.634393036365509,0,0.773010671138763,0.634393036365509,0,0.803207039833069,0.595699906349182,0,0.803207039833069,0.595699906349182,0,0.773010671138763,0.634393036365509,0,0.773010671138763,0.634393036365509,0,0.803207039833069,0.595699906349182,0,0.803207039833069,0.595699906349182,0,0.773010671138763,0.634393036365509,0,0.773010671138763,0.634393036365509,0,0.803207039833069,0.595699906349182,0,0.803207039833069,0.595699906349182,0,0.773010671138763,0.634393036365509,0,0.773010671138763,0.634393036365509,0,0.803207039833069,0.595699906349182,0,0.803207039833069,0.595699906349182,0,0.773010671138763,0.634393036365509,0,0.773010671138763,0.634393036365509,0,0.803207039833069,0.595699906349182,0,0.803207039833069,0.595699906349182,0,0.773010671138763,0.634393036365509,0,0.773010671138763,0.634393036365509,0,0.803207039833069,0.595699906349182,0,0.803207039833069,0.595699906349182,0,0.773010671138763,0.634393036365509,0,0.773010671138763,0.634393036365509,0,0.803207039833069,0.595699906349182,0,0.803207039833069,0.595699906349182,0,0.773010671138763,0.634393036365509,0,0.773010671138763,0.634393036365509,0,0.803207039833069,0.595699906349182,0,0.773010671138763,0.634393036365509,0,0.740952014923096,0.671557903289795,
0,0.740952014923096,0.671557903289795,0,0.773010671138763,0.634393036365509,0,0.773010671138763,0.634393036365509,0,0.740952014923096,0.671557903289795,0,0.740952014923096,0.671557903289795,0,0.773010671138763,0.634393036365509,0,0.773010671138763,0.634393036365509,0,0.740952014923096,0.671557903289795,0,0.740952014923096,0.671557903289795,0,0.773010671138763,0.634393036365509,0,0.773010671138763,0.634393036365509,0,0.740952014923096,0.671557903289795,0,0.740952014923096,0.671557903289795,0,0.773010671138763,0.634393036365509,0,0.773010671138763,0.634393036365509,0,0.740952014923096,0.671557903289795,0,0.740952014923096,0.671557903289795,0,0.773010671138763,0.634393036365509,0,0.773010671138763,0.634393036365509,0,0.740952014923096,0.671557903289795,0,0.740952014923096,0.671557903289795,0,0.773010671138763,0.634393036365509,0,0.773010671138763,0.634393036365509,0,0.740952014923096,0.671557903289795,0,0.740952014923096,0.671557903289795,0,0.773010671138763,0.634393036365509,0,0.773010671138763,0.634393036365509,0,0.740952014923096,0.671557903289795,0,0.740952014923096,0.671557903289795,0,0.773010671138763,0.634393036365509,0,0.773010671138763,0.634393036365509,0,0.740952014923096,0.671557903289795,0,0.740952014923096,0.671557903289795,0,0.773010671138763,0.634393036365509,0,0.773010671138763,0.634393036365509,0,0.740952014923096,0.671557903289795,0,0.740952014923096,0.671557903289795,0,0.773010671138763,0.634393036365509,0,0.773010671138763,0.634393036365509,0,0.740952014923096,0.671557903289795,0,0.740952014923096,0.671557903289795,0,0.773010671138763,0.634393036365509,0,0.773010671138763,0.634393036365509,0,0.740952014923096,0.671557903289795,0,0.740952014923096,0.671557903289795,0,0.773010671138763,0.634393036365509,0,0.773010671138763,0.634393036365509,0,0.740952014923096,0.671557903289795,0,0.740952014923096,0.671557903289795,0,0.773010671138763,0.634393036365509,0,0.773010671138763,0.634393036365509,0,0.740952014923096,0.671557903289795,0,0.740952014923096,0.671557903289795,0,0.773010671138763,0.634393036365509,
0,0.773010671138763,0.634393036365509,0,0.740952014923096,0.671557903289795,0,0.740952014923096,0.671557903289795,0,0.773010671138763,0.634393036365509,0,0.773010671138763,0.634393036365509,0,0.740952014923096,0.671557903289795,0,0.740952014923096,0.671557903289795,0,0.773010671138763,0.634393036365509,0,0.773010671138763,0.634393036365509,0,0.740952014923096,0.671557903289795,0,0.740952014923096,0.671557903289795,0,0.773010671138763,0.634393036365509,0,0.773010671138763,0.634393036365509,0,0.740952014923096,0.671557903289795,0,0.740952014923096,0.671557903289795,0,0.773010671138763,0.634393036365509,0,0.773010671138763,0.634393036365509,0,0.740952014923096,0.671557903289795,0,0.740952014923096,0.671557903289795,0,0.773010671138763,0.634393036365509,0,0.773010671138763,0.634393036365509,0,0.740952014923096,0.671557903289795,0,0.740952014923096,0.671557903289795,0,0.773010671138763,0.634393036365509,0,0.773010671138763,0.634393036365509,0,0.740952014923096,0.671557903289795,0,0.740952014923096,0.671557903289795,0,0.773010671138763,0.634393036365509,0,0.773010671138763,0.634393036365509,0,0.740952014923096,0.671557903289795,0,0.740952014923096,0.671557903289795,0,0.773010671138763,0.634393036365509,0,0.773010671138763,0.634393036365509,0,0.740952014923096,0.671557903289795,0,0.740952014923096,0.671557903289795,0,0.773010671138763,0.634393036365509,0,0.773010671138763,0.634393036365509,0,0.740952014923096,0.671557903289795,0,0.740952014923096,0.671557903289795,0,0.773010671138763,0.634393036365509,0,0.773010671138763,0.634393036365509,0,0.740952014923096,0.671557903289795,0,0.740952014923096,0.671557903289795,0,0.773010671138763,0.634393036365509,0,0.773010671138763,0.634393036365509,0,0.740952014923096,0.671557903289795,0,0.740952014923096,0.671557903289795,0,0.773010671138763,0.634393036365509,0,0.773010671138763,0.634393036365509,0,0.740952014923096,0.671557903289795,0,0.740952014923096,0.671557903289795,0,0.773010671138763,0.634393036365509,0,0.773010671138763,0.634393036365509,0,0.740952014923096,0.671557903289795,
0,0.740952014923096,0.671557903289795,0,0.773010671138763,0.634393036365509,0,0.773010671138763,0.634393036365509,0,0.740952014923096,0.671557903289795,0,0.740952014923096,0.671557903289795,0,0.773010671138763,0.634393036365509,0,0.773010671138763,0.634393036365509,0,0.740952014923096,0.671557903289795,0,0.740952014923096,0.671557903289795,0,0.773010671138763,0.634393036365509,0,0.773010671138763,0.634393036365509,0,0.740952014923096,0.671557903289795,0,0.740952014923096,0.671557903289795,0,0.773010671138763,0.634393036365509,0,0.773010671138763,0.634393036365509,0,0.740952014923096,0.671557903289795,0,0.740952014923096,0.671557903289795,0,0.773010671138763,0.634393036365509,0,0.740952014923096,0.671557903289795,0,0.707106947898865,0.707106649875641,0,0.707106947898865,0.707106649875641,0,0.740952014923096,0.671557903289795,0,0.740952014923096,0.671557903289795,0,0.707106947898865,0.707106649875641,0,0.707106947898865,0.707106649875641,0,0.740952014923096,0.671557903289795,0,0.740952014923096,0.671557903289795,0,0.707106947898865,0.707106649875641,0,0.707106947898865,0.707106649875641,0,0.740952014923096,0.671557903289795,0,0.740952014923096,0.671557903289795,0,0.707106947898865,0.707106649875641,0,0.707106947898865,0.707106649875641,0,0.740952014923096,0.671557903289795,0,0.740952014923096,0.671557903289795,0,0.707106947898865,0.707106649875641,0,0.707106947898865,0.707106649875641,0,0.740952014923096,0.671557903289795,0,0.740952014923096,0.671557903289795,0,0.707106947898865,0.707106649875641,0,0.707106947898865,0.707106649875641,0,0.740952014923096,0.671557903289795,0,0.740952014923096,0.671557903289795,0,0.707106947898865,0.707106649875641,0,0.707106947898865,0.707106649875641,0,0.740952014923096,0.671557903289795,0,0.740952014923096,0.671557903289795,0,0.707106947898865,0.707106649875641,0,0.707106947898865,0.707106649875641,0,0.740952014923096,0.671557903289795,0,0.740952014923096,0.671557903289795,0,0.707106947898865,0.707106649875641,0,0.707106947898865,0.707106649875641,0,0.740952014923096,0.671557903289795,
0,0.740952014923096,0.671557903289795,0,0.707106947898865,0.707106649875641,0,0.707106947898865,0.707106649875641,0,0.740952014923096,0.671557903289795,0,0.740952014923096,0.671557903289795,0,0.707106947898865,0.707106649875641,0,0.707106947898865,0.707106649875641,0,0.740952014923096,0.671557903289795,0,0.740952014923096,0.671557903289795,0,0.707106947898865,0.707106649875641,0,0.707106947898865,0.707106649875641,0,0.740952014923096,0.671557903289795,0,0.740952014923096,0.671557903289795,0,0.707106947898865,0.707106649875641,0,0.707106947898865,0.707106649875641,0,0.740952014923096,0.671557903289795,0,0.740952014923096,0.671557903289795,0,0.707106947898865,0.707106649875641,0,0.707106947898865,0.707106649875641,0,0.740952014923096,0.671557903289795,0,0.740952014923096,0.671557903289795,0,0.707106947898865,0.707106649875641,0,0.707106947898865,0.707106649875641,0,0.740952014923096,0.671557903289795,0,0.740952014923096,0.671557903289795,0,0.707106947898865,0.707106649875641,0,0.707106947898865,0.707106649875641,0,0.740952014923096,0.671557903289795,0,0.740952014923096,0.671557903289795,0,0.707106947898865,0.707106649875641,0,0.707106947898865,0.707106649875641,0,0.740952014923096,0.671557903289795,0,0.740952014923096,0.671557903289795,0,0.707106947898865,0.707106649875641,0,0.707106947898865,0.707106649875641,0,0.740952014923096,0.671557903289795,0,0.740952014923096,0.671557903289795,0,0.707106947898865,0.707106649875641,0,0.707106947898865,0.707106649875641,0,0.740952014923096,0.671557903289795,0,0.740952014923096,0.671557903289795,0,0.707106947898865,0.707106649875641,0,0.707106947898865,0.707106649875641,0,0.740952014923096,0.671557903289795,0,0.740952014923096,0.671557903289795,0,0.707106947898865,0.707106649875641,0,0.707106947898865,0.707106649875641,0,0.740952014923096,0.671557903289795,0,0.740952014923096,0.671557903289795,0,0.707106947898865,0.707106649875641,0,0.707106947898865,0.707106649875641,0,0.740952014923096,0.671557903289795,0,0.740952014923096,0.671557903289795,0,0.707106947898865,0.707106649875641,
0,0.707106947898865,0.707106649875641,0,0.740952014923096,0.671557903289795,0,0.740952014923096,0.671557903289795,0,0.707106947898865,0.707106649875641,0,0.707106947898865,0.707106649875641,0,0.740952014923096,0.671557903289795,0,0.740952014923096,0.671557903289795,0,0.707106947898865,0.707106649875641,0,0.707106947898865,0.707106649875641,0,0.740952014923096,0.671557903289795,0,0.740952014923096,0.671557903289795,0,0.707106947898865,0.707106649875641,0,0.707106947898865,0.707106649875641,0,0.740952014923096,0.671557903289795,0,0.740952014923096,0.671557903289795,0,0.707106947898865,0.707106649875641,0,0.707106947898865,0.707106649875641,0,0.740952014923096,0.671557903289795,0,0.740952014923096,0.671557903289795,0,0.707106947898865,0.707106649875641,0,0.707106947898865,0.707106649875641,0,0.740952014923096,0.671557903289795,0,0.740952014923096,0.671557903289795,0,0.707106947898865,0.707106649875641,0,0.707106947898865,0.707106649875641,0,0.740952014923096,0.671557903289795,0,0.740952014923096,0.671557903289795,0,0.707106947898865,0.707106649875641,0,0.707106947898865,0.707106649875641,0,0.740952014923096,0.671557903289795,0,0.740952014923096,0.671557903289795,0,0.707106947898865,0.707106649875641,0,0.707106947898865,0.707106649875641,0,0.740952014923096,0.671557903289795,0,0.740952014923096,0.671557903289795,0,0.707106947898865,0.707106649875641,0,0.707106947898865,0.707106649875641,0,0.740952014923096,0.671557903289795,0,0.707106947898865,0.707106649875641,0,0.671558916568756,0.740951180458069,0,0.671558916568756,0.740951180458069,0,0.707106947898865,0.707106649875641,0,0.707106947898865,0.707106649875641,0,0.671558916568756,0.740951180458069,0,0.671558916568756,0.740951180458069,0,0.707106947898865,0.707106649875641,0,0.707106947898865,0.707106649875641,0,0.671558916568756,0.740951180458069,0,0.671558916568756,0.740951180458069,0,0.707106947898865,0.707106649875641,0,0.707106947898865,0.707106649875641,0,0.671558916568756,0.740951180458069,0,0.671558916568756,0.740951180458069,0,0.707106947898865,0.707106649875641,
0,0.707106947898865,0.707106649875641,0,0.671558916568756,0.740951180458069,0,0.671558916568756,0.740951180458069,0,0.707106947898865,0.707106649875641,0,0.707106947898865,0.707106649875641,0,0.671558916568756,0.740951180458069,0,0.671558916568756,0.740951180458069,0,0.707106947898865,0.707106649875641,0,0.707106947898865,0.707106649875641,0,0.671558916568756,0.740951180458069,0,0.671558916568756,0.740951180458069,0,0.707106947898865,0.707106649875641,0,0.707106947898865,0.707106649875641,0,0.671558916568756,0.740951180458069,0,0.671558916568756,0.740951180458069,0,0.707106947898865,0.707106649875641,0,0.707106947898865,0.707106649875641,0,0.671558916568756,0.740951180458069,0,0.671558916568756,0.740951180458069,0,0.707106947898865,0.707106649875641,0,0.707106947898865,0.707106649875641,0,0.671558916568756,0.740951180458069,0,0.671558916568756,0.740951180458069,0,0.707106947898865,0.707106649875641,0,0.707106947898865,0.707106649875641,0,0.671558916568756,0.740951180458069,0,0.671558916568756,0.740951180458069,0,0.707106947898865,0.707106649875641,0,0.707106947898865,0.707106649875641,0,0.671558916568756,0.740951180458069,0,0.671558916568756,0.740951180458069,0,0.707106947898865,0.707106649875641,0,0.707106947898865,0.707106649875641,0,0.671558916568756,0.740951180458069,0,0.671558916568756,0.740951180458069,0,0.707106947898865,0.707106649875641,0,0.707106947898865,0.707106649875641,0,0.671558916568756,0.740951180458069,0,0.671558916568756,0.740951180458069,0,0.707106947898865,0.707106649875641,0,0.707106947898865,0.707106649875641,0,0.671558916568756,0.740951180458069,0,0.671558916568756,0.740951180458069,0,0.707106947898865,0.707106649875641,0,0.707106947898865,0.707106649875641,0,0.671558916568756,0.740951180458069,0,0.671558916568756,0.740951180458069,0,0.707106947898865,0.707106649875641,0,0.707106947898865,0.707106649875641,0,0.671558916568756,0.740951180458069,0,0.671558916568756,0.740951180458069,0,0.707106947898865,0.707106649875641,0,0.707106947898865,0.707106649875641,0,0.671558916568756,0.740951180458069,
0,0.671558916568756,0.740951180458069,0,0.707106947898865,0.707106649875641,0,0.707106947898865,0.707106649875641,0,0.671558916568756,0.740951180458069,0,0.671558916568756,0.740951180458069,0,0.707106947898865,0.707106649875641,0,0.707106947898865,0.707106649875641,0,0.671558916568756,0.740951180458069,0,0.671558916568756,0.740951180458069,0,0.707106947898865,0.707106649875641,0,0.707106947898865,0.707106649875641,0,0.671558916568756,0.740951180458069,0,0.671558916568756,0.740951180458069,0,0.707106947898865,0.707106649875641,0,0.707106947898865,0.707106649875641,0,0.671558916568756,0.740951180458069,0,0.671558916568756,0.740951180458069,0,0.707106947898865,0.707106649875641,0,0.707106947898865,0.707106649875641,0,0.671558916568756,0.740951180458069,0,0.671558916568756,0.740951180458069,0,0.707106947898865,0.707106649875641,0,0.707106947898865,0.707106649875641,0,0.671558916568756,0.740951180458069,0,0.671558916568756,0.740951180458069,0,0.707106947898865,0.707106649875641,0,0.707106947898865,0.707106649875641,0,0.671558916568756,0.740951180458069,0,0.671558916568756,0.740951180458069,0,0.707106947898865,0.707106649875641,0,0.707106947898865,0.707106649875641,0,0.671558916568756,0.740951180458069,0,0.671558916568756,0.740951180458069,0,0.707106947898865,0.707106649875641,0,0.707106947898865,0.707106649875641,0,0.671558916568756,0.740951180458069,0,0.671558916568756,0.740951180458069,0,0.707106947898865,0.707106649875641,0,0.707106947898865,0.707106649875641,0,0.671558916568756,0.740951180458069,0,0.671558916568756,0.740951180458069,0,0.707106947898865,0.707106649875641,0,0.707106947898865,0.707106649875641,0,0.671558916568756,0.740951180458069,0,0.671558916568756,0.740951180458069,0,0.707106947898865,0.707106649875641,0,0.707106947898865,0.707106649875641,0,0.671558916568756,0.740951180458069,0,0.671558916568756,0.740951180458069,0,0.707106947898865,0.707106649875641,0,0.707106947898865,0.707106649875641,0,0.671558916568756,0.740951180458069,0,0.671558916568756,0.740951180458069,0,0.707106947898865,0.707106649875641,
0,0.707106947898865,0.707106649875641,0,0.671558916568756,0.740951180458069,0,0.671558916568756,0.740951180458069,0,0.707106947898865,0.707106649875641,0,0.671558916568756,0.740951180458069,0,0.634391903877258,0.77301162481308,0,0.634391844272614,0.77301162481308,0,0.671558916568756,0.740951180458069,0,0.671558916568756,0.740951180458069,0,0.634391903877258,0.77301162481308,0,0.634391903877258,0.77301162481308,0,0.671558916568756,0.740951180458069,0,0.671558916568756,0.740951180458069,0,0.634391903877258,0.77301162481308,0,0.634391903877258,0.77301162481308,0,0.671558916568756,0.740951180458069,0,0.671558916568756,0.740951180458069,0,0.634391903877258,0.77301162481308,0,0.634391903877258,0.77301162481308,0,0.671558916568756,0.740951180458069,0,0.671558916568756,0.740951180458069,0,0.634391903877258,0.77301162481308,0,0.634391903877258,0.77301162481308,0,0.671558916568756,0.740951180458069,0,0.671558916568756,0.740951180458069,0,0.634391903877258,0.77301162481308,0,0.634391903877258,0.77301162481308,0,0.671558916568756,0.740951180458069,0,0.671558916568756,0.740951180458069,0,0.634391903877258,0.77301162481308,0,0.634391903877258,0.77301162481308,0,0.671558916568756,0.740951180458069,0,0.671558916568756,0.740951180458069,0,0.634391903877258,0.77301162481308,0,0.634391903877258,0.77301162481308,0,0.671558916568756,0.740951180458069,0,0.671558916568756,0.740951180458069,0,0.634391903877258,0.77301162481308,0,0.634391903877258,0.77301162481308,0,0.671558916568756,0.740951180458069,0,0.671558916568756,0.740951180458069,0,0.634391903877258,0.77301162481308,0,0.634391903877258,0.77301162481308,0,0.671558916568756,0.740951180458069,0,0.671558916568756,0.740951180458069,0,0.634391903877258,0.77301162481308,0,0.634391903877258,0.77301162481308,0,0.671558916568756,0.740951180458069,0,0.671558916568756,0.740951180458069,0,0.634391903877258,0.77301162481308,0,0.634391903877258,0.77301162481308,0,0.671558916568756,0.740951180458069,0,0.671558916568756,0.740951180458069,0,0.634391903877258,0.77301162481308,0,0.634391903877258,0.77301162481308,
0,0.671558916568756,0.740951180458069,0,0.671558916568756,0.740951180458069,0,0.634391903877258,0.77301162481308,0,0.634391903877258,0.77301162481308,0,0.671558916568756,0.740951180458069,0,0.671558916568756,0.740951180458069,0,0.634391903877258,0.77301162481308,0,0.634391903877258,0.77301162481308,0,0.671558916568756,0.740951180458069,0,0.671558916568756,0.740951180458069,0,0.634391903877258,0.77301162481308,0,0.634391903877258,0.77301162481308,0,0.671558916568756,0.740951180458069,0,0.671558916568756,0.740951180458069,0,0.634391903877258,0.77301162481308,0,0.634391903877258,0.77301162481308,0,0.671558916568756,0.740951180458069,0,0.671558916568756,0.740951180458069,0,0.634391903877258,0.77301162481308,0,0.634391903877258,0.77301162481308,0,0.671558916568756,0.740951180458069,0,0.671558916568756,0.740951180458069,0,0.634391903877258,0.77301162481308,0,0.634391903877258,0.77301162481308,0,0.671558916568756,0.740951180458069,0,0.671558916568756,0.740951180458069,0,0.634391903877258,0.77301162481308,0,0.634391903877258,0.77301162481308,0,0.671558916568756,0.740951180458069,0,0.671558916568756,0.740951180458069,0,0.634391903877258,0.77301162481308,0,0.634391903877258,0.77301162481308,0,0.671558916568756,0.740951180458069,0,0.671558916568756,0.740951180458069,0,0.634391903877258,0.77301162481308,0,0.634391903877258,0.77301162481308,0,0.671558916568756,0.740951180458069,0,0.671558916568756,0.740951180458069,0,0.634391903877258,0.77301162481308,0,0.634391903877258,0.77301162481308,0,0.671558916568756,0.740951180458069,0,0.671558916568756,0.740951180458069,0,0.634391903877258,0.77301162481308,0,0.634391903877258,0.77301162481308,0,0.671558916568756,0.740951180458069,0,0.671558916568756,0.740951180458069,0,0.634391903877258,0.77301162481308,0,0.634391903877258,0.77301162481308,0,0.671558916568756,0.740951180458069,0,0.671558916568756,0.740951180458069,0,0.634391903877258,0.77301162481308,0,0.634391903877258,0.77301162481308,0,0.671558916568756,0.740951180458069,0,0.671558916568756,0.740951180458069,0,0.634391903877258,0.77301162481308,
0,0.634391903877258,0.77301162481308,0,0.671558916568756,0.740951180458069,0,0.671558916568756,0.740951180458069,0,0.634391903877258,0.77301162481308,0,0.634391903877258,0.77301162481308,0,0.671558916568756,0.740951180458069,0,0.671558916568756,0.740951180458069,0,0.634391903877258,0.77301162481308,0,0.634391903877258,0.77301162481308,0,0.671558916568756,0.740951180458069,0,0.671558916568756,0.740951180458069,0,0.634391903877258,0.77301162481308,0,0.634391903877258,0.77301162481308,0,0.671558916568756,0.740951180458069,0,0.671558916568756,0.740951180458069,0,0.634391903877258,0.77301162481308,0,0.634391903877258,0.77301162481308,0,0.671558916568756,0.740951180458069,0,0.671558916568756,0.740951180458069,0,0.634391844272614,0.77301162481308,0,0.634391903877258,0.77301162481308,0,0.671558916568756,0.740951180458069,0,0.634391903877258,0.77301162481308,0,0.595697999000549,0.803208410739899,0,0.595697999000549,0.803208410739899,0,0.634391844272614,0.77301162481308,0,0.634391903877258,0.77301162481308,0,0.595697999000549,0.803208410739899,0,0.595697999000549,0.803208410739899,0,0.634391903877258,0.77301162481308,0,0.634391903877258,0.77301162481308,0,0.595697999000549,0.803208410739899,0,0.595697999000549,0.803208410739899,0,0.634391903877258,0.77301162481308,0,0.634391903877258,0.77301162481308,0,0.595697999000549,0.803208410739899,0,0.595697999000549,0.803208410739899,0,0.634391903877258,0.77301162481308,0,0.634391903877258,0.77301162481308,0,0.595697999000549,0.803208410739899,0,0.595697999000549,0.803208410739899,0,0.634391903877258,0.77301162481308,0,0.634391903877258,0.77301162481308,0,0.595697999000549,0.803208410739899,0,0.595697999000549,0.803208410739899,0,0.634391903877258,0.77301162481308,0,0.634391903877258,0.77301162481308,0,0.595697999000549,0.803208410739899,0,0.595697999000549,0.803208410739899,0,0.634391903877258,0.77301162481308,0,0.634391903877258,0.77301162481308,0,0.595697999000549,0.803208410739899,0,0.595697999000549,0.803208410739899,0,0.634391903877258,0.77301162481308,0,0.634391903877258,0.77301162481308,
0,0.595697999000549,0.803208410739899,0,0.595697999000549,0.803208410739899,0,0.634391903877258,0.77301162481308,0,0.634391903877258,0.77301162481308,0,0.595697999000549,0.803208410739899,0,0.595697999000549,0.803208410739899,0,0.634391903877258,0.77301162481308,0,0.634391903877258,0.77301162481308,0,0.595697999000549,0.803208410739899,0,0.595697999000549,0.803208410739899,0,0.634391903877258,0.77301162481308,0,0.634391903877258,0.77301162481308,0,0.595697999000549,0.803208410739899,0,0.595697999000549,0.803208410739899,0,0.634391903877258,0.77301162481308,0,0.634391903877258,0.77301162481308,0,0.595697999000549,0.803208410739899,0,0.595697999000549,0.803208410739899,0,0.634391903877258,0.77301162481308,0,0.634391903877258,0.77301162481308,0,0.595697999000549,0.803208410739899,0,0.595697999000549,0.803208410739899,0,0.634391903877258,0.77301162481308,0,0.634391903877258,0.77301162481308,0,0.595697999000549,0.803208410739899,0,0.595697999000549,0.803208410739899,0,0.634391903877258,0.77301162481308,0,0.634391903877258,0.77301162481308,0,0.595697999000549,0.803208410739899,0,0.595697999000549,0.803208410739899,0,0.634391903877258,0.77301162481308,0,0.634391903877258,0.77301162481308,0,0.595697999000549,0.803208410739899,0,0.595697999000549,0.803208410739899,0,0.634391903877258,0.77301162481308,0,0.634391903877258,0.77301162481308,0,0.595697999000549,0.803208410739899,0,0.595697999000549,0.803208410739899,0,0.634391903877258,0.77301162481308,0,0.634391903877258,0.77301162481308,0,0.595697999000549,0.803208410739899,0,0.595697999000549,0.803208410739899,0,0.634391903877258,0.77301162481308,0,0.634391903877258,0.77301162481308,0,0.595697999000549,0.803208410739899,0,0.595697999000549,0.803208410739899,0,0.634391903877258,0.77301162481308,0,0.634391903877258,0.77301162481308,0,0.595697999000549,0.803208410739899,0,0.595697999000549,0.803208410739899,0,0.634391903877258,0.77301162481308,0,0.634391903877258,0.77301162481308,0,0.595697999000549,0.803208410739899,0,0.595697999000549,0.803208410739899,0,0.634391903877258,0.77301162481308,
0,0.634391903877258,0.77301162481308,0,0.595697999000549,0.803208410739899,0,0.595697999000549,0.803208410739899,0,0.634391903877258,0.77301162481308,0,0.634391903877258,0.77301162481308,0,0.595697999000549,0.803208410739899,0,0.595697999000549,0.803208410739899,0,0.634391903877258,0.77301162481308,0,0.634391903877258,0.77301162481308,0,0.595697999000549,0.803208410739899,0,0.595697999000549,0.803208410739899,0,0.634391903877258,0.77301162481308,0,0.634391903877258,0.77301162481308,0,0.595697999000549,0.803208410739899,0,0.595697999000549,0.803208410739899,0,0.634391903877258,0.77301162481308,0,0.634391903877258,0.77301162481308,0,0.595697999000549,0.803208410739899,0,0.595697999000549,0.803208410739899,0,0.634391903877258,0.77301162481308,0,0.634391903877258,0.77301162481308,0,0.595697999000549,0.803208410739899,0,0.595697999000549,0.803208410739899,0,0.634391903877258,0.77301162481308,0,0.634391903877258,0.77301162481308,0,0.595697999000549,0.803208410739899,0,0.595697999000549,0.803208410739899,0,0.634391903877258,0.77301162481308,0,0.634391903877258,0.77301162481308,0,0.595697999000549,0.803208410739899,0,0.595697999000549,0.803208410739899,0,0.634391903877258,0.77301162481308,0,0.634391903877258,0.77301162481308,0,0.595697999000549,0.803208410739899,0,0.595697999000549,0.803208410739899,0,0.634391903877258,0.77301162481308,0,0.634391844272614,0.77301162481308,0,0.595697999000549,0.803208410739899,0,0.595697999000549,0.803208410739899,0,0.634391903877258,0.77301162481308,0,0.595697999000549,0.803208410739899,0,0.555571317672729,0.831468880176544,0,0.555571317672729,0.831468880176544,0,0.595697999000549,0.803208410739899,0,0.595697999000549,0.803208410739899,0,0.555571317672729,0.831468880176544,0,0.555571317672729,0.831468880176544,0,0.595697999000549,0.803208410739899,0,0.595697999000549,0.803208410739899,0,0.555571317672729,0.831468880176544,0,0.555571317672729,0.831468880176544,0,0.595697999000549,0.803208410739899,0,0.595697999000549,0.803208410739899,0,0.555571317672729,0.831468880176544,0,0.555571317672729,0.831468880176544,
0,0.595697999000549,0.803208410739899,0,0.595697999000549,0.803208410739899,0,0.555571317672729,0.831468880176544,0,0.555571317672729,0.831468880176544,0,0.595697999000549,0.803208410739899,0,0.595697999000549,0.803208410739899,0,0.555571317672729,0.831468880176544,0,0.555571317672729,0.831468880176544,0,0.595697999000549,0.803208410739899,0,0.595697999000549,0.803208410739899,0,0.555571317672729,0.831468880176544,0,0.555571317672729,0.831468880176544,0,0.595697999000549,0.803208410739899,0,0.595697999000549,0.803208410739899,0,0.555571317672729,0.831468880176544,0,0.555571317672729,0.831468880176544,0,0.595697999000549,0.803208410739899,0,0.595697999000549,0.803208410739899,0,0.555571317672729,0.831468880176544,0,0.555571317672729,0.831468880176544,0,0.595697999000549,0.803208410739899,0,0.595697999000549,0.803208410739899,0,0.555571317672729,0.831468880176544,0,0.555571317672729,0.831468880176544,0,0.595697999000549,0.803208410739899,0,0.595697999000549,0.803208410739899,0,0.555571317672729,0.831468880176544,0,0.555571317672729,0.831468880176544,0,0.595697999000549,0.803208410739899,0,0.595697999000549,0.803208410739899,0,0.555571317672729,0.831468880176544,0,0.555571317672729,0.831468880176544,0,0.595697999000549,0.803208410739899,0,0.595697999000549,0.803208410739899,0,0.555571317672729,0.831468880176544,0,0.555571317672729,0.831468880176544,0,0.595697999000549,0.803208410739899,0,0.595697999000549,0.803208410739899,0,0.555571317672729,0.831468880176544,0,0.555571317672729,0.831468880176544,0,0.595697999000549,0.803208410739899,0,0.595697999000549,0.803208410739899,0,0.555571317672729,0.831468880176544,0,0.555571317672729,0.831468880176544,0,0.595697999000549,0.803208410739899,0,0.595697999000549,0.803208410739899,0,0.555571317672729,0.831468880176544,0,0.555571317672729,0.831468880176544,0,0.595697999000549,0.803208410739899,0,0.595697999000549,0.803208410739899,0,0.555571317672729,0.831468880176544,0,0.555571317672729,0.831468880176544,0,0.595697999000549,0.803208410739899,0,0.595697999000549,0.803208410739899,
0,0.555571317672729,0.831468880176544,0,0.555571317672729,0.831468880176544,0,0.595697999000549,0.803208410739899,0,0.595697999000549,0.803208410739899,0,0.555571317672729,0.831468880176544,0,0.555571317672729,0.831468880176544,0,0.595697999000549,0.803208410739899,0,0.595697999000549,0.803208410739899,0,0.555571317672729,0.831468880176544,0,0.555571317672729,0.831468880176544,0,0.595697999000549,0.803208410739899,0,0.595697999000549,0.803208410739899,0,0.555571317672729,0.831468880176544,0,0.555571317672729,0.831468880176544,0,0.595697999000549,0.803208410739899,0,0.595697999000549,0.803208410739899,0,0.555571317672729,0.831468880176544,0,0.555571317672729,0.831468880176544,0,0.595697999000549,0.803208410739899,0,0.595697999000549,0.803208410739899,0,0.555571317672729,0.831468880176544,0,0.555571317672729,0.831468880176544,0,0.595697999000549,0.803208410739899,0,0.595697999000549,0.803208410739899,0,0.555571317672729,0.831468880176544,0,0.555571317672729,0.831468880176544,0,0.595697999000549,0.803208410739899,0,0.595697999000549,0.803208410739899,0,0.555571317672729,0.831468880176544,0,0.555571317672729,0.831468880176544,0,0.595697999000549,0.803208410739899,0,0.595697999000549,0.803208410739899,0,0.555571317672729,0.831468880176544,0,0.555571317672729,0.831468880176544,0,0.595697999000549,0.803208410739899,0,0.595697999000549,0.803208410739899,0,0.555571317672729,0.831468880176544,0,0.555571317672729,0.831468880176544,0,0.595697999000549,0.803208410739899,0,0.595697999000549,0.803208410739899,0,0.555571317672729,0.831468880176544,0,0.555571317672729,0.831468880176544,0,0.595697999000549,0.803208410739899,0,0.595697999000549,0.803208410739899,0,0.555571317672729,0.831468880176544,0,0.555571317672729,0.831468880176544,0,0.595697999000549,0.803208410739899,0,0.595697999000549,0.803208410739899,0,0.555571317672729,0.831468880176544,0,0.555571317672729,0.831468880176544,0,0.595697999000549,0.803208410739899,0,0.595697999000549,0.803208410739899,0,0.555571317672729,0.831468880176544,0,0.555571317672729,0.831468880176544,
0,0.595697999000549,0.803208410739899,0,0.595697999000549,0.803208410739899,0,0.555571317672729,0.831468880176544,0,0.555571317672729,0.831468880176544,0,0.595697999000549,0.803208410739899,0,0.555571317672729,0.831468880176544,0,0.514102101325989,0.857728898525238,0,0.514102101325989,0.857728898525238,0,0.555571317672729,0.831468880176544,0,0.555571317672729,0.831468880176544,0,0.514102101325989,0.857728898525238,0,0.514102101325989,0.857728898525238,0,0.555571317672729,0.831468880176544,0,0.555571317672729,0.831468880176544,0,0.514102101325989,0.857728898525238,0,0.514102101325989,0.857728898525238,0,0.555571317672729,0.831468880176544,0,0.555571317672729,0.831468880176544,0,0.514102101325989,0.857728898525238,0,0.514102101325989,0.857728898525238,0,0.555571317672729,0.831468880176544,0,0.555571317672729,0.831468880176544,0,0.514102101325989,0.857728898525238,0,0.514102101325989,0.857728898525238,0,0.555571317672729,0.831468880176544,0,0.555571317672729,0.831468880176544,0,0.514102101325989,0.857728898525238,0,0.514102101325989,0.857728898525238,0,0.555571317672729,0.831468880176544,0,0.555571317672729,0.831468880176544,0,0.514102101325989,0.857728898525238,0,0.514102101325989,0.857728898525238,0,0.555571317672729,0.831468880176544,0,0.555571317672729,0.831468880176544,0,0.514102101325989,0.857728898525238,0,0.514102101325989,0.857728898525238,0,0.555571317672729,0.831468880176544,0,0.555571317672729,0.831468880176544,0,0.514102101325989,0.857728898525238,0,0.514102101325989,0.857728898525238,0,0.555571317672729,0.831468880176544,0,0.555571317672729,0.831468880176544,0,0.514102101325989,0.857728898525238,0,0.514102101325989,0.857728898525238,0,0.555571317672729,0.831468880176544,0,0.555571317672729,0.831468880176544,0,0.514102101325989,0.857728898525238,0,0.514102101325989,0.857728898525238,0,0.555571317672729,0.831468880176544,0,0.555571317672729,0.831468880176544,0,0.514102101325989,0.857728898525238,0,0.514102101325989,0.857728898525238,0,0.555571317672729,0.831468880176544,0,0.555571317672729,0.831468880176544,
0,0.514102101325989,0.857728898525238,0,0.514102101325989,0.857728898525238,0,0.555571317672729,0.831468880176544,0,0.555571317672729,0.831468880176544,0,0.514102101325989,0.857728898525238,0,0.514102101325989,0.857728898525238,0,0.555571317672729,0.831468880176544,0,0.555571317672729,0.831468880176544,0,0.514102101325989,0.857728898525238,0,0.514102101325989,0.857728898525238,0,0.555571317672729,0.831468880176544,0,0.555571317672729,0.831468880176544,0,0.514102101325989,0.857728898525238,0,0.514102101325989,0.857728898525238,0,0.555571317672729,0.831468880176544,0,0.555571317672729,0.831468880176544,0,0.514102101325989,0.857728898525238,0,0.514102101325989,0.857728898525238,0,0.555571317672729,0.831468880176544,0,0.555571317672729,0.831468880176544,0,0.514102101325989,0.857728898525238,0,0.514102101325989,0.857728898525238,0,0.555571317672729,0.831468880176544,0,0.555571317672729,0.831468880176544,0,0.514102101325989,0.857728898525238,0,0.514102101325989,0.857728898525238,0,0.555571317672729,0.831468880176544,0,0.555571317672729,0.831468880176544,0,0.514102101325989,0.857728898525238,0,0.514102101325989,0.857728898525238,0,0.555571317672729,0.831468880176544,0,0.555571317672729,0.831468880176544,0,0.514102101325989,0.857728898525238,0,0.514102101325989,0.857728898525238,0,0.555571317672729,0.831468880176544,0,0.555571317672729,0.831468880176544,0,0.514102101325989,0.857728898525238,0,0.514102101325989,0.857728898525238,0,0.555571317672729,0.831468880176544,0,0.555571317672729,0.831468880176544,0,0.514102101325989,0.857728898525238,0,0.514102101325989,0.857728898525238,0,0.555571317672729,0.831468880176544,0,0.555571317672729,0.831468880176544,0,0.514102101325989,0.857728898525238,0,0.514102101325989,0.857728898525238,0,0.555571317672729,0.831468880176544,0,0.555571317672729,0.831468880176544,0,0.514102101325989,0.857728898525238,0,0.514102101325989,0.857728898525238,0,0.555571317672729,0.831468880176544,0,0.555571317672729,0.831468880176544,0,0.514102101325989,0.857728898525238,0,0.514102101325989,0.857728898525238,
0,0.555571317672729,0.831468880176544,0,0.555571317672729,0.831468880176544,0,0.514102101325989,0.857728898525238,0,0.514102101325989,0.857728898525238,0,0.555571317672729,0.831468880176544,0,0.555571317672729,0.831468880176544,0,0.514102101325989,0.857728898525238,0,0.514102101325989,0.857728898525238,0,0.555571317672729,0.831468880176544,0,0.555571317672729,0.831468880176544,0,0.514102101325989,0.857728898525238,0,0.514102101325989,0.857728898525238,0,0.555571317672729,0.831468880176544,0,0.555571317672729,0.831468880176544,0,0.514102101325989,0.857728898525238,0,0.514102101325989,0.857728898525238,0,0.555571317672729,0.831468880176544,0,0.555571317672729,0.831468880176544,0,0.514102101325989,0.857728898525238,0,0.514102101325989,0.857728898525238,0,0.555571317672729,0.831468880176544,0,0.555571317672729,0.831468880176544,0,0.514102101325989,0.857728898525238,0,0.514102101325989,0.857728898525238,0,0.555571317672729,0.831468880176544,0,0.514102101325989,0.857728898525238,0,0.471395432949066,0.881921887397766,0,0.471395432949066,0.881922006607056,0,0.514102101325989,0.857728898525238,0,0.514102101325989,0.857728898525238,0,0.471395432949066,0.881921887397766,0,0.471395432949066,0.881921887397766,0,0.514102101325989,0.857728898525238,0,0.514102101325989,0.857728898525238,0,0.471395432949066,0.881921887397766,0,0.471395432949066,0.881921887397766,0,0.514102101325989,0.857728898525238,0,0.514102101325989,0.857728898525238,0,0.471395432949066,0.881921887397766,0,0.471395432949066,0.881921887397766,0,0.514102101325989,0.857728898525238,0,0.514102101325989,0.857728898525238,0,0.471395432949066,0.881921887397766,0,0.471395432949066,0.881921887397766,0,0.514102101325989,0.857728898525238,0,0.514102101325989,0.857728898525238,0,0.471395432949066,0.881921887397766,0,0.471395432949066,0.881921887397766,0,0.514102101325989,0.857728898525238,0,0.514102101325989,0.857728898525238,0,0.471395432949066,0.881921887397766,0,0.471395432949066,0.881921887397766,0,0.514102101325989,0.857728898525238,0,0.514102101325989,0.857728898525238,
0,0.471395432949066,0.881921887397766,0,0.471395432949066,0.881921887397766,0,0.514102101325989,0.857728898525238,0,0.514102101325989,0.857728898525238,0,0.471395432949066,0.881921887397766,0,0.471395432949066,0.881921887397766,0,0.514102101325989,0.857728898525238,0,0.514102101325989,0.857728898525238,0,0.471395432949066,0.881921887397766,0,0.471395432949066,0.881921887397766,0,0.514102101325989,0.857728898525238,0,0.514102101325989,0.857728898525238,0,0.471395432949066,0.881921887397766,0,0.471395432949066,0.881921887397766,0,0.514102101325989,0.857728898525238,0,0.514102101325989,0.857728898525238,0,0.471395432949066,0.881921887397766,0,0.471395432949066,0.881921887397766,0,0.514102101325989,0.857728898525238,0,0.514102101325989,0.857728898525238,0,0.471395432949066,0.881921887397766,0,0.471395432949066,0.881921887397766,0,0.514102101325989,0.857728898525238,0,0.514102101325989,0.857728898525238,0,0.471395432949066,0.881921887397766,0,0.471395432949066,0.881921887397766,0,0.514102101325989,0.857728898525238,0,0.514102101325989,0.857728898525238,0,0.471395432949066,0.881921887397766,0,0.471395432949066,0.881921887397766,0,0.514102101325989,0.857728898525238,0,0.514102101325989,0.857728898525238,0,0.471395432949066,0.881921887397766,0,0.471395432949066,0.881921887397766,0,0.514102101325989,0.857728898525238,0,0.514102101325989,0.857728898525238,0,0.471395432949066,0.881921887397766,0,0.471395432949066,0.881921887397766,0,0.514102101325989,0.857728898525238,0,0.514102101325989,0.857728898525238,0,0.471395432949066,0.881921887397766,0,0.471395432949066,0.881921887397766,0,0.514102101325989,0.857728898525238,0,0.514102101325989,0.857728898525238,0,0.471395432949066,0.881921887397766,0,0.471395432949066,0.881921887397766,0,0.514102101325989,0.857728898525238,0,0.514102101325989,0.857728898525238,0,0.471395432949066,0.881921887397766,0,0.471395432949066,0.881921887397766,0,0.514102101325989,0.857728898525238,0,0.514102101325989,0.857728898525238,0,0.471395432949066,0.881921887397766,0,0.471395432949066,0.881921887397766,
0,0.514102101325989,0.857728898525238,0,0.514102101325989,0.857728898525238,0,0.471395432949066,0.881921887397766,0,0.471395432949066,0.881921887397766,0,0.514102101325989,0.857728898525238,0,0.514102101325989,0.857728898525238,0,0.471395432949066,0.881921887397766,0,0.471395432949066,0.881921887397766,0,0.514102101325989,0.857728898525238,0,0.514102101325989,0.857728898525238,0,0.471395432949066,0.881921887397766,0,0.471395432949066,0.881921887397766,0,0.514102101325989,0.857728898525238,0,0.514102101325989,0.857728898525238,0,0.471395432949066,0.881921887397766,0,0.471395432949066,0.881921887397766,0,0.514102101325989,0.857728898525238,0,0.514102101325989,0.857728898525238,0,0.471395432949066,0.881921887397766,0,0.471395432949066,0.881921887397766,0,0.514102101325989,0.857728898525238,0,0.514102101325989,0.857728898525238,0,0.471395432949066,0.881921887397766,0,0.471395432949066,0.881921887397766,0,0.514102101325989,0.857728898525238,0,0.514102101325989,0.857728898525238,0,0.471395432949066,0.881921887397766,0,0.471395432949066,0.881921887397766,0,0.514102101325989,0.857728898525238,0,0.514102101325989,0.857728898525238,0,0.471395432949066,0.881921887397766,0,0.471395432949066,0.881921887397766,0,0.514102101325989,0.857728898525238,0,0.514102101325989,0.857728898525238,0,0.471395432949066,0.881921887397766,0,0.471395432949066,0.881921887397766,0,0.514102101325989,0.857728898525238,0,0.514102101325989,0.857728898525238,0,0.471395432949066,0.881921887397766,0,0.471395432949066,0.881921887397766,0,0.514102101325989,0.857728898525238,0,0.514102101325989,0.857728898525238,0,0.471395432949066,0.881922006607056,0,0.471395432949066,0.881921887397766,0,0.514102101325989,0.857728898525238,0,0.471395432949066,0.881921887397766,0,0.427557021379471,0.903988361358643,0,0.427557021379471,0.903988301753998,0,0.471395432949066,0.881922006607056,0,0.471395432949066,0.881921887397766,0,0.427557021379471,0.903988361358643,0,0.427557021379471,0.903988361358643,0,0.471395432949066,0.881921887397766,0,0.471395432949066,0.881921887397766,
0,0.427557021379471,0.903988361358643,0,0.427557021379471,0.903988361358643,0,0.471395432949066,0.881921887397766,0,0.471395432949066,0.881921887397766,0,0.427557021379471,0.903988361358643,0,0.427557021379471,0.903988361358643,0,0.471395432949066,0.881921887397766,0,0.471395432949066,0.881921887397766,0,0.427557021379471,0.903988361358643,0,0.427557021379471,0.903988361358643,0,0.471395432949066,0.881921887397766,0,0.471395432949066,0.881921887397766,0,0.427557021379471,0.903988361358643,0,0.427557021379471,0.903988361358643,0,0.471395432949066,0.881921887397766,0,0.471395432949066,0.881921887397766,0,0.427557021379471,0.903988361358643,0,0.427557021379471,0.903988361358643,0,0.471395432949066,0.881921887397766,0,0.471395432949066,0.881921887397766,0,0.427557021379471,0.903988361358643,0,0.427557021379471,0.903988361358643,0,0.471395432949066,0.881921887397766,0,0.471395432949066,0.881921887397766,0,0.427557021379471,0.903988361358643,0,0.427557021379471,0.903988361358643,0,0.471395432949066,0.881921887397766,0,0.471395432949066,0.881921887397766,0,0.427557021379471,0.903988361358643,0,0.427557021379471,0.903988361358643,0,0.471395432949066,0.881921887397766,0,0.471395432949066,0.881921887397766,0,0.427557021379471,0.903988361358643,0,0.427557021379471,0.903988361358643,0,0.471395432949066,0.881921887397766,0,0.471395432949066,0.881921887397766,0,0.427557021379471,0.903988361358643,0,0.427557021379471,0.903988361358643,0,0.471395432949066,0.881921887397766,0,0.471395432949066,0.881921887397766,0,0.427557021379471,0.903988361358643,0,0.427557021379471,0.903988361358643,0,0.471395432949066,0.881921887397766,0,0.471395432949066,0.881921887397766,0,0.427557021379471,0.903988361358643,0,0.427557021379471,0.903988361358643,0,0.471395432949066,0.881921887397766,0,0.471395432949066,0.881921887397766,0,0.427557021379471,0.903988361358643,0,0.427557021379471,0.903988361358643,0,0.471395432949066,0.881921887397766,0,0.471395432949066,0.881921887397766,0,0.427557021379471,0.903988361358643,0,0.427557021379471,0.903988361358643,
0,0.471395432949066,0.881921887397766,0,0.471395432949066,0.881921887397766,0,0.427557021379471,0.903988361358643,0,0.427557021379471,0.903988361358643,0,0.471395432949066,0.881921887397766,0,0.471395432949066,0.881921887397766,0,0.427557021379471,0.903988361358643,0,0.427557021379471,0.903988361358643,0,0.471395432949066,0.881921887397766,0,0.471395432949066,0.881921887397766,0,0.427557021379471,0.903988361358643,0,0.427557021379471,0.903988361358643,0,0.471395432949066,0.881921887397766,0,0.471395432949066,0.881921887397766,0,0.427557021379471,0.903988361358643,0,0.427557021379471,0.903988361358643,0,0.471395432949066,0.881921887397766,0,0.471395432949066,0.881921887397766,0,0.427557021379471,0.903988361358643,0,0.427557021379471,0.903988361358643,0,0.471395432949066,0.881921887397766,0,0.471395432949066,0.881921887397766,0,0.427557021379471,0.903988361358643,0,0.427557021379471,0.903988361358643,0,0.471395432949066,0.881921887397766,0,0.471395432949066,0.881921887397766,0,0.427557021379471,0.903988361358643,0,0.427557021379471,0.903988361358643,0,0.471395432949066,0.881921887397766,0,0.471395432949066,0.881921887397766,0,0.427557021379471,0.903988361358643,0,0.427557021379471,0.903988361358643,0,0.471395432949066,0.881921887397766,0,0.471395432949066,0.881921887397766,0,0.427557021379471,0.903988361358643,0,0.427557021379471,0.903988361358643,0,0.471395432949066,0.881921887397766,0,0.471395432949066,0.881921887397766,0,0.427557021379471,0.903988361358643,0,0.427557021379471,0.903988361358643,0,0.471395432949066,0.881921887397766,0,0.471395432949066,0.881921887397766,0,0.427557021379471,0.903988361358643,0,0.427557021379471,0.903988361358643,0,0.471395432949066,0.881921887397766,0,0.471395432949066,0.881921887397766,0,0.427557021379471,0.903988361358643,0,0.427557021379471,0.903988361358643,0,0.471395432949066,0.881921887397766,0,0.471395432949066,0.881921887397766,0,0.427557021379471,0.903988361358643,0,0.427557021379471,0.903988361358643,0,0.471395432949066,0.881921887397766,0,0.471395432949066,0.881921887397766,
0,0.427557021379471,0.903988361358643,0,0.427557021379471,0.903988361358643,0,0.471395432949066,0.881921887397766,0,0.471395432949066,0.881921887397766,0,0.427557021379471,0.903988361358643,0,0.427557021379471,0.903988361358643,0,0.471395432949066,0.881921887397766,0,0.471395432949066,0.881922006607056,0,0.427557021379471,0.903988301753998,0,0.427557021379471,0.903988361358643,0,0.471395432949066,0.881921887397766,0,0.427557021379471,0.903988361358643,0,0.382686018943787,0.92387843132019,0,0.382685989141464,0.92387843132019,0,0.427557021379471,0.903988301753998,0,0.427557021379471,0.903988361358643,0,0.382686018943787,0.92387843132019,0,0.382686018943787,0.92387843132019,0,0.427557021379471,0.903988361358643,0,0.427557021379471,0.903988361358643,0,0.382686018943787,0.92387843132019,0,0.382686018943787,0.92387843132019,0,0.427557021379471,0.903988361358643,0,0.427557021379471,0.903988361358643,0,0.382686018943787,0.92387843132019,0,0.382686018943787,0.92387843132019,0,0.427557021379471,0.903988361358643,0,0.427557021379471,0.903988361358643,0,0.382686018943787,0.92387843132019,0,0.382686018943787,0.92387843132019,0,0.427557021379471,0.903988361358643,0,0.427557021379471,0.903988361358643,0,0.382686018943787,0.92387843132019,0,0.382686018943787,0.92387843132019,0,0.427557021379471,0.903988361358643,0,0.427557021379471,0.903988361358643,0,0.382686018943787,0.92387843132019,0,0.382686018943787,0.92387843132019,0,0.427557021379471,0.903988361358643,0,0.427557021379471,0.903988361358643,0,0.382686018943787,0.92387843132019,0,0.382686018943787,0.92387843132019,0,0.427557021379471,0.903988361358643,0,0.427557021379471,0.903988361358643,0,0.382686018943787,0.92387843132019,0,0.382686018943787,0.92387843132019,0,0.427557021379471,0.903988361358643,0,0.427557021379471,0.903988361358643,0,0.382686018943787,0.92387843132019,0,0.382686018943787,0.92387843132019,0,0.427557021379471,0.903988361358643,0,0.427557021379471,0.903988361358643,0,0.382686018943787,0.92387843132019,0,0.382686018943787,0.92387843132019,0,0.427557021379471,0.903988361358643,
0,0.427557021379471,0.903988361358643,0,0.382686018943787,0.92387843132019,0,0.382686018943787,0.92387843132019,0,0.427557021379471,0.903988361358643,0,0.427557021379471,0.903988361358643,0,0.382686018943787,0.92387843132019,0,0.382686018943787,0.92387843132019,0,0.427557021379471,0.903988361358643,0,0.427557021379471,0.903988361358643,0,0.382686018943787,0.92387843132019,0,0.382686018943787,0.92387843132019,0,0.427557021379471,0.903988361358643,0,0.427557021379471,0.903988361358643,0,0.382686018943787,0.92387843132019,0,0.382686018943787,0.92387843132019,0,0.427557021379471,0.903988361358643,0,0.427557021379471,0.903988361358643,0,0.382686018943787,0.92387843132019,0,0.382686018943787,0.92387843132019,0,0.427557021379471,0.903988361358643,0,0.427557021379471,0.903988361358643,0,0.382686018943787,0.92387843132019,0,0.382686018943787,0.92387843132019,0,0.427557021379471,0.903988361358643,0,0.427557021379471,0.903988361358643,0,0.382686018943787,0.92387843132019,0,0.382686018943787,0.92387843132019,0,0.427557021379471,0.903988361358643,0,0.427557021379471,0.903988361358643,0,0.382686018943787,0.92387843132019,0,0.382686018943787,0.92387843132019,0,0.427557021379471,0.903988361358643,0,0.427557021379471,0.903988361358643,0,0.382686018943787,0.92387843132019,0,0.382686018943787,0.92387843132019,0,0.427557021379471,0.903988361358643,0,0.427557021379471,0.903988361358643,0,0.382686018943787,0.92387843132019,0,0.382686018943787,0.92387843132019,0,0.427557021379471,0.903988361358643,0,0.427557021379471,0.903988361358643,0,0.382686018943787,0.92387843132019,0,0.382686018943787,0.92387843132019,0,0.427557021379471,0.903988361358643,0,0.427557021379471,0.903988361358643,0,0.382686018943787,0.92387843132019,0,0.382686018943787,0.92387843132019,0,0.427557021379471,0.903988361358643,0,0.427557021379471,0.903988361358643,0,0.382686018943787,0.92387843132019,0,0.382686018943787,0.92387843132019,0,0.427557021379471,0.903988361358643,0,0.427557021379471,0.903988361358643,0,0.382686018943787,0.92387843132019,0,0.382686018943787,0.92387843132019,
0,0.427557021379471,0.903988361358643,0,0.427557021379471,0.903988361358643,0,0.382686018943787,0.92387843132019,0,0.382686018943787,0.92387843132019,0,0.427557021379471,0.903988361358643,0,0.427557021379471,0.903988361358643,0,0.382686018943787,0.92387843132019,0,0.382686018943787,0.92387843132019,0,0.427557021379471,0.903988361358643,0,0.427557021379471,0.903988361358643,0,0.382686018943787,0.92387843132019,0,0.382686018943787,0.92387843132019,0,0.427557021379471,0.903988361358643,0,0.427557021379471,0.903988361358643,0,0.382686018943787,0.92387843132019,0,0.382686018943787,0.92387843132019,0,0.427557021379471,0.903988361358643,0,0.427557021379471,0.903988361358643,0,0.382686018943787,0.92387843132019,0,0.382686018943787,0.92387843132019,0,0.427557021379471,0.903988361358643,0,0.427557021379471,0.903988361358643,0,0.382686018943787,0.92387843132019,0,0.382686018943787,0.92387843132019,0,0.427557021379471,0.903988361358643,0,0.427557021379471,0.903988301753998,0,0.382685989141464,0.92387843132019,0,0.382686018943787,0.92387843132019,0,0.427557021379471,0.903988361358643,0,0.382686018943787,0.92387843132019,0,0.336889088153839,0.941544353961945,0,0.336889088153839,0.941544353961945,0,0.382685989141464,0.92387843132019,0,0.382686018943787,0.92387843132019,0,0.336889088153839,0.941544353961945,0,0.336889088153839,0.941544353961945,0,0.382686018943787,0.92387843132019,0,0.382686018943787,0.92387843132019,0,0.336889088153839,0.941544353961945,0,0.336889088153839,0.941544353961945,0,0.382686018943787,0.92387843132019,0,0.382686018943787,0.92387843132019,0,0.336889088153839,0.941544353961945,0,0.336889088153839,0.941544353961945,0,0.382686018943787,0.92387843132019,0,0.382686018943787,0.92387843132019,0,0.336889088153839,0.941544353961945,0,0.336889088153839,0.941544353961945,0,0.382686018943787,0.92387843132019,0,0.382686018943787,0.92387843132019,0,0.336889088153839,0.941544353961945,0,0.336889088153839,0.941544353961945,0,0.382686018943787,0.92387843132019,0,0.382686018943787,0.92387843132019,0,0.336889088153839,0.941544353961945,
0,0.336889088153839,0.941544353961945,0,0.382686018943787,0.92387843132019,0,0.382686018943787,0.92387843132019,0,0.336889088153839,0.941544353961945,0,0.336889088153839,0.941544353961945,0,0.382686018943787,0.92387843132019,0,0.382686018943787,0.92387843132019,0,0.336889088153839,0.941544353961945,0,0.336889088153839,0.941544353961945,0,0.382686018943787,0.92387843132019,0,0.382686018943787,0.92387843132019,0,0.336889088153839,0.941544353961945,0,0.336889088153839,0.941544353961945,0,0.382686018943787,0.92387843132019,0,0.382686018943787,0.92387843132019,0,0.336889088153839,0.941544353961945,0,0.336889088153839,0.941544353961945,0,0.382686018943787,0.92387843132019,0,0.382686018943787,0.92387843132019,0,0.336889088153839,0.941544353961945,0,0.336889088153839,0.941544353961945,0,0.382686018943787,0.92387843132019,0,0.382686018943787,0.92387843132019,0,0.336889088153839,0.941544353961945,0,0.336889088153839,0.941544353961945,0,0.382686018943787,0.92387843132019,0,0.382686018943787,0.92387843132019,0,0.336889088153839,0.941544353961945,0,0.336889088153839,0.941544353961945,0,0.382686018943787,0.92387843132019,0,0.382686018943787,0.92387843132019,0,0.336889088153839,0.941544353961945,0,0.336889088153839,0.941544353961945,0,0.382686018943787,0.92387843132019,0,0.382686018943787,0.92387843132019,0,0.336889088153839,0.941544353961945,0,0.336889088153839,0.941544353961945,0,0.382686018943787,0.92387843132019,0,0.382686018943787,0.92387843132019,0,0.336889088153839,0.941544353961945,0,0.336889088153839,0.941544353961945,0,0.382686018943787,0.92387843132019,0,0.382686018943787,0.92387843132019,0,0.336889088153839,0.941544353961945,0,0.336889088153839,0.941544353961945,0,0.382686018943787,0.92387843132019,0,0.382686018943787,0.92387843132019,0,0.336889088153839,0.941544353961945,0,0.336889088153839,0.941544353961945,0,0.382686018943787,0.92387843132019,0,0.382686018943787,0.92387843132019,0,0.336889088153839,0.941544353961945,0,0.336889088153839,0.941544353961945,0,0.382686018943787,0.92387843132019,0,0.382686018943787,0.92387843132019,
0,0.336889088153839,0.941544353961945,0,0.336889088153839,0.941544353961945,0,0.382686018943787,0.92387843132019,0,0.382686018943787,0.92387843132019,0,0.336889088153839,0.941544353961945,0,0.336889088153839,0.941544353961945,0,0.382686018943787,0.92387843132019,0,0.382686018943787,0.92387843132019,0,0.336889088153839,0.941544353961945,0,0.336889088153839,0.941544353961945,0,0.382686018943787,0.92387843132019,0,0.382686018943787,0.92387843132019,0,0.336889088153839,0.941544353961945,0,0.336889088153839,0.941544353961945,0,0.382686018943787,0.92387843132019,0,0.382686018943787,0.92387843132019,0,0.336889088153839,0.941544353961945,0,0.336889088153839,0.941544353961945,0,0.382686018943787,0.92387843132019,0,0.382686018943787,0.92387843132019,0,0.336889088153839,0.941544353961945,0,0.336889088153839,0.941544353961945,0,0.382686018943787,0.92387843132019,0,0.382686018943787,0.92387843132019,0,0.336889088153839,0.941544353961945,0,0.336889088153839,0.941544353961945,0,0.382686018943787,0.92387843132019,0,0.382686018943787,0.92387843132019,0,0.336889088153839,0.941544353961945,0,0.336889088153839,0.941544353961945,0,0.382686018943787,0.92387843132019,0,0.382686018943787,0.92387843132019,0,0.336889088153839,0.941544353961945,0,0.336889088153839,0.941544353961945,0,0.382686018943787,0.92387843132019,0,0.382686018943787,0.92387843132019,0,0.336889088153839,0.941544353961945,0,0.336889088153839,0.941544353961945,0,0.382686018943787,0.92387843132019,0,0.382686018943787,0.92387843132019,0,0.336889088153839,0.941544353961945,0,0.336889088153839,0.941544353961945,0,0.382686018943787,0.92387843132019,0,0.382685989141464,0.92387843132019,0,0.336889088153839,0.941544353961945,0,0.336889088153839,0.941544353961945,0,0.382686018943787,0.92387843132019,0,0.336889088153839,0.941544353961945,0,0.290281802415848,0.956941187381744,0,0.290281802415848,0.956941187381744,0,0.336889088153839,0.941544353961945,0,0.336889088153839,0.941544353961945,0,0.290281802415848,0.956941187381744,0,0.290281802415848,0.956941187381744,0,0.336889088153839,0.941544353961945,
0,0.336889088153839,0.941544353961945,0,0.290281802415848,0.956941187381744,0,0.290281802415848,0.956941187381744,0,0.336889088153839,0.941544353961945,0,0.336889088153839,0.941544353961945,0,0.290281802415848,0.956941187381744,0,0.290281802415848,0.956941187381744,0,0.336889088153839,0.941544353961945,0,0.336889088153839,0.941544353961945,0,0.290281802415848,0.956941187381744,0,0.290281802415848,0.956941187381744,0,0.336889088153839,0.941544353961945,0,0.336889088153839,0.941544353961945,0,0.290281802415848,0.956941187381744,0,0.290281802415848,0.956941187381744,0,0.336889088153839,0.941544353961945,0,0.336889088153839,0.941544353961945,0,0.290281802415848,0.956941187381744,0,0.290281802415848,0.956941187381744,0,0.336889088153839,0.941544353961945,0,0.336889088153839,0.941544353961945,0,0.290281802415848,0.956941187381744,0,0.290281802415848,0.956941187381744,0,0.336889088153839,0.941544353961945,0,0.336889088153839,0.941544353961945,0,0.290281802415848,0.956941187381744,0,0.290281802415848,0.956941187381744,0,0.336889088153839,0.941544353961945,0,0.336889088153839,0.941544353961945,0,0.290281802415848,0.956941187381744,0,0.290281802415848,0.956941187381744,0,0.336889088153839,0.941544353961945,0,0.336889088153839,0.941544353961945,0,0.290281802415848,0.956941187381744,0,0.290281802415848,0.956941187381744,0,0.336889088153839,0.941544353961945,0,0.336889088153839,0.941544353961945,0,0.290281802415848,0.956941187381744,0,0.290281802415848,0.956941187381744,0,0.336889088153839,0.941544353961945,0,0.336889088153839,0.941544353961945,0,0.290281802415848,0.956941187381744,0,0.290281802415848,0.956941187381744,0,0.336889088153839,0.941544353961945,0,0.336889088153839,0.941544353961945,0,0.290281802415848,0.956941187381744,0,0.290281802415848,0.956941187381744,0,0.336889088153839,0.941544353961945,0,0.336889088153839,0.941544353961945,0,0.290281802415848,0.956941187381744,0,0.290281802415848,0.956941187381744,0,0.336889088153839,0.941544353961945,0,0.336889088153839,0.941544353961945,0,0.290281802415848,0.956941187381744,
0,0.290281802415848,0.956941187381744,0,0.336889088153839,0.941544353961945,0,0.336889088153839,0.941544353961945,0,0.290281802415848,0.956941187381744,0,0.290281802415848,0.956941187381744,0,0.336889088153839,0.941544353961945,0,0.336889088153839,0.941544353961945,0,0.290281802415848,0.956941187381744,0,0.290281802415848,0.956941187381744,0,0.336889088153839,0.941544353961945,0,0.336889088153839,0.941544353961945,0,0.290281802415848,0.956941187381744,0,0.290281802415848,0.956941187381744,0,0.336889088153839,0.941544353961945,0,0.336889088153839,0.941544353961945,0,0.290281802415848,0.956941187381744,0,0.290281802415848,0.956941187381744,0,0.336889088153839,0.941544353961945,0,0.336889088153839,0.941544353961945,0,0.290281802415848,0.956941187381744,0,0.290281802415848,0.956941187381744,0,0.336889088153839,0.941544353961945,0,0.336889088153839,0.941544353961945,0,0.290281802415848,0.956941187381744,0,0.290281802415848,0.956941187381744,0,0.336889088153839,0.941544353961945,0,0.336889088153839,0.941544353961945,0,0.290281802415848,0.956941187381744,0,0.290281802415848,0.956941187381744,0,0.336889088153839,0.941544353961945,0,0.336889088153839,0.941544353961945,0,0.290281802415848,0.956941187381744,0,0.290281802415848,0.956941187381744,0,0.336889088153839,0.941544353961945,0,0.336889088153839,0.941544353961945,0,0.290281802415848,0.956941187381744,0,0.290281802415848,0.956941187381744,0,0.336889088153839,0.941544353961945,0,0.336889088153839,0.941544353961945,0,0.290281802415848,0.956941187381744,0,0.290281802415848,0.956941187381744,0,0.336889088153839,0.941544353961945,0,0.336889088153839,0.941544353961945,0,0.290281802415848,0.956941187381744,0,0.290281802415848,0.956941187381744,0,0.336889088153839,0.941544353961945,0,0.336889088153839,0.941544353961945,0,0.290281802415848,0.956941187381744,0,0.290281802415848,0.956941187381744,0,0.336889088153839,0.941544353961945,0,0.336889088153839,0.941544353961945,0,0.290281802415848,0.956941187381744,0,0.290281802415848,0.956941187381744,0,0.336889088153839,0.941544353961945,
0,0.336889088153839,0.941544353961945,0,0.290281802415848,0.956941187381744,0,0.290281802415848,0.956941187381744,0,0.336889088153839,0.941544353961945,0,0.336889088153839,0.941544353961945,0,0.290281802415848,0.956941187381744,0,0.290281802415848,0.956941187381744,0,0.336889088153839,0.941544353961945,0,0.336889088153839,0.941544353961945,0,0.290281802415848,0.956941187381744,0,0.290281802415848,0.956941187381744,0,0.336889088153839,0.941544353961945,0,0.290281802415848,0.956941187381744,0,0.242980927228928,0.970031082630157,0,0.242980927228928,0.970031023025513,0,0.290281802415848,0.956941187381744,0,0.290281802415848,0.956941187381744,0,0.242980927228928,0.970031082630157,0,0.242980927228928,0.970031082630157,0,0.290281802415848,0.956941187381744,0,0.290281802415848,0.956941187381744,0,0.242980927228928,0.970031082630157,0,0.242980927228928,0.970031082630157,0,0.290281802415848,0.956941187381744,0,0.290281802415848,0.956941187381744,0,0.242980927228928,0.970031082630157,0,0.242980927228928,0.970031082630157,0,0.290281802415848,0.956941187381744,0,0.290281802415848,0.956941187381744,0,0.242980927228928,0.970031082630157,0,0.242980927228928,0.970031082630157,0,0.290281802415848,0.956941187381744,0,0.290281802415848,0.956941187381744,0,0.242980927228928,0.970031082630157,0,0.242980927228928,0.970031082630157,0,0.290281802415848,0.956941187381744,0,0.290281802415848,0.956941187381744,0,0.242980927228928,0.970031082630157,0,0.242980927228928,0.970031082630157,0,0.290281802415848,0.956941187381744,0,0.290281802415848,0.956941187381744,0,0.242980927228928,0.970031082630157,0,0.242980927228928,0.970031082630157,0,0.290281802415848,0.956941187381744,0,0.290281802415848,0.956941187381744,0,0.242980927228928,0.970031082630157,0,0.242980927228928,0.970031082630157,0,0.290281802415848,0.956941187381744,0,0.290281802415848,0.956941187381744,0,0.242980927228928,0.970031082630157,0,0.242980927228928,0.970031082630157,0,0.290281802415848,0.956941187381744,0,0.290281802415848,0.956941187381744,0,0.242980927228928,0.970031082630157,
0,0.242980927228928,0.970031082630157,0,0.290281802415848,0.956941187381744,0,0.290281802415848,0.956941187381744,0,0.242980927228928,0.970031082630157,0,0.242980927228928,0.970031082630157,0,0.290281802415848,0.956941187381744,0,0.290281802415848,0.956941187381744,0,0.242980927228928,0.970031082630157,0,0.242980927228928,0.970031082630157,0,0.290281802415848,0.956941187381744,0,0.290281802415848,0.956941187381744,0,0.242980927228928,0.970031082630157,0,0.242980927228928,0.970031082630157,0,0.290281802415848,0.956941187381744,0,0.290281802415848,0.956941187381744,0,0.242980927228928,0.970031082630157,0,0.242980927228928,0.970031082630157,0,0.290281802415848,0.956941187381744,0,0.290281802415848,0.956941187381744,0,0.242980927228928,0.970031082630157,0,0.242980927228928,0.970031082630157,0,0.290281802415848,0.956941187381744,0,0.290281802415848,0.956941187381744,0,0.242980927228928,0.970031082630157,0,0.242980927228928,0.970031082630157,0,0.290281802415848,0.956941187381744,0,0.290281802415848,0.956941187381744,0,0.242980927228928,0.970031082630157,0,0.242980927228928,0.970031082630157,0,0.290281802415848,0.956941187381744,0,0.290281802415848,0.956941187381744,0,0.242980927228928,0.970031082630157,0,0.242980927228928,0.970031082630157,0,0.290281802415848,0.956941187381744,0,0.290281802415848,0.956941187381744,0,0.242980927228928,0.970031082630157,0,0.242980927228928,0.970031082630157,0,0.290281802415848,0.956941187381744,0,0.290281802415848,0.956941187381744,0,0.242980927228928,0.970031082630157,0,0.242980927228928,0.970031082630157,0,0.290281802415848,0.956941187381744,0,0.290281802415848,0.956941187381744,0,0.242980927228928,0.970031082630157,0,0.242980927228928,0.970031082630157,0,0.290281802415848,0.956941187381744,0,0.290281802415848,0.956941187381744,0,0.242980927228928,0.970031082630157,0,0.242980927228928,0.970031082630157,0,0.290281802415848,0.956941187381744,0,0.290281802415848,0.956941187381744,0,0.242980927228928,0.970031082630157,0,0.242980927228928,0.970031082630157,0,0.290281802415848,0.956941187381744,
0,0.290281802415848,0.956941187381744,0,0.242980927228928,0.970031082630157,0,0.242980927228928,0.970031082630157,0,0.290281802415848,0.956941187381744,0,0.290281802415848,0.956941187381744,0,0.242980927228928,0.970031082630157,0,0.242980927228928,0.970031082630157,0,0.290281802415848,0.956941187381744,0,0.290281802415848,0.956941187381744,0,0.242980927228928,0.970031082630157,0,0.242980927228928,0.970031082630157,0,0.290281802415848,0.956941187381744,0,0.290281802415848,0.956941187381744,0,0.242980927228928,0.970031082630157,0,0.242980927228928,0.970031082630157,0,0.290281802415848,0.956941187381744,0,0.290281802415848,0.956941187381744,0,0.242980927228928,0.970031082630157,0,0.242980927228928,0.970031082630157,0,0.290281802415848,0.956941187381744,0,0.290281802415848,0.956941187381744,0,0.242980927228928,0.970031082630157,0,0.242980927228928,0.970031082630157,0,0.290281802415848,0.956941187381744,0,0.290281802415848,0.956941187381744,0,0.242980927228928,0.970031082630157,0,0.242980927228928,0.970031082630157,0,0.290281802415848,0.956941187381744,0,0.290281802415848,0.956941187381744,0,0.242980927228928,0.970031023025513,0,0.242980927228928,0.970031082630157,0,0.290281802415848,0.956941187381744,0,0.242980927228928,0.970031082630157,0,0.195091083645821,0.980785131454468,0,0.195091083645821,0.980785131454468,0,0.242980927228928,0.970031023025513,0,0.242980927228928,0.970031082630157,0,0.195091083645821,0.980785131454468,0,0.195091083645821,0.980785131454468,0,0.242980927228928,0.970031082630157,0,0.242980927228928,0.970031082630157,0,0.195091083645821,0.980785131454468,0,0.195091083645821,0.980785131454468,0,0.242980927228928,0.970031082630157,0,0.242980927228928,0.970031082630157,0,0.195091083645821,0.980785131454468,0,0.195091083645821,0.980785131454468,0,0.242980927228928,0.970031082630157,0,0.242980927228928,0.970031082630157,0,0.195091083645821,0.980785131454468,0,0.195091083645821,0.980785131454468,0,0.242980927228928,0.970031082630157,0,0.242980927228928,0.970031082630157,0,0.195091083645821,0.980785131454468,
0,0.195091083645821,0.980785131454468,0,0.242980927228928,0.970031082630157,0,0.242980927228928,0.970031082630157,0,0.195091083645821,0.980785131454468,0,0.195091083645821,0.980785131454468,0,0.242980927228928,0.970031082630157,0,0.242980927228928,0.970031082630157,0,0.195091083645821,0.980785131454468,0,0.195091083645821,0.980785131454468,0,0.242980927228928,0.970031082630157,0,0.242980927228928,0.970031082630157,0,0.195091083645821,0.980785131454468,0,0.195091083645821,0.980785131454468,0,0.242980927228928,0.970031082630157,0,0.242980927228928,0.970031082630157,0,0.195091083645821,0.980785131454468,0,0.195091083645821,0.980785131454468,0,0.242980927228928,0.970031082630157,0,0.242980927228928,0.970031082630157,0,0.195091083645821,0.980785131454468,0,0.195091083645821,0.980785131454468,0,0.242980927228928,0.970031082630157,0,0.242980927228928,0.970031082630157,0,0.195091083645821,0.980785131454468,0,0.195091083645821,0.980785131454468,0,0.242980927228928,0.970031082630157,0,0.242980927228928,0.970031082630157,0,0.195091083645821,0.980785131454468,0,0.195091083645821,0.980785131454468,0,0.242980927228928,0.970031082630157,0,0.242980927228928,0.970031082630157,0,0.195091083645821,0.980785131454468,0,0.195091083645821,0.980785131454468,0,0.242980927228928,0.970031082630157,0,0.242980927228928,0.970031082630157,0,0.195091083645821,0.980785131454468,0,0.195091083645821,0.980785131454468,0,0.242980927228928,0.970031082630157,0,0.242980927228928,0.970031082630157,0,0.195091083645821,0.980785131454468,0,0.195091083645821,0.980785131454468,0,0.242980927228928,0.970031082630157,0,0.242980927228928,0.970031082630157,0,0.195091083645821,0.980785131454468,0,0.195091083645821,0.980785131454468,0,0.242980927228928,0.970031082630157,0,0.242980927228928,0.970031082630157,0,0.195091083645821,0.980785131454468,0,0.195091083645821,0.980785131454468,0,0.242980927228928,0.970031082630157,0,0.242980927228928,0.970031082630157,0,0.195091083645821,0.980785131454468,0,0.195091083645821,0.980785131454468,0,0.242980927228928,0.970031082630157,
0,0.242980927228928,0.970031082630157,0,0.195091083645821,0.980785131454468,0,0.195091083645821,0.980785131454468,0,0.242980927228928,0.970031082630157,0,0.242980927228928,0.970031082630157,0,0.195091083645821,0.980785131454468,0,0.195091083645821,0.980785131454468,0,0.242980927228928,0.970031082630157,0,0.242980927228928,0.970031082630157,0,0.195091083645821,0.980785131454468,0,0.195091083645821,0.980785131454468,0,0.242980927228928,0.970031082630157,0,0.242980927228928,0.970031082630157,0,0.195091083645821,0.980785131454468,0,0.195091083645821,0.980785131454468,0,0.242980927228928,0.970031082630157,0,0.242980927228928,0.970031082630157,0,0.195091083645821,0.980785131454468,0,0.195091083645821,0.980785131454468,0,0.242980927228928,0.970031082630157,0,0.242980927228928,0.970031082630157,0,0.195091083645821,0.980785131454468,0,0.195091083645821,0.980785131454468,0,0.242980927228928,0.970031082630157,0,0.242980927228928,0.970031082630157,0,0.195091083645821,0.980785131454468,0,0.195091083645821,0.980785131454468,0,0.242980927228928,0.970031082630157,0,0.242980927228928,0.970031082630157,0,0.195091083645821,0.980785131454468,0,0.195091083645821,0.980785131454468,0,0.242980927228928,0.970031082630157,0,0.242980927228928,0.970031082630157,0,0.195091083645821,0.980785131454468,0,0.195091083645821,0.980785131454468,0,0.242980927228928,0.970031082630157,0,0.242980927228928,0.970031082630157,0,0.195091083645821,0.980785131454468,0,0.195091083645821,0.980785131454468,0,0.242980927228928,0.970031082630157,0,0.242980927228928,0.970031082630157,0,0.195091083645821,0.980785131454468,0,0.195091083645821,0.980785131454468,0,0.242980927228928,0.970031082630157,0,0.242980927228928,0.970031082630157,0,0.195091083645821,0.980785131454468,0,0.195091083645821,0.980785131454468,0,0.242980927228928,0.970031082630157,0,0.242980927228928,0.970031023025513,0,0.195091083645821,0.980785131454468,0,0.195091083645821,0.980785131454468,0,0.242980927228928,0.970031082630157,0,0.195091083645821,0.980785131454468,0,0.146728172898293,0.98917680978775,
0,0.146728172898293,0.98917680978775,0,0.195091083645821,0.980785131454468,0,0.195091083645821,0.980785131454468,0,0.146728172898293,0.98917680978775,0,0.146728172898293,0.98917680978775,0,0.195091083645821,0.980785131454468,0,0.195091083645821,0.980785131454468,0,0.146728172898293,0.98917680978775,0,0.146728172898293,0.98917680978775,0,0.195091083645821,0.980785131454468,0,0.195091083645821,0.980785131454468,0,0.146728172898293,0.98917680978775,0,0.146728172898293,0.98917680978775,0,0.195091083645821,0.980785131454468,0,0.195091083645821,0.980785131454468,0,0.146728172898293,0.98917680978775,0,0.146728172898293,0.98917680978775,0,0.195091083645821,0.980785131454468,0,0.195091083645821,0.980785131454468,0,0.146728172898293,0.98917680978775,0,0.146728172898293,0.98917680978775,0,0.195091083645821,0.980785131454468,0,0.195091083645821,0.980785131454468,0,0.146728172898293,0.98917680978775,0,0.146728172898293,0.98917680978775,0,0.195091083645821,0.980785131454468,0,0.195091083645821,0.980785131454468,0,0.146728172898293,0.98917680978775,0,0.146728172898293,0.98917680978775,0,0.195091083645821,0.980785131454468,0,0.195091083645821,0.980785131454468,0,0.146728172898293,0.98917680978775,0,0.146728172898293,0.98917680978775,0,0.195091083645821,0.980785131454468,0,0.195091083645821,0.980785131454468,0,0.146728172898293,0.98917680978775,0,0.146728172898293,0.98917680978775,0,0.195091083645821,0.980785131454468,0,0.195091083645821,0.980785131454468,0,0.146728172898293,0.98917680978775,0,0.146728172898293,0.98917680978775,0,0.195091083645821,0.980785131454468,0,0.195091083645821,0.980785131454468,0,0.146728172898293,0.98917680978775,0,0.146728172898293,0.98917680978775,0,0.195091083645821,0.980785131454468,0,0.195091083645821,0.980785131454468,0,0.146728172898293,0.98917680978775,0,0.146728172898293,0.98917680978775,0,0.195091083645821,0.980785131454468,0,0.195091083645821,0.980785131454468,0,0.146728172898293,0.98917680978775,0,0.146728172898293,0.98917680978775,0,0.195091083645821,0.980785131454468,0,0.195091083645821,0.980785131454468,
0,0.146728172898293,0.98917680978775,0,0.146728172898293,0.98917680978775,0,0.195091083645821,0.980785131454468,0,0.195091083645821,0.980785131454468,0,0.146728172898293,0.98917680978775,0,0.146728172898293,0.98917680978775,0,0.195091083645821,0.980785131454468,0,0.195091083645821,0.980785131454468,0,0.146728172898293,0.98917680978775,0,0.146728172898293,0.98917680978775,0,0.195091083645821,0.980785131454468,0,0.195091083645821,0.980785131454468,0,0.146728172898293,0.98917680978775,0,0.146728172898293,0.98917680978775,0,0.195091083645821,0.980785131454468,0,0.195091083645821,0.980785131454468,0,0.146728172898293,0.98917680978775,0,0.146728172898293,0.98917680978775,0,0.195091083645821,0.980785131454468,0,0.195091083645821,0.980785131454468,0,0.146728172898293,0.98917680978775,0,0.146728172898293,0.98917680978775,0,0.195091083645821,0.980785131454468,0,0.195091083645821,0.980785131454468,0,0.146728172898293,0.98917680978775,0,0.146728172898293,0.98917680978775,0,0.195091083645821,0.980785131454468,0,0.195091083645821,0.980785131454468,0,0.146728172898293,0.98917680978775,0,0.146728172898293,0.98917680978775,0,0.195091083645821,0.980785131454468,0,0.195091083645821,0.980785131454468,0,0.146728172898293,0.98917680978775,0,0.146728172898293,0.98917680978775,0,0.195091083645821,0.980785131454468,0,0.195091083645821,0.980785131454468,0,0.146728172898293,0.98917680978775,0,0.146728172898293,0.98917680978775,0,0.195091083645821,0.980785131454468,0,0.195091083645821,0.980785131454468,0,0.146728172898293,0.98917680978775,0,0.146728172898293,0.98917680978775,0,0.195091083645821,0.980785131454468,0,0.195091083645821,0.980785131454468,0,0.146728172898293,0.98917680978775,0,0.146728172898293,0.98917680978775,0,0.195091083645821,0.980785131454468,0,0.195091083645821,0.980785131454468,0,0.146728172898293,0.98917680978775,0,0.146728172898293,0.98917680978775,0,0.195091083645821,0.980785131454468,0,0.195091083645821,0.980785131454468,0,0.146728172898293,0.98917680978775,0,0.146728172898293,0.98917680978775,0,0.195091083645821,0.980785131454468,
0,0.195091083645821,0.980785131454468,0,0.146728172898293,0.98917680978775,0,0.146728172898293,0.98917680978775,0,0.195091083645821,0.980785131454468,0,0.195091083645821,0.980785131454468,0,0.146728172898293,0.98917680978775,0,0.146728172898293,0.98917680978775,0,0.195091083645821,0.980785131454468,0,0.195091083645821,0.980785131454468,0,0.146728172898293,0.98917680978775,0,0.146728172898293,0.98917680978775,0,0.195091083645821,0.980785131454468,0,0.195091083645821,0.980785131454468,0,0.146728172898293,0.98917680978775,0,0.146728172898293,0.98917680978775,0,0.195091083645821,0.980785131454468,0,0.146728172898293,0.98917680978775,0,0.0980184078216553,0.995184600353241,0,0.0980184078216553,0.995184600353241,0,0.146728172898293,0.98917680978775,0,0.146728172898293,0.98917680978775,0,0.0980184078216553,0.995184600353241,0,0.0980184078216553,0.995184600353241,0,0.146728172898293,0.98917680978775,0,0.146728172898293,0.98917680978775,0,0.0980184078216553,0.995184600353241,0,0.0980184078216553,0.995184600353241,0,0.146728172898293,0.98917680978775,0,0.146728172898293,0.98917680978775,0,0.0980184078216553,0.995184600353241,0,0.0980184078216553,0.995184600353241,0,0.146728172898293,0.98917680978775,0,0.146728172898293,0.98917680978775,0,0.0980184078216553,0.995184600353241,0,0.0980184078216553,0.995184600353241,0,0.146728172898293,0.98917680978775,0,0.146728172898293,0.98917680978775,0,0.0980184078216553,0.995184600353241,0,0.0980184078216553,0.995184600353241,0,0.146728172898293,0.98917680978775,0,0.146728172898293,0.98917680978775,0,0.0980184078216553,0.995184600353241,0,0.0980184078216553,0.995184600353241,0,0.146728172898293,0.98917680978775,0,0.146728172898293,0.98917680978775,0,0.0980184078216553,0.995184600353241,0,0.0980184078216553,0.995184600353241,0,0.146728172898293,0.98917680978775,0,0.146728172898293,0.98917680978775,0,0.0980184078216553,0.995184600353241,0,0.0980184078216553,0.995184600353241,0,0.146728172898293,0.98917680978775,0,0.146728172898293,0.98917680978775,0,0.0980184078216553,0.995184600353241,0,0.0980184078216553,0.995184600353241,
0,0.146728172898293,0.98917680978775,0,0.146728172898293,0.98917680978775,0,0.0980184078216553,0.995184600353241,0,0.0980184078216553,0.995184600353241,0,0.146728172898293,0.98917680978775,0,0.146728172898293,0.98917680978775,0,0.0980184078216553,0.995184600353241,0,0.0980184078216553,0.995184600353241,0,0.146728172898293,0.98917680978775,0,0.146728172898293,0.98917680978775,0,0.0980184078216553,0.995184600353241,0,0.0980184078216553,0.995184600353241,0,0.146728172898293,0.98917680978775,0,0.146728172898293,0.98917680978775,0,0.0980184078216553,0.995184600353241,0,0.0980184078216553,0.995184600353241,0,0.146728172898293,0.98917680978775,0,0.146728172898293,0.98917680978775,0,0.0980184078216553,0.995184600353241,0,0.0980184078216553,0.995184600353241,0,0.146728172898293,0.98917680978775,0,0.146728172898293,0.98917680978775,0,0.0980184078216553,0.995184600353241,0,0.0980184078216553,0.995184600353241,0,0.146728172898293,0.98917680978775,0,0.146728172898293,0.98917680978775,0,0.0980184078216553,0.995184600353241,0,0.0980184078216553,0.995184600353241,0,0.146728172898293,0.98917680978775,0,0.146728172898293,0.98917680978775,0,0.0980184078216553,0.995184600353241,0,0.0980184078216553,0.995184600353241,0,0.146728172898293,0.98917680978775,0,0.146728172898293,0.98917680978775,0,0.0980184078216553,0.995184600353241,0,0.0980184078216553,0.995184600353241,0,0.146728172898293,0.98917680978775,0,0.146728172898293,0.98917680978775,0,0.0980184078216553,0.995184600353241,0,0.0980184078216553,0.995184600353241,0,0.146728172898293,0.98917680978775,0,0.146728172898293,0.98917680978775,0,0.0980184078216553,0.995184600353241,0,0.0980184078216553,0.995184600353241,0,0.146728172898293,0.98917680978775,0,0.146728172898293,0.98917680978775,0,0.0980184078216553,0.995184600353241,0,0.0980184078216553,0.995184600353241,0,0.146728172898293,0.98917680978775,0,0.146728172898293,0.98917680978775,0,0.0980184078216553,0.995184600353241,0,0.0980184078216553,0.995184600353241,0,0.146728172898293,0.98917680978775,0,0.146728172898293,0.98917680978775,
0,0.0980184078216553,0.995184600353241,0,0.0980184078216553,0.995184600353241,0,0.146728172898293,0.98917680978775,0,0.146728172898293,0.98917680978775,0,0.0980184078216553,0.995184600353241,0,0.0980184078216553,0.995184600353241,0,0.146728172898293,0.98917680978775,0,0.146728172898293,0.98917680978775,0,0.0980184078216553,0.995184600353241,0,0.0980184078216553,0.995184600353241,0,0.146728172898293,0.98917680978775,0,0.146728172898293,0.98917680978775,0,0.0980184078216553,0.995184600353241,0,0.0980184078216553,0.995184600353241,0,0.146728172898293,0.98917680978775,0,0.146728172898293,0.98917680978775,0,0.0980184078216553,0.995184600353241,0,0.0980184078216553,0.995184600353241,0,0.146728172898293,0.98917680978775,0,0.146728172898293,0.98917680978775,0,0.0980184078216553,0.995184600353241,0,0.0980184078216553,0.995184600353241,0,0.146728172898293,0.98917680978775,0,0.146728172898293,0.98917680978775,0,0.0980184078216553,0.995184600353241,0,0.0980184078216553,0.995184600353241,0,0.146728172898293,0.98917680978775,0,0.146728172898293,0.98917680978775,0,0.0980184078216553,0.995184600353241,0,0.0980184078216553,0.995184600353241,0,0.146728172898293,0.98917680978775,0,0.146728172898293,0.98917680978775,0,0.0980184078216553,0.995184600353241,0,0.0980184078216553,0.995184600353241,0,0.146728172898293,0.98917680978775,0,0.0980184078216553,0.995184600353241,0,0.0490691475570202,0.998795390129089,0,0.0490691475570202,0.998795390129089,0,0.0980184078216553,0.995184600353241,0,0.0980184078216553,0.995184600353241,0,0.0490691475570202,0.998795390129089,0,0.0490691475570202,0.998795390129089,0,0.0980184078216553,0.995184600353241,0,0.0980184078216553,0.995184600353241,0,0.0490691475570202,0.998795390129089,0,0.0490691475570202,0.998795390129089,0,0.0980184078216553,0.995184600353241,0,0.0980184078216553,0.995184600353241,0,0.0490691475570202,0.998795390129089,0,0.0490691475570202,0.998795390129089,0,0.0980184078216553,0.995184600353241,0,0.0980184078216553,0.995184600353241,0,0.0490691475570202,0.998795390129089,0,0.0490691475570202,0.998795390129089,
0,0.0980184078216553,0.995184600353241,0,0.0980184078216553,0.995184600353241,0,0.0490691475570202,0.998795390129089,0,0.0490691475570202,0.998795390129089,0,0.0980184078216553,0.995184600353241,0,0.0980184078216553,0.995184600353241,0,0.0490691475570202,0.998795390129089,0,0.0490691475570202,0.998795390129089,0,0.0980184078216553,0.995184600353241,0,0.0980184078216553,0.995184600353241,0,0.0490691475570202,0.998795390129089,0,0.0490691475570202,0.998795390129089,0,0.0980184078216553,0.995184600353241,0,0.0980184078216553,0.995184600353241,0,0.0490691475570202,0.998795390129089,0,0.0490691475570202,0.998795390129089,0,0.0980184078216553,0.995184600353241,0,0.0980184078216553,0.995184600353241,0,0.0490691475570202,0.998795390129089,0,0.0490691475570202,0.998795390129089,0,0.0980184078216553,0.995184600353241,0,0.0980184078216553,0.995184600353241,0,0.0490691475570202,0.998795390129089,0,0.0490691475570202,0.998795390129089,0,0.0980184078216553,0.995184600353241,0,0.0980184078216553,0.995184600353241,0,0.0490691475570202,0.998795390129089,0,0.0490691475570202,0.998795390129089,0,0.0980184078216553,0.995184600353241,0,0.0980184078216553,0.995184600353241,0,0.0490691475570202,0.998795390129089,0,0.0490691475570202,0.998795390129089,0,0.0980184078216553,0.995184600353241,0,0.0980184078216553,0.995184600353241,0,0.0490691475570202,0.998795390129089,0,0.0490691475570202,0.998795390129089,0,0.0980184078216553,0.995184600353241,0,0.0980184078216553,0.995184600353241,0,0.0490691475570202,0.998795390129089,0,0.0490691475570202,0.998795390129089,0,0.0980184078216553,0.995184600353241,0,0.0980184078216553,0.995184600353241,0,0.0490691475570202,0.998795390129089,0,0.0490691475570202,0.998795390129089,0,0.0980184078216553,0.995184600353241,0,0.0980184078216553,0.995184600353241,0,0.0490691475570202,0.998795390129089,0,0.0490691475570202,0.998795390129089,0,0.0980184078216553,0.995184600353241,0,0.0980184078216553,0.995184600353241,0,0.0490691475570202,0.998795390129089,0,0.0490691475570202,0.998795390129089,0,0.0980184078216553,0.995184600353241,
0,0.0980184078216553,0.995184600353241,0,0.0490691475570202,0.998795390129089,0,0.0490691475570202,0.998795390129089,0,0.0980184078216553,0.995184600353241,0,0.0980184078216553,0.995184600353241,0,0.0490691475570202,0.998795390129089,0,0.0490691475570202,0.998795390129089,0,0.0980184078216553,0.995184600353241,0,0.0980184078216553,0.995184600353241,0,0.0490691475570202,0.998795390129089,0,0.0490691475570202,0.998795390129089,0,0.0980184078216553,0.995184600353241,0,0.0980184078216553,0.995184600353241,0,0.0490691475570202,0.998795390129089,0,0.0490691475570202,0.998795390129089,0,0.0980184078216553,0.995184600353241,0,0.0980184078216553,0.995184600353241,0,0.0490691475570202,0.998795390129089,0,0.0490691475570202,0.998795390129089,0,0.0980184078216553,0.995184600353241,0,0.0980184078216553,0.995184600353241,0,0.0490691475570202,0.998795390129089,0,0.0490691475570202,0.998795390129089,0,0.0980184078216553,0.995184600353241,0,0.0980184078216553,0.995184600353241,0,0.0490691475570202,0.998795390129089,0,0.0490691475570202,0.998795390129089,0,0.0980184078216553,0.995184600353241,0,0.0980184078216553,0.995184600353241,0,0.0490691475570202,0.998795390129089,0,0.0490691475570202,0.998795390129089,0,0.0980184078216553,0.995184600353241,0,0.0980184078216553,0.995184600353241,0,0.0490691475570202,0.998795390129089,0,0.0490691475570202,0.998795390129089,0,0.0980184078216553,0.995184600353241,0,0.0980184078216553,0.995184600353241,0,0.0490691475570202,0.998795390129089,0,0.0490691475570202,0.998795390129089,0,0.0980184078216553,0.995184600353241,0,0.0980184078216553,0.995184600353241,0,0.0490691475570202,0.998795390129089,0,0.0490691475570202,0.998795390129089,0,0.0980184078216553,0.995184600353241,0,0.0980184078216553,0.995184600353241,0,0.0490691475570202,0.998795390129089,0,0.0490691475570202,0.998795390129089,0,0.0980184078216553,0.995184600353241,0,0.0980184078216553,0.995184600353241,0,0.0490691475570202,0.998795390129089,0,0.0490691475570202,0.998795390129089,0,0.0980184078216553,0.995184600353241,0,0.0980184078216553,0.995184600353241,
0,0.0490691475570202,0.998795390129089,0,0.0490691475570202,0.998795390129089,0,0.0980184078216553,0.995184600353241,0,0.0490691475570202,0.998795390129089,0,0.0122710019350052,0.999924719333649,-0,0.0122710019350052,0.999924719333649,0,0.0490691475570202,0.998795390129089,0,0.0490691475570202,0.998795390129089,0,0.0122710019350052,0.999924719333649,0,0.0122710019350052,0.999924719333649,0,0.0490691475570202,0.998795390129089,0,0.0490691475570202,0.998795390129089,0,0.0122710019350052,0.999924719333649,0,0.0122710019350052,0.999924719333649,0,0.0490691475570202,0.998795390129089,0,0.0490691475570202,0.998795390129089,0,0.0122710019350052,0.999924719333649,0,0.0122710019350052,0.999924719333649,0,0.0490691475570202,0.998795390129089,0,0.0490691475570202,0.998795390129089,0,0.0122710019350052,0.999924719333649,0,0.0122710019350052,0.999924719333649,0,0.0490691475570202,0.998795390129089,0,0.0490691475570202,0.998795390129089,0,0.0122710019350052,0.999924719333649,0,0.0122710019350052,0.999924719333649,0,0.0490691475570202,0.998795390129089,0,0.0490691475570202,0.998795390129089,0,0.0122710019350052,0.999924719333649,0,0.0122710019350052,0.999924719333649,0,0.0490691475570202,0.998795390129089,0,0.0490691475570202,0.998795390129089,0,0.0122710019350052,0.999924719333649,0,0.0122710019350052,0.999924719333649,0,0.0490691475570202,0.998795390129089,0,0.0490691475570202,0.998795390129089,0,0.0122710019350052,0.999924719333649,0,0.0122710019350052,0.999924719333649,0,0.0490691475570202,0.998795390129089,0,0.0490691475570202,0.998795390129089,0,0.0122710019350052,0.999924719333649,0,0.0122710019350052,0.999924719333649,0,0.0490691475570202,0.998795390129089,0,0.0490691475570202,0.998795390129089,0,0.0122710019350052,0.999924719333649,0,0.0122710019350052,0.999924719333649,0,0.0490691475570202,0.998795390129089,0,0.0490691475570202,0.998795390129089,0,0.0122710019350052,0.999924719333649,0,0.0122710019350052,0.999924719333649,0,0.0490691475570202,0.998795390129089,0,0.0490691475570202,0.998795390129089,0,0.0122710019350052,0.999924719333649,
0,0.0122710019350052,0.999924719333649,0,0.0490691475570202,0.998795390129089,0,0.0490691475570202,0.998795390129089,0,0.0122710019350052,0.999924719333649,0,0.0122710019350052,0.999924719333649,0,0.0490691475570202,0.998795390129089,0,0.0490691475570202,0.998795390129089,0,0.0122710019350052,0.999924719333649,0,0.0122710019350052,0.999924719333649,0,0.0490691475570202,0.998795390129089,0,0.0490691475570202,0.998795390129089,0,0.0122710019350052,0.999924719333649,0,0.0122710019350052,0.999924719333649,0,0.0490691475570202,0.998795390129089,0,0.0490691475570202,0.998795390129089,0,0.0122710019350052,0.999924719333649,0,0.0122710019350052,0.999924719333649,0,0.0490691475570202,0.998795390129089,0,0.0490691475570202,0.998795390129089,0,0.0122710019350052,0.999924719333649,0,0.0122710019350052,0.999924719333649,0,0.0490691475570202,0.998795390129089,0,0.0490691475570202,0.998795390129089,0,0.0122710019350052,0.999924719333649,0,0.0122710019350052,0.999924719333649,0,0.0490691475570202,0.998795390129089,0,0.0490691475570202,0.998795390129089,0,0.0122710019350052,0.999924719333649,0,0.0122710019350052,0.999924719333649,0,0.0490691475570202,0.998795390129089,0,0.0490691475570202,0.998795390129089,0,0.0122710019350052,0.999924719333649,0,0.0122710019350052,0.999924719333649,0,0.0490691475570202,0.998795390129089,0,0.0490691475570202,0.998795390129089,0,0.0122710019350052,0.999924719333649,0,0.0122710019350052,0.999924719333649,0,0.0490691475570202,0.998795390129089,0,0.0490691475570202,0.998795390129089,0,0.0122710019350052,0.999924719333649,0,0.0122710019350052,0.999924719333649,0,0.0490691475570202,0.998795390129089,0,0.0490691475570202,0.998795390129089,0,0.0122710019350052,0.999924719333649,0,0.0122710019350052,0.999924719333649,0,0.0490691475570202,0.998795390129089,0,0.0490691475570202,0.998795390129089,0,0.0122710019350052,0.999924719333649,0,0.0122710019350052,0.999924719333649,0,0.0490691475570202,0.998795390129089,0,0.0490691475570202,0.998795390129089,0,0.0122710019350052,0.999924719333649,0,0.0122710019350052,0.999924719333649,
0,0.0490691475570202,0.998795390129089,0,0.0490691475570202,0.998795390129089,0,0.0122710019350052,0.999924719333649,0,0.0122710019350052,0.999924719333649,0,0.0490691475570202,0.998795390129089,0,0.0490691475570202,0.998795390129089,0,0.0122710019350052,0.999924719333649,0,0.0122710019350052,0.999924719333649,0,0.0490691475570202,0.998795390129089,0,0.0490691475570202,0.998795390129089,0,0.0122710019350052,0.999924719333649,0,0.0122710019350052,0.999924719333649,0,0.0490691475570202,0.998795390129089,0,0.0490691475570202,0.998795390129089,0,0.0122710019350052,0.999924719333649,0,0.0122710019350052,0.999924719333649,0,0.0490691475570202,0.998795390129089,0,0.0490691475570202,0.998795390129089,0,0.0122710019350052,0.999924719333649,0,0.0122710019350052,0.999924719333649,0,0.0490691475570202,0.998795390129089,0,0.0490691475570202,0.998795390129089,0,0.0122710019350052,0.999924719333649,0,0.0122710019350052,0.999924719333649,0,0.0490691475570202,0.998795390129089,0,0.0122710019350052,0.999924719333649,0,0,1,-0,-0,1,-0,0.0122710019350052,0.999924719333649,0,0.0122710019350052,0.999924719333649,0,0,1,0,0,1,0,0.0122710019350052,0.999924719333649,0,0.0122710019350052,0.999924719333649,0,0,1,0,0,1,0,0.0122710019350052,0.999924719333649,0,0.0122710019350052,0.999924719333649,0,0,1,0,0,1,0,0.0122710019350052,0.999924719333649,0,0.0122710019350052,0.999924719333649,0,0,1,0,0,1,0,0.0122710019350052,0.999924719333649,0,0.0122710019350052,0.999924719333649,0,0,1,0,0,1,0,0.0122710019350052,0.999924719333649,0,0.0122710019350052,0.999924719333649,0,0,1,0,0,1,0,0.0122710019350052,0.999924719333649,0,0.0122710019350052,0.999924719333649,0,0,1,0,0,1,0,0.0122710019350052,0.999924719333649,0,0.0122710019350052,0.999924719333649,0,0,1,0,0,1,0,0.0122710019350052,0.999924719333649,0,0.0122710019350052,0.999924719333649,0,0,1,0,0,1,0,0.0122710019350052,0.999924719333649,0,0.0122710019350052,0.999924719333649,0,0,1,0,0,1,0,0.0122710019350052,0.999924719333649,0,0.0122710019350052,0.999924719333649,0,0,1,0,0,1,0,0.0122710019350052,0.999924719333649,
0,0.0122710019350052,0.999924719333649,0,0,1,0,0,1,0,0.0122710019350052,0.999924719333649,0,0.0122710019350052,0.999924719333649,0,0,1,0,0,1,0,0.0122710019350052,0.999924719333649,0,0.0122710019350052,0.999924719333649,0,0,1,0,0,1,0,0.0122710019350052,0.999924719333649,0,0.0122710019350052,0.999924719333649,0,0,1,0,0,1,0,0.0122710019350052,0.999924719333649,0,0.0122710019350052,0.999924719333649,0,0,1,0,0,1,0,0.0122710019350052,0.999924719333649,0,0.0122710019350052,0.999924719333649,0,0,1,0,0,1,0,0.0122710019350052,0.999924719333649,0,0.0122710019350052,0.999924719333649,0,0,1,0,0,1,0,0.0122710019350052,0.999924719333649,0,0.0122710019350052,0.999924719333649,0,0,1,0,0,1,0,0.0122710019350052,0.999924719333649,0,0.0122710019350052,0.999924719333649,0,0,1,0,0,1,0,0.0122710019350052,0.999924719333649,0,0.0122710019350052,0.999924719333649,0,0,1,0,0,1,0,0.0122710019350052,0.999924719333649,0,0.0122710019350052,0.999924719333649,0,0,1,0,0,1,0,0.0122710019350052,0.999924719333649,0,0.0122710019350052,0.999924719333649,0,0,1,0,0,1,0,0.0122710019350052,0.999924719333649,0,0.0122710019350052,0.999924719333649,0,0,1,0,0,1,0,0.0122710019350052,0.999924719333649,0,0.0122710019350052,0.999924719333649,0,0,1,0,0,1,0,0.0122710019350052,0.999924719333649,0,0.0122710019350052,0.999924719333649,0,0,1,0,0,1,0,0.0122710019350052,0.999924719333649,0,0.0122710019350052,0.999924719333649,0,0,1,0,0,1,0,0.0122710019350052,0.999924719333649,0,0.0122710019350052,0.999924719333649,0,0,1,0,0,1,0,0.0122710019350052,0.999924719333649,0,0.0122710019350052,0.999924719333649,0,0,1,0,0,1,0,0.0122710019350052,0.999924719333649,0,0.0122710019350052,0.999924719333649,0,0,1,0,0,1,0,0.0122710019350052,0.999924719333649,0,0.0122710019350052,0.999924719333649,0,0,1,0,0,1,0,0.0122710019350052,0.999924719333649,0,0,1,0,0,1,-0,-0,1,-0,-0,1,0,0,1,0,0,1,0,0,1,0,0,1,0,0,1,0,0,1,0,0,1,0,0,1,0,0,1,0,0,1,0,0,1,0,0,1,0,0,1,0,0,1,0,0,1,0,0,1,0,0,1,0,0,1,0,0,1,0,0,1,0,0,1,0,0,1,0,0,1,0,0,1,0,0,1,0,0,1,0,0,1,0,0,1,0,0,1,0,0,1,0,0,1,0,0,1,0,0,1,0,0,1,0,0,1,0,0,1,0,0,1,
0,0,1,0,0,1,0,0,1,0,0,1,0,0,1,0,0,1,0,0,1,0,0,1,0,0,1,0,0,1,0,0,1,0,0,1,0,0,1,0,0,1,0,0,1,0,0,1,0,0,1,0,0,1,0,0,1,0,0,1,0,0,1,0,0,1,0,0,1,0,0,1,0,0,1,0,0,1,0,0,1,0,0,1,0,0,1,0,0,1,0,0,1,0,0,1,0,0,1,0,0,1,0,0,1,0,0,1,0,0,1,0,0,1,0,0,1,0,0,1,0,0,1,0,0,1,0,0,1,0,0,1,0,0,1,0,0,1,0,0,1,0,0,1,0,0,1,0,0,1,0,0,1,0,0,1,0,0,1,0,0,1,0,0,1,0,0,1,0,0,1,0,0,1,0,0,1,0,0,1,0,0,1,0,0,1,0,0,1,0,0,1,0,0,1,0,0,1,0,0,1,0,0,1,0,0,1,0,0,1,0,0,1,0,0,1,0,0,1,0,0,1,0,0,1,0,0,1,0,0,1,0,0,1,0,0,1,0,0,1,0,0,1,0,0,1,0,0,1,0,0,1,0,0,1,0,0,1,0,0,1,0,0,1,0,0,1,-0,-0,1,-0,-0,1,0,0,1,0,0,1,0,0,1,0,0,1,0,0,1,0,0,1,0,0,1,0,0,1,0,0,1,0,0,1,0,0,1,0,0,1,0,0,1,0,0,1,0,0,1,0,0,1,0,0,1,0,0,1,0,0,1,0,0,1,0,0,1,0,0,1,0,0,1,0,0,1,0,0,1,0,0,1,0,0,1,0,0,1,0,0,1,0,0,1,0,0,1,0,0,1,0,0,1,0,0,1,0,0,1,0,0,1,0,0,1,0,0,1,0,0,1,0,0,1,0,0,1,0,0,1,0,0,1,0,0,1,0,0,1,0,0,1,0,0,1,0,0,1,0,0,1,0,0,1,0,0,1,0,0,1,0,0,1,0,0,1,0,0,1,0,0,1,0,0,1,0,0,1,0,0,1,0,0,1,0,0,1,0,0,1,0,0,1,0,0,1,0,0,1,0,0,1,0,0,1,0,0,1,0,0,1,0,0,1,0,0,1,0,0,1,0,0,1,0,0,1,0,0,1,0,0,1,0,0,1,0,0,1,0,0,1,0,0,1,0,0,1,0,0,1,0,0,1,0,0,1,0,0,1,0,0,1,0,0,1,0,0,1,0,0,1,0,0,1,0,0,1,0,0,1,0,0,1,0,0,1,0,0,1,0,0,1,0,0,1,0,0,1,0,0,1,0,0,1,0,0,1,0,0,1,0,0,1,0,0,1,0,0,1,0,0,1,0,0,1,0,0,1,0,0,1,0,0,1,0,0,1,0,0,1,0,0,1,0,0,1,0,0,1,0,0,1,0,0,1,0,0,1,0,0,1,0,0,1,0,0,1,0,0,1,0,0,1,0,0,1,0,0,1,0,0,1,-0,-0,1,-0,-0,1,0,0,1,0,0,1,0,0,1,0,0,1,0,0,1,0,0,1,0,0,1,0,0,1,0,0,1,0,0,1,0,0,1,0,0,1,0,0,1,0,0,1,0,0,1,0,0,1,0,0,1,0,0,1,0,0,1,0,0,1,0,0,1,0,0,1,0,0,1,0,0,1,0,0,1,0,0,1,0,0,1,0,0,1,0,0,1,0,0,1,0,0,1,0,0,1,0,0,1,0,0,1,0,0,1,0,0,1,0,0,1,0,0,1,0,0,1,0,0,1,0,0,1,0,0,1,0,0,1,0,0,1,0,0,1,0,0,1,0,0,1,0,0,1,0,0,1,0,0,1,0,0,1,0,0,1,0,0,1,0,0,1,0,0,1,0,0,1,0,0,1,0,0,1,0,0,1,0,0,1,0,0,1,0,0,1,0,0,1,0,0,1,0,0,1,0,0,1,0,0,1,0,0,1,0,0,1,0,0,1,0,0,1,0,0,1,0,0,1,0,0,1,0,0,1,0,0,1,0,0,1,0,0,1,0,0,1,0,0,1,0,0,1,0,0,1,0,0,1,0,0,1,0,0,1,0,0,1,0,0,1,0,0,1,0,0,1,0,0,1,0,0,1,0,0,1,0,0,1,0,0,1,0,0,1,0,0,1,0,0,1,0,0,1,0,0,1,0,0,1,0,0,1,0,0,1,0,0,1,0,0,1,0,0,1,0,0,1,0,0,1,0,0,1,0,0,1,0,0,1,0,0,1,0,0,1,0,0,1,0,0,1,0,0,1,0,0,1,0,0,1,0,0,1,0,0,1,0,0,1,0,0,1,0,0,1,
0,0,1,0,0,1,0,0,1,0,0,1,-0,-0,1,-0,-0,1,0,0,1,0,0,1,0,0,1,0,0,1,0,0,1,0,0,1,0,0,1,0,0,1,0,0,1,0,0,1,0,0,1,0,0,1,0,0,1,0,0,1,0,0,1,0,0,1,0,0,1,0,0,1,0,0,1,0,0,1,0,0,1,0,0,1,0,0,1,0,0,1,0,0,1,0,0,1,0,0,1,0,0,1,0,0,1,0,0,1,0,0,1,0,0,1,0,0,1,0,0,1,0,0,1,0,0,1,0,0,1,0,0,1,0,0,1,0,0,1,0,0,1,0,0,1,0,0,1,0,0,1,0,0,1,0,0,1,0,0,1,0,0,1,0,0,1,0,0,1,0,0,1,0,0,1,0,0,1,0,0,1,0,0,1,0,0,1,0,0,1,0,0,1,0,0,1,0,0,1,0,0,1,0,0,1,0,0,1,0,0,1,0,0,1,0,0,1,0,0,1,0,0,1,0,0,1,0,0,1,0,0,1,0,0,1,0,0,1,0,0,1,0,0,1,0,0,1,0,0,1,0,0,1,0,0,1,0,0,1,0,0,1,0,0,1,0,0,1,0,0,1,0,0,1,0,0,1,0,0,1,0,0,1,0,0,1,0,0,1,0,0,1,0,0,1,0,0,1,0,0,1,0,0,1,0,0,1,0,0,1,0,0,1,0,0,1,0,0,1,0,0,1,0,0,1,0,0,1,0,0,1,0,0,1,0,0,1,0,0,1,0,0,1,0,0,1,0,0,1,0,0,1,0,0,1,0,0,1,0,0,1,0,0,1,0,0,1,0,0,1,0,0,1,0,0,1,0,0,1,0,0,1,0,0,1,0,0,1,0,0,1,0,0,1,0,0,1,-0,-0,1,-0,-0,1,0,0,1,0,0,1,0,0,1,0,0,1,0,0,1,0,0,1,0,0,1,0,0,1,0,0,1,0,0,1,0,0,1,0,0,1,0,0,1,0,0,1,0,0,1,0,0,1,0,0,1,0,0,1,0,0,1,0,0,1,0,0,1,0,0,1,0,0,1,0,0,1,0,0,1,0,0,1,0,0,1,0,0,1,0,0,1,0,0,1,0,0,1,0,0,1,0,0,1,0,0,1,0,0,1,0,0,1,0,0,1,0,0,1,0,0,1,0,0,1,0,0,1,0,0,1,0,0,1,0,0,1,0,0,1,0,0,1,0,0,1,0,0,1,0,0,1,0,0,1,0,0,1,0,0,1,0,0,1,0,0,1,0,0,1,0,0,1,0,0,1,0,0,1,0,0,1,0,0,1,0,0,1,0,0,1,0,0,1,0,0,1,0,0,1,0,0,1,0,0,1,0,0,1,0,0,1,0,0,1,0,0,1,0,0,1,0,0,1,0,0,1,0,0,1,0,0,1,0,0,1,0,0,1,0,0,1,0,0,1,0,0,1,0,0,1,0,0,1,0,0,1,0,0,1,0,0,1,0,0,1,0,0,1,0,0,1,0,0,1,0,0,1,0,0,1,0,0,1,0,0,1,0,0,1,0,0,1,0,0,1,0,0,1,0,0,1,0,0,1,0,0,1,0,0,1,0,0,1,0,0,1,0,0,1,0,0,1,0,0,1,0,0,1,0,0,1,0,0,1,0,0,1,0,0,1,0,0,1,0,0,1,0,0,1,0,0,1,0,0,1,0,0,1,0,0,1,0,0,1,0,0,1,0,0,1,0,0,1,0,0,1,0,0,1,0,0,1,-0,-0,1,-0,-0,1,0,0,1,0,0,1,0,0,1,0,0,1,0,0,1,0,0,1,0,0,1,0,0,1,0,0,1,0,0,1,0,0,1,0,0,1,0,0,1,0,0,1,0,0,1,0,0,1,0,0,1,0,0,1,0,0,1,0,0,1,0,0,1,0,0,1,0,0,1,0,0,1,0,0,1,0,0,1,0,0,1,0,0,1,0,0,1,0,0,1,0,0,1,0,0,1,0,0,1,0,0,1,0,0,1,0,0,1,0,0,1,0,0,1,0,0,1,0,0,1,0,0,1,0,0,1,0,0,1,0,0,1,0,0,1,0,0,1,0,0,1,0,0,1,0,0,1,0,0,1,0,0,1,0,0,1,0,0,1,0,0,1,0,0,1,0,0,1,0,0,1,0,0,1,0,0,1,0,0,1,0,0,1,0,0,1,0,0,1,0,0,1,0,0,1,0,0,1,0,0,1,0,0,1,0,0,1,0,0,1,0,0,1,0,0,1,0,0,1,0,0,1,0,0,1,0,0,1,0,0,1,0,0,1,
0,0,1,0,0,1,0,0,1,0,0,1,0,0,1,0,0,1,0,0,1,0,0,1,0,0,1,0,0,1,0,0,1,0,0,1,0,0,1,0,0,1,0,0,1,0,0,1,0,0,1,0,0,1,0,0,1,0,0,1,0,0,1,0,0,1,0,0,1,0,0,1,0,0,1,0,0,1,0,0,1,0,0,1,0,0,1,0,0,1,0,0,1,0,0,1,0,0,1,0,0,1,0,0,1,0,0,1,0,0,1,0,0,1,0,0,1,0,0,1,0,0,1,0,0,1,0,0,1,0,0,1,0,0,1,0,0,1,0,0,1,-0,-0,1,-0,-0,1,-0,-0,1,0,0,1,-0,-0,1,-0,-0,1,0,0,1,0,0,1,-0,-0,1,-0,-0,1,0,0,1,0,0,1,-0,-0,1,-0,-0,1,0,0,1,0,0,1,-0,-0,1,-0,-0,1,0,0,1,0,0,1,-0,-0,1,-0,-0,1,0,0,1,0,0,1,-0,-0,1,-0,-0,1,0,0,1,0,0,1,-0,-0,1,-0,-0,1,0,0,1,0,0,1,-0,-0,1,-0,-0,1,0,0,1,0,0,1,-0,-0,1,-0,-0,1,0,0,1,0,0,1,-0,-0,1,-0,-0,1,0,0,1,0,0,1,-0,-0,1,-0,-0,1,0,0,1,0,0,1,-0,-0,1,-0,-0,1,0,0,1,0,0,1,-0,-0,1,-0,-0,1,0,0,1,0,0,1,-0,-0,1,-0,-0,1,0,0,1,0,0,1,-0,-0,1,-0,-0,1,0,0,1,0,0,1,-0,-0,1,-0,-0,1,0,0,1,0,0,1,-0,-0,1,-0,-0,1,0,0,1,0,0,1,-0,-0,1,-0,-0,1,0,0,1,0,0,1,-0,-0,1,-0,-0,1,0,0,1,0,0,1,-0,-0,1,-0,-0,1,0,0,1,0,0,1,-0,-0,1,-0,-0,1,0,0,1,0,0,1,-0,-0,1,-0,-0,1,0,0,1,0,0,1,-0,-0,1,-0,-0,1,0,0,1,0,0,1,-0,-0,1,-0,-0,1,0,0,1,0,0,1,-0,-0,1,-0,-0,1,0,0,1,0,0,1,-0,-0,1,-0,-0,1,0,0,1,0,0,1,-0,-0,1,-0,-0,1,0,0,1,0,0,1,-0,-0,1,-0,-0,1,0,0,1,0,0,1,-0,-0,1,-0,-0,1,0,0,1,0,0,1,-0,-0,1,-0,-0,1,0,0,1,0,0,1,-0,-0,1,-0,-0,1,0,0,1
			} 
			NormalsW: *6400 {
				a: 1,1,1,1,1,1,1,1,1,1,1,1,1,1,1,1,1,1,1,1,1,1,1,1,1,1,1,1,1,1,1,1,1,1,1,1,1,1,1,1,1,1,1,1,1,1,1,1,1,1,1,1,1,1,1,1,1,1,1,1,1,1,1,1,1,1,1,1,1,1,1,1,1,1,1,1,1,1,1,1,1,1,1,1,1,1,1,1,1,1,1,1,1,1,1,1,1,1,1,1,1,1,1,1,1,1,1,1,1,1,1,1,1,1,1,1,1,1,1,1,1,1,1,1,1,1,1,1,1,1,1,1,1,1,1,1,1,1,1,1,1,1,1,1,1,1,1,1,1,1,1,1,1,1,1,1,1,1,1,1,1,1,1,1,1,1,1,1,1,1,1,1,1,1,1,1,1,1,1,1,1,1,1,1,1,1,1,1,1,1,1,1,1,1,1,1,1,1,1,1,1,1,1,1,1,1,1,1,1,1,1,1,1,1,1,1,1,1,1,1,1,1,1,1,1,1,1,1,1,1,1,1,1,1,1,1,1,1,1,1,1,1,1,1,1,1,1,1,1,1,1,1,1,1,1,1,1,1,1,1,1,1,1,1,1,1,1,1,1,1,1,1,1,1,1,1,1,1,1,1,1,1,1,1,1,1,1,1,1,1,1,1,1,1,1,1,1,1,1,1,1,1,1,1,1,1,1,1,1,1,1,1,1,1,1,1,1,1,1,1,1,1,1,1,1,1,1,1,1,1,1,1,1,1,1,1,1,1,1,1,1,1,1,1,1,1,1,1,1,1,1,1,1,1,1,1,1,1,1,1,1,1,1,1,1,1,1,1,1,1,1,1,1,1,1,1,1,1,1,1,1,1,1,1,1,1,1,1,1,1,1,1,1,1,1,1,1,1,1,1,1,1,1,1,1,1,1,1,1,1,1,1,1,1,1,1,1,1,1,1,1,1,1,1,1,1,1,1,1,1,1,1,1,1,1,1,1,1,1,1,1,1,1,1,1,1,1,1,1,1,1,1,1,1,1,1,1,1,1,1,1,1,1,1,1,1,1,1,1,1,1,1,1,1,1,1,1,1,1,1,1,1,1,1,1,1,1,1,1,1,1,1,1,1,1,1,1,1,1,1,1,1,1,1,1,1,1,1,1,1,1,1,1,1,1,1,1,1,1,1,1,1,1,1,1,1,1,1,1,1,1,1,1,1,1,1,1,1,1,1,1,1,1,1,1,1,1,1,1,1,1,1,1,1,1,1,1,1,1,1,1,1,1,1,1,1,1,1,1,1,1,1,1,1,1,1,1,1,1,1,1,1,1,1,1,1,1,1,1,1,1,1,1,1,1,1,1,1,1,1,1,1,1,1,1,1,1,1,1,1,1,1,1,1,1,1,1,1,1,1,1,1,1,1,1,1,1,1,1,1,1,1,1,1,1,1,1,1,1,1,1,1,1,1,1,1,1,1,1,1,1,1,1,1,1,1,1,1,1,1,1,1,1,1,1,1,1,1,1,1,1,1,1,1,1,1,1,1,1,1,1,1,1,1,1,1,1,1,1,1,1,1,1,1,1,1,1,1,1,1,1,1,1,1,1,1,1,1,1,1,1,1,1,1,1,1,1,1,1,1,1,1,1,1,1,1,1,1,1,1,1,1,1,1,1,1,1,1,1,1,1,1,1,1,1,1,1,1,1,1,1,1,1,1,1,1,1,1,1,1,1,1,1,1,1,1,1,1,1,1,1,1,1,1,1,1,1,1,1,1,1,1,1,1,1,1,1,1,1,1,1,1,1,1,1,1,1,1,1,1,1,1,1,1,1,1,1,1,1,1,1,1,1,1,1,1,1,1,1,1,1,1,1,1,1,1,1,1,1,1,1,1,1,1,1,1,1,1,1,1,1,1,1,1,1,1,1,1,1,1,1,1,1,1,1,1,1,1,1,1,1,1,1,1,1,1,1,1,1,1,1,1,1,1,1,1,1,1,1,1,1,1,1,1,1,1,1,1,1,1,1,1,1,1,1,1,1,1,1,1,1,1,1,1,1,1,1,1,1,1,1,1,1,1,1,1,1,1,1,1,1,1,1,1,1,1,1,1,1,1,1,1,1,1,1,1,1,1,1,1,1,1,1,1,1,1,1,1,1,1,1,1,1,1,1,1,1,1,1,1,1,1,1,1,1,1,1,1,1,1,1,1,1,1,1,1,1,1,1,1,1,1,1,1,1,1,1,1,1,1,1,1,1,1,1,1,1,1,1,1,1,1,1,1,1,1,1,1,1,1,1,1,1,
1,1,1,1,1,1,1,1,1,1,1,1,1,1,1,1,1,1,1,1,1,1,1,1,1,1,1,1,1,1,1,1,1,1,1,1,1,1,1,1,1,1,1,1,1,1,1,1,1,1,1,1,1,1,1,1,1,1,1,1,1,1,1,1,1,1,1,1,1,1,1,1,1,1,1,1,1,1,1,1,1,1,1,1,1,1,1,1,1,1,1,1,1,1,1,1,1,1,1,1,1,1,1,1,1,1,1,1,1,1,1,1,1,1,1,1,1,1,1,1,1,1,1,1,1,1,1,1,1,1,1,1,1,1,1,1,1,1,1,1,1,1,1,1,1,1,1,1,1,1,1,1,1,1,1,1,1,1,1,1,1,1,1,1,1,1,1,1,1,1,1,1,1,1,1,1,1,1,1,1,1,1,1,1,1,1,1,1,1,1,1,1,1,1,1,1,1,1,1,1,1,1,1,1,1,1,1,1,1,1,1,1,1,1,1,1,1,1,1,1,1,1,1,1,1,1,1,1,1,1,1,1,1,1,1,1,1,1,1,1,1,1,1,1,1,1,1,1,1,1,1,1,1,1,1,1,1,1,1,1,1,1,1,1,1,1,1,1,1,1,1,1,1,1,1,1,1,1,1,1,1,1,1,1,1,1,1,1,1,1,1,1,1,1,1,1,1,1,1,1,1,1,1,1,1,1,1,1,1,1,1,1,1,1,1,1,1,1,1,1,1,1,1,1,1,1,1,1,1,1,1,1,1,1,1,1,1,1,1,1,1,1,1,1,1,1,1,1,1,1,1,1,1,1,1,1,1,1,1,1,1,1,1,1,1,1,1,1,1,1,1,1,1,1,1,1,1,1,1,1,1,1,1,1,1,1,1,1,1,1,1,1,1,1,1,1,1,1,1,1,1,1,1,1,1,1,1,1,1,1,1,1,1,1,1,1,1,1,1,1,1,1,1,1,1,1,1,1,1,1,1,1,1,1,1,1,1,1,1,1,1,1,1,1,1,1,1,1,1,1,1,1,1,1,1,1,1,1,1,1,1,1,1,1,1,1,1,1,1,1,1,1,1,1,1,1,1,1,1,1,1,1,1,1,1,1,1,1,1,1,1,1,1,1,1,1,1,1,1,1,1,1,1,1,1,1,1,1,1,1,1,1,1,1,1,1,1,1,1,1,1,1,1,1,1,1,1,1,1,1,1,1,1,1,1,1,1,1,1,1,1,1,1,1,1,1,1,1,1,1,1,1,1,1,1,1,1,1,1,1,1,1,1,1,1,1,1,1,1,1,1,1,1,1,1,1,1,1,1,1,1,1,1,1,1,1,1,1,1,1,1,1,1,1,1,1,1,1,1,1,1,1,1,1,1,1,1,1,1,1,1,1,1,1,1,1,1,1,1,1,1,1,1,1,1,1,1,1,1,1,1,1,1,1,1,1,1,1,1,1,1,1,1,1,1,1,1,1,1,1,1,1,1,1,1,1,1,1,1,1,1,1,1,1,1,1,1,1,1,1,1,1,1,1,1,1,1,1,1,1,1,1,1,1,1,1,1,1,1,1,1,1,1,1,1,1,1,1,1,1,1,1,1,1,1,1,1,1,1,1,1,1,1,1,1,1,1,1,1,1,1,1,1,1,1,1,1,1,1,1,1,1,1,1,1,1,1,1,1,1,1,1,1,1,1,1,1,1,1,1,1,1,1,1,1,1,1,1,1,1,1,1,1,1,1,1,1,1,1,1,1,1,1,1,1,1,1,1,1,1,1,1,1,1,1,1,1,1,1,1,1,1,1,1,1,1,1,1,1,1,1,1,1,1,1,1,1,1,1,1,1,1,1,1,1,1,1,1,1,1,1,1,1,1,1,1,1,1,1,1,1,1,1,1,1,1,1,1,1,1,1,1,1,1,1,1,1,1,1,1,1,1,1,1,1,1,1,1,1,1,1,1,1,1,1,1,1,1,1,1,1,1,1,1,1,1,1,1,1,1,1,1,1,1,1,1,1,1,1,1,1,1,1,1,1,1,1,1,1,1,1,1,1,1,1,1,1,1,1,1,1,1,1,1,1,1,1,1,1,1,1,1,1,1,1,1,1,1,1,1,1,1,1,1,1,1,1,1,1,1,1,1,1,1,1,1,1,1,1,1,1,1,1,1,1,1,1,1,1,1,1,1,1,1,1,1,1,1,1,1,1,1,1,1,1,1,1,1,1,1,1,1,1,1,1,1,1,1,1,1,1,1,1,1,1,1,1,1,1,1,1,1,1,1,1,1,1,1,1,1,1,1,1,1,1,1,1,1,1,1,1,1,1,1,1,
1,1,1,1,1,1,1,1,1,1,1,1,1,1,1,1,1,1,1,1,1,1,1,1,1,1,1,1,1,1,1,1,1,1,1,1,1,1,1,1,1,1,1,1,1,1,1,1,1,1,1,1,1,1,1,1,1,1,1,1,1,1,1,1,1,1,1,1,1,1,1,1,1,1,1,1,1,1,1,1,1,1,1,1,1,1,1,1,1,1,1,1,1,1,1,1,1,1,1,1,1,1,1,1,1,1,1,1,1,1,1,1,1,1,1,1,1,1,1,1,1,1,1,1,1,1,1,1,1,1,1,1,1,1,1,1,1,1,1,1,1,1,1,1,1,1,1,1,1,1,1,1,1,1,1,1,1,1,1,1,1,1,1,1,1,1,1,1,1,1,1,1,1,1,1,1,1,1,1,1,1,1,1,1,1,1,1,1,1,1,1,1,1,1,1,1,1,1,1,1,1,1,1,1,1,1,1,1,1,1,1,1,1,1,1,1,1,1,1,1,1,1,1,1,1,1,1,1,1,1,1,1,1,1,1,1,1,1,1,1,1,1,1,1,1,1,1,1,1,1,1,1,1,1,1,1,1,1,1,1,1,1,1,1,1,1,1,1,1,1,1,1,1,1,1,1,1,1,1,1,1,1,1,1,1,1,1,1,1,1,1,1,1,1,1,1,1,1,1,1,1,1,1,1,1,1,1,1,1,1,1,1,1,1,1,1,1,1,1,1,1,1,1,1,1,1,1,1,1,1,1,1,1,1,1,1,1,1,1,1,1,1,1,1,1,1,1,1,1,1,1,1,1,1,1,1,1,1,1,1,1,1,1,1,1,1,1,1,1,1,1,1,1,1,1,1,1,1,1,1,1,1,1,1,1,1,1,1,1,1,1,1,1,1,1,1,1,1,1,1,1,1,1,1,1,1,1,1,1,1,1,1,1,1,1,1,1,1,1,1,1,1,1,1,1,1,1,1,1,1,1,1,1,1,1,1,1,1,1,1,1,1,1,1,1,1,1,1,1,1,1,1,1,1,1,1,1,1,1,1,1,1,1,1,1,1,1,1,1,1,1,1,1,1,1,1,1,1,1,1,1,1,1,1,1,1,1,1,1,1,1,1,1,1,1,1,1,1,1,1,1,1,1,1,1,1,1,1,1,1,1,1,1,1,1,1,1,1,1,1,1,1,1,1,1,1,1,1,1,1,1,1,1,1,1,1,1,1,1,1,1,1,1,1,1,1,1,1,1,1,1,1,1,1,1,1,1,1,1,1,1,1,1,1,1,1,1,1,1,1,1,1,1,1,1,1,1,1,1,1,1,1,1,1,1,1,1,1,1,1,1,1,1,1,1,1,1,1,1,1,1,1,1,1,1,1,1,1,1,1,1,1,1,1,1,1,1,1,1,1,1,1,1,1,1,1,1,1,1,1,1,1,1,1,1,1,1,1,1,1,1,1,1,1,1,1,1,1,1,1,1,1,1,1,1,1,1,1,1,1,1,1,1,1,1,1,1,1,1,1,1,1,1,1,1,1,1,1,1,1,1,1,1,1,1,1,1,1,1,1,1,1,1,1,1,1,1,1,1,1,1,1,1,1,1,1,1,1,1,1,1,1,1,1,1,1,1,1,1,1,1,1,1,1,1,1,1,1,1,1,1,1,1,1,1,1,1,1,1,1,1,1,1,1,1,1,1,1,1,1,1,1,1,1,1,1,1,1,1,1,1,1,1,1,1,1,1,1,1,1,1,1,1,1,1,1,1,1,1,1,1,1,1,1,1,1,1,1,1,1,1,1,1,1,1,1,1,1,1,1,1,1,1,1,1,1,1,1,1,1,1,1,1,1,1,1,1,1,1,1,1,1,1,1,1,1,1,1,1,1,1,1,1,1,1,1,1,1,1,1,1,1,1,1,1,1,1,1,1,1,1,1,1,1,1,1,1,1,1,1,1,1,1,1,1,1,1,1,1,1,1,1,1,1,1,1,1,1,1,1,1,1,1,1,1,1,1,1,1,1,1,1,1,1,1,1,1,1,1,1,1,1,1,1,1,1,1,1,1,1,1,1,1,1,1,1,1,1,1,1,1,1,1,1,1,1,1,1,1,1,1,1,1,1,1,1,1,1,1,1,1,1,1,1,1,1,1,1,1,1,1,1,1,1,1,1,1,1,1,1,1,1,1,1,1,1,1,1,1,1,1,1,1,1,1,1,1,1,1,1,1,1,1,1,1,1,1,1,1,1,1,1,1,1,1,1,1,1,1,1,1,1,1,1,1,1,1,1,1,1,1,1,1,1,1,1,1,1,1,1,1,1,1,1,1,
1,1,1,1,1,1,1,1,1,1,1,1,1,1,1,1,1,1,1,1,1,1,1,1,1,1,1,1,1,1,1,1,1,1,1,1,1,1,1,1,1,1,1,1,1,1,1,1,1,1,1,1,1,1,1,1,1,1,1,1,1,1,1,1,1,1,1,1,1,1,1,1,1,1,1,1,1,1,1,1,1,1,1,1,1,1,1,1,1,1,1,1,1,1,1,1,1,1,1,1,1,1,1,1,1,1,1,1,1,1,1,1,1,1,1,1,1,1,1,1,1,1,1,1,1,1,1,1,1,1,1,1,1,1,1,1,1,1,1,1,1,1,1,1,1,1,1,1,1,1,1,1,1,1,1,1,1,1,1,1,1,1,1,1,1,1,1,1,1,1,1,1,1,1,1,1,1,1,1,1,1,1,1,1,1,1,1,1,1,1,1,1,1,1,1,1,1,1,1,1,1,1,1,1,1,1,1,1,1,1,1,1,1,1,1,1,1,1,1,1,1,1,1,1,1,1,1,1,1,1,1,1,1,1,1,1,1,1,1,1,1,1,1,1,1,1,1,1,1,1,1,1,1,1,1,1,1,1,1,1,1,1,1,1,1,1,1,1,1,1,1,1,1,1,1,1,1,1,1,1,1,1,1,1,1,1,1,1,1,1,1,1,1,1,1,1,1,1,1,1,1,1,1,1,1,1,1,1,1,1,1,1,1,1,1,1,1,1,1,1,1,1,1,1,1,1,1,1,1,1,1,1,1,1,1,1,1,1,1,1,1,1,1,1,1,1,1,1,1,1,1,1,1,1,1,1,1,1,1,1,1,1,1,1,1,1,1,1,1,1,1,1,1,1,1,1,1,1,1,1,1,1,1,1,1,1,1,1,1,1,1,1,1,1,1,1,1,1,1,1,1,1,1,1,1,1,1,1,1,1,1,1,1,1,1,1,1,1,1,1,1,1,1,1,1,1,1,1,1,1,1,1,1,1,1,1,1,1,1,1,1,1,1,1,1,1,1,1,1,1,1,1,1,1,1,1,1,1,1,1,1,1,1,1,1,1,1,1,1,1,1,1,1,1,1,1,1,1,1,1,1,1,1,1,1,1,1,1,1,1,1,1,1,1,1,1,1,1,1,1,1,1,1,1,1,1,1,1,1,1,1,1,1,1,1,1,1,1,1,1,1,1,1,1,1,1,1,1,1,1,1,1,1,1,1,1,1,1,1,1,1,1,1,1,1,1,1,1,1,1,1,1,1,1,1,1,1,1,1,1,1,1,1,1,1,1,1,1,1,1,1,1,1,1,1,1,1,1,1,1,1,1,1,1,1,1,1,1,1,1,1,1,1,1,1,1,1,1,1,1,1,1,1,1,1,1,1,1,1,1,1,1,1,1,1,1,1,1,1,1,1,1,1,1,1,1,1,1,1,1,1,1,1,1,1,1,1,1,1,1,1,1,1,1,1,1,1,1,1,1,1,1,1,1,1,1,1,1,1,1,1,1,1,1,1,1,1,1,1,1,1,1,1,1,1,1,1,1,1,1,1,1,1,1,1,1,1,1,1,1,1,1,1,1,1,1,1,1,1,1,1,1,1,1,1,1,1,1,1,1,1,1,1,1,1,1,1,1,1,1,1,1,1,1,1,1,1,1,1,1,1,1,1,1,1,1,1,1,1,1,1,1,1,1,1,1,1,1,1,1,1,1,1,1,1,1,1,1,1,1,1,1,1,1,1,1,1,1,1,1,1,1,1,1,1,1,1,1,1,1,1,1,1,1,1,1,1,1,1,1,1,1,1,1,1,1,1,1,1,1,1,1,1,1,1,1,1,1,1,1,1,1,1,1,1,1,1,1,1,1,1,1,1,1,1,1,1,1,1,1,1,1,1,1,1,1,1,1,1,1,1,1,1,1,1,1,1,1,1,1,1,1,1,1,1,1,1,1,1,1,1,1,1,1,1,1,1,1,1,1,1,1,1,1,1,1,1,1,1,1,1,1,1,1,1,1,1,1,1,1,1,1,1,1,1,1,1,1,1,1,1,1,1,1,1,1,1,1,1,1,1,1,1,1,1,1,1,1,1,1,1,1,1,1,1,1,1,1,1,1,1,1,1,1,1,1,1,1,1,1,1,1,1,1,1,1,1,1,1,1,1,1,1,1,1,1,1,1,1,1,1,1,1,1,1,1,1,1,1,1,1,1,1,1,1,1,1,1,1,1,1,1,1,1,1,1,1,1,1,1,1,1,1,1,1,1,1,1,1,1,1,1,1,1,1,1,1,1,1,1,1,1,1,1,1,1,1,1,1,1,1,1,1,1,1,
1,1,1,1,1,1,1,1,1,1,1,1,1,1,1,1,1,1,1,1,1,1,1,1,1,1,1,1,1,1,1,1,1,1,1,1,1,1,1,1,1,1,1,1,1,1,1,1,1,1,1,1,1,1,1,1,1,1,1,1,1,1,1,1,1,1,1,1,1,1,1,1,1,1,1,1,1,1,1,1,1,1,1,1,1,1,1,1,1,1,1,1,1,1,1,1,1,1,1,1,1,1,1,1,1,1,1,1,1,1,1,1,1,1,1,1,1,1,1,1,1,1,1,1,1,1,1,1,1,1,1,1,1,1,1,1,1,1,1,1,1,1,1,1,1,1,1,1,1,1,1,1,1,1,1,1,1,1,1,1,1,1,1,1,1,1,1,1,1,1,1,1,1,1,1,1,1,1,1,1,1,1,1,1,1,1,1,1,1,1,1,1,1,1,1,1,1,1,1,1,1,1,1,1,1,1,1,1,1,1,1,1,1,1,1,1,1,1,1,1,1,1,1,1,1,1,1,1,1,1,1,1,1,1,1,1,1,1,1,1,1,1,1,1,1,1,1,1,1,1,1,1,1,1,1,1,1,1,1,1,1,1,1,1,1,1,1,1,1,1,1,1,1,1,1,1,1,1,1,1,1,1,1,1,1,1,1,1,1,1,1,1,1,1,1,1,1,1,1,1,1,1,1,1,1,1,1,1,1,1,1,1,1,1,1,1,1,1,1,1,1,1,1,1,1,1,1,1,1,1,1,1,1,1,1,1,1,1,1,1,1,1,1,1,1,1,1,1,1,1,1,1,1,1,1,1,1,1,1,1,1,1,1,1,1,1,1,1,1,1,1,1,1,1,1,1,1,1,1,1,1,1,1,1,1,1,1,1,1,1,1,1,1,1,1,1,1,1,1,1,1,1,1,1,1,1,1,1,1,1,1,1,1,1,1,1,1,1,1,1,1,1,1,1,1,1,1,1,1,1,1,1,1,1,1,1,1,1,1,1,1,1,1,1,1,1,1,1,1,1,1,1,1,1,1,1,1,1,1,1,1,1,1,1,1,1,1,1,1,1,1,1,1,1,1,1,1,1,1,1,1,1,1,1,1,1,1,1,1,1,1,1,1,1,1,1,1,1,1,1,1,1,1,1,1,1,1,1,1,1,1,1,1,1,1,1,1,1,1,1,1,1,1,1,1,1,1,1,1,1,1,1,1,1,1,1,1,1,1,1,1,1,1,1,1,1,1,1,1,1,1,1,1,1,1,1,1,1,1,1,1,1,1,1,1,1,1,1,1,1,1,1,1,1,1,1,1,1,1,1,1,1,1,1,1,1,1,1,1,1,1,1,1,1,1,1,1,1,1,1,1,1,1,1,1,1,1,1,1,1,1,1,1,1,1,1,1,1,1,1,1,1,1,1,1,1,1,1,1,1,1,1,1,1,1,1,1,1,1,1,1,1,1,1,1,1,1,1,1,1,1,1,1,1,1,1,1,1,1,1,1,1,1,1,1,1,1,1,1,1,1,1,1,1,1,1,1,1,1,1,1,1,1,1,1,1,1,1,1,1,1,1,1,1,1,1,1,1,1,1,1,1,1,1,1,1,1,1,1,1,1,1,1,1,1,1,1,1,1,1,1,1,1,1,1,1,1,1,1,1,1,1,1,1,1,1,1,1,1,1,1,1,1,1,1,1,1,1,1,1,1,1,1,1,1,1,1,1,1,1,1,1,1,1,1,1,1,1,1,1,1,1,1,1,1,1,1,1,1,1,1,1,1,1,1,1,1,1,1,1,1,1,1,1,1,1,1,1,1,1,1,1,1,1,1,1,1,1,1,1,1,1,1,1,1,1,1,1,1,1,1,1,1,1,1,1,1,1,1,1,1,1,1,1,1,1,1,1,1,1,1,1,1,1,1,1,1,1,1,1,1,1,1,1,1,1,1,1,1,1,1,1,1,1,1,1,1,1,1,1,1,1,1,1,1,1,1,1,1,1,1,1,1,1,1,1,1,1,1,1,1,1,1,1,1,1,1,1,1,1,1,1,1,1,1,1,1,1,1,1,1,1,1,1,1,1,1,1,1,1,1,1,1,1,1,1,1,1,1,1,1,1,1,1,1,1,1,1,1,1,1,1,1,1,1,1,1,1,1,1,1,1,1,1,1,1,1,1,1,1,1,1,1,1,1,1,1,1,1,1,1,1,1,1,1,1,1,1,1,1,1,1,1,1,1,1,1,1,1,1,1,1,1,1,1,1,1,1,1,1,1,1,1,1,1,1,1,1,1,1,1,1,1,1,1,1,1,1,1,1,1,1,1,1,1,
1,1,1,1,1,1,1,1,1,1,1,1,1,1,1,1,1,1,1,1,1,1,1,1,1,1,1,1,1,1,1,1,1,1,1,1,1,1,1,1,1,1,1,1,1,1,1,1,1,1,1,1,1,1,1,1,1,1,1,1,1,1,1,1,1,1,1,1,1,1,1,1,1,1,1,1,1,1,1,1,1,1,1,1,1,1,1,1,1,1,1,1,1,1,1,1,1,1,1,1,1,1,1,1,1,1,1,1,1,1,1,1,1,1,1,1,1,1,1,1,1,1,1,1,1,1,1,1,1,1,1,1,1,1,1,1,1,1,1,1,1,1,1,1,1,1,1,1,1,1,1,1,1,1,1,1,1,1,1,1,1,1,1,1,1,1,1,1,1,1,1,1,1,1,1,1,1,1,1,1,1,1,1,1,1,1,1,1,1,1,1,1,1,1,1,1,1,1,1,1,1,1,1,1,1,1,1,1,1,1,1,1,1,1,1,1,1,1,1,1,1,1,1,1,1,1,1,1,1,1,1,1,1,1,1,1,1,1,1,1,1,1,1,1,1,1,1,1,1,1,1,1,1,1,1,1,1,1,1,1,1,1,1,1,1,1,1,1,1,1,1,1,1,1,1,1,1,1,1,1,1,1,1,1,1,1,1,1,1,1,1,1,1,1,1,1,1,1,1,1,1,1,1,1,1,1,1,1,1,1,1,1,1,1,1,1,1,1,1,1,1,1,1,1,1,1,1,1,1,1,1,1,1,1,1,1,1,1,1,1,1,1,1,1,1,1,1,1,1,1,1,1,1,1,1,1,1,1,1,1,1,1,1,1,1,1,1,1,1,1,1,1,1,1,1,1,1,1,1,1,1,1,1,1,1,1,1,1,1,1,1,1,1,1,1,1,1,1,1,1,1,1,1,1,1,1,1,1,1,1,1,1,1,1,1,1,1,1,1,1,1,1,1,1,1,1,1,1,1,1,1,1,1,1,1,1,1,1,1,1,1,1,1,1,1,1,1,1,1,1,1,1,1,1,1,1,1,1,1,1,1,1,1,1,1,1,1,1,1,1,1,1,1,1,1,1,1,1,1,1,1,1,1,1,1,1,1,1,1,1,1,1,1,1,1,1,1,1,1,1,1,1,1,1,1,1,1,1,1,1,1,1,1,1,1,1,1,1,1,1,1,1,1,1,1,1,1,1,1,1,1,1,1,1,1,1,1,1,1,1,1,1,1,1,1,1,1,1,1,1,1,1,1,1,1,1,1,1,1,1,1,1,1,1,1,1,1,1,1,1,1,1,1,1,1,1,1,1,1,1,1,1,1,1,1,1,1,1,1,1,1,1,1,1,1,1,1,1,1,1,1,1,1,1,1,1,1,1,1,1,1,1,1,1,1,1,1,1,1,1,1,1,1,1,1,1,1,1,1,1,1,1,1,1,1,1,1,1,1,1,1,1,1,1,1,1,1,1,1,1,1,1,1,1,1,1,1,1,1,1,1,1,1,1,1,1,1,1,1,1,1,1,1,1,1,1,1,1,1,1,1,1,1,1,1,1,1,1,1,1,1,1,1,1,1,1,1,1,1,1,1,1,1,1,1,1,1,1,1,1,1,1,1,1,1,1,1,1,1,1,1,1,1,1,1,1,1,1,1,1,1,1,1,1,1,1,1,1,1,1,1,1,1,1,1,1,1,1,1,1,1,1,1,1,1,1,1,1,1,1,1,1,1,1,1,1,1,1,1,1,1,1,1,1,1,1,1,1,1,1,1,1,1,1,1,1,1,1,1,1,1,1,1,1,1,1,1,1,1,1,1,1,1,1,1,1,1,1,1,1,1,1,1,1,1,1,1,1,1,1,1,1,1,1,1,1,1,1,1,1,1,1,1,1,1,1,1,1,1,1,1,1,1,1,1,1,1,1,1,1,1,1,1,1,1,1,1,1,1,1,1,1,1,1,1,1,1,1,1,1,1,1,1,1,1,1,1,1,1,1,1,1,1,1,1,1,1,1,1,1,1,1,1,1,1,1,1,1,1,1,1,1,1,1,1,1,1,1,1,1,1,1,1,1,1,1,1,1,1,1,1,1,1,1,1,1,1,1,1,1,1,1,1,1,1,1,1,1,1,1,1,1,1,1,1,1,1,1,1,1,1,1,1,1,1,1,1,1,1,1,1,1,1,1,1,1,1,1,1,1,1,1,1,1,1,1,1,1,1,1,1,1,1,1,1,1,1,1,1,1,1,1,1,1,1,1,1,1,1,1,1,1,1,1,1,1,1,1,1,1,1,1,1,1,1,1,1,1,1,1,1,1,1,1,1,
1,1,1,1,1,1,1,1,1,1,1,1,1,1,1,1,1,1,1,1,1,1,1,1,1,1,1,1,1,1,1,1,1,1,1,1,1,1,1,1,1,1,1,1,1,1,1,1,1,1,1,1,1,1,1,1,1,1,1,1,1,1,1,1,1,1,1,1,1,1,1,1,1,1,1,1,1,1,1,1,1,1,1,1,1,1,1,1,1,1,1,1,1,1,1,1,1,1,1,1,1,1,1,1,1,1,1,1,1,1,1,1,1,1,1,1,1,1,1,1,1,1,1,1,1,1,1,1,1,1,1,1,1,1,1,1,1,1,1,1,1,1,1,1,1,1,1,1,1,1,1,1,1,1,1,1,1,1,1,1,1,1,1,1,1,1,1,1,1,1,1,1,1,1,1,1,1,1,1,1,1,1,1,1,1,1,1,1,1,1,1,1,1,1,1,1,1,1,1,1,1,1,1,1,1,1,1,1,1,1,1,1,1,1,1,1,1,1,1,1,1,1,1,1,1,1,1,1,1,1,1,1,1,1,1,1,1,1,1,1,1,1,1,1,1,1,1,1,1,1,1,1,1,1,1,1,1,1,1,1,1,1
			} 
		}
		LayerElementUV: 0 {
			Version: 101
			Name: "uv"
			MappingInformationType: "ByPolygonVertex"
			ReferenceInformationType: "IndexToDirect"
			UV: *3366 {
				a: 0.5,0,0.5,1.5,0,1.5,0,0,1,0,1,1.5,1.5,0,1.5,1.5,2,0,2,1.5,2.5,0,2.5,1.5,3,0,3,1.5,3.5,0,3.5,1.5,4,0,4,1.5,4.5,0,4.5,1.5,5,0,5,1.5,5.5,0,5.5,1.5,6,0,6,1.5,6.5,0,6.5,1.5,7,0,7,1.5,7.5,0,7.5,1.5,8,0,8,1.5,8.5,0,8.5,1.5,9,0,9,1.5,9.5,0,9.5,1.5,10,0,10,1.5,10.5,0,10.5,1.5,11,0,11,1.5,11.5,0,11.5,1.5,12,0,12,1.5,12.5,0,12.5,1.5,13,0,13,1.5,13.5,0,13.5,1.5,14,0,14,1.5,14.5,0,14.5,1.5,15,0,15,1.5,15.5,0,15.5,1.5,16,0,16,1.5,0.5,3,0,3,1,3,1.5,3,2,3,2.5,3,3,3,3.5,3,4,3,4.5,3,5,3,5.5,3,6,3,6.5,3,7,3,7.5,3,8,3,8.5,3,9,3,9.5,3,10,3,10.5,3,11,3,11.5,3,12,3,12.5,3,13,3,13.5,3,14,3,14.5,3,15,3,15.5,3,16,3,0.5,4.5,0,4.5,1,4.5,1.5,4.5,2,4.5,2.5,4.5,3,4.5,3.5,4.5,4,4.5,4.5,4.5,5,4.5,5.5,4.5,6,4.5,6.5,4.5,7,4.5,7.5,4.5,8,4.5,8.5,4.5,9,4.5,9.5,4.5,10,4.5,10.5,4.5,11,4.5,11.5,4.5,12,4.5,12.5,4.5,13,4.5,13.5,4.5,14,4.5,14.5,4.5,15,4.5,15.5,4.5,16,4.5,0.5,6,0,6,1,6,1.5,6,2,6,2.5,6,3,6,3.5,6,4,6,4.5,6,5,6,5.5,6,6,6,6.5,6,7,6,7.5,6,8,6,8.5,6,9,6,9.5,6,10,6,10.5,6,11,6,11.5,6,12,6,12.5,6,13,6,13.5,6,14,6,14.5,6,15,6,15.5,6,16,6,0.5,7.5,0,7.5,1,7.5,1.5,7.5,2,7.5,2.5,7.5,3,7.5,3.5,7.5,4,7.5,4.5,7.5,5,7.5,5.5,7.5,6,7.5,6.5,7.5,7,7.5,7.5,7.5,8,7.5,8.5,7.5,9,7.5,9.5,7.5,10,7.5,10.5,7.5,11,7.5,11.5,7.5,12,7.5,12.5,7.5,13,7.5,13.5,7.5,14,7.5,14.5,7.5,15,7.5,15.5,7.5,16,7.5,0.5,9,0,9,1,9,1.5,9,2,9,2.5,9,3,9,3.5,9,4,9,4.5,9,5,9,5.5,9,6,9,6.5,9,7,9,7.5,9,8,9,8.5,9,9,9,9.5,9,10,9,10.5,9,11,9,11.5,9,12,9,12.5,9,13,9,13.5,9,14,9,14.5,9,15,9,15.5,9,16,9,0.5,10.5,0,10.5,1,10.5,1.5,10.5,2,10.5,2.5,10.5,3,10.5,3.5,10.5,4,10.5,4.5,10.5,5,10.5,5.5,10.5,6,10.5,6.5,10.5,7,10.5,7.5,10.5,8,10.5,8.5,10.5,9,10.5,9.5,10.5,10,10.5,10.5,10.5,11,10.5,11.5,10.5,12,10.5,12.5,10.5,13,10.5,13.5,10.5,14,10.5,14.5,10.5,15,10.5,15.5,10.5,16,10.5,0.5,12,0,12,1,12,1.5,12,2,12,2.5,12,3,12,3.5,12,4,12,4.5,12,5,12,5.5,12,6,12,6.5,12,7,12,7.5,12,8,12,8.5,12,9,12,9.5,12,10,12,10.5,12,11,12,11.5,12,12,12,12.5,12,13,12,13.5,12,14,12,14.5,12,15,12,15.5,12,16,12,0.5,13.5,0,13.5,1,13.5,1.5,13.5,2,13.5,2.5,13.5,3,13.5,3.5,13.5,4,13.5,4.5,13.5,5,13.5,5.5,13.5,6,13.5,
6.5,13.5,7,13.5,7.5,13.5,8,13.5,8.5,13.5,9,13.5,9.5,13.5,10,13.5,10.5,13.5,11,13.5,11.5,13.5,12,13.5,12.5,13.5,13,13.5,13.5,13.5,14,13.5,14.5,13.5,15,13.5,15.5,13.5,16,13.5,0.5,15,0,15,1,15,1.5,15,2,15,2.5,15,3,15,3.5,15,4,15,4.5,15,5,15,5.5,15,6,15,6.5,15,7,15,7.5,15,8,15,8.5,15,9,15,9.5,15,10,15,10.5,15,11,15,11.5,15,12,15,12.5,15,13,15,13.5,15,14,15,14.5,15,15,15,15.5,15,16,15,0.5,15.1472473144531,0,15.1472473144531,1,15.1472473144531,1.5,15.1472473144531,2,15.1472473144531,2.5,15.1472473144531,3,15.1472473144531,3.5,15.1472473144531,4,15.1472473144531,4.5,15.1472473144531,5,15.1472473144531,5.5,15.1472473144531,6,15.1472473144531,6.5,15.1472473144531,7,15.1472473144531,7.5,15.1472473144531,8,15.1472473144531,8.5,15.1472473144531,9,15.1472473144531,9.5,15.1472473144531,10,15.1472473144531,10.5,15.1472473144531,11,15.1472473144531,11.5,15.1472473144531,12,15.1472473144531,12.5,15.1472473144531,13,15.1472473144531,13.5,15.1472473144531,14,15.1472473144531,14.5,15.1472473144531,15,15.1472473144531,15.5,15.1472473144531,16,15.1472473144531,0.5,15.2944946289062,0,15.2944946289062,1,15.2944946289062,1.5,15.2944946289062,2,15.2944946289062,2.5,15.2944946289062,3,15.2944946289062,3.5,15.2944946289062,4,15.2944946289062,4.5,15.2944946289062,5,15.2944946289062,5.5,15.2944946289062,6,15.2944946289062,6.5,15.2944946289062,7,15.2944946289062,7.5,15.2944946289062,8,15.2944946289062,8.5,15.2944946289062,9,15.2944946289062,9.5,15.2944946289062,10,15.2944946289062,10.5,15.2944946289062,11,15.2944946289062,11.5,15.2944946289062,12,15.2944946289062,12.5,15.2944946289062,13,15.2944946289062,13.5,15.2944946289062,14,15.2944946289062,14.5,15.2944946289062,15,15.2944946289062,15.5,15.2944946289062,16,15.2944946289062,0.5,15.4417419433594,0,15.4417419433594,1,15.4417419433594,1.5,15.4417419433594,2,15.4417419433594,2.5,15.4417419433594,3,15.4417419433594,3.5,15.4417419433594,4,15.4417419433594,4.5,15.4417419433594,5,15.4417419433594,5.5,15.4417419433594,6,15.4417419433594,6.5,15.4417419433594,7,15.4417419433594,7.5,15.4417419433594,8,
15.4417419433594,8.5,15.4417419433594,9,15.4417419433594,9.5,15.4417419433594,10,15.4417419433594,10.5,15.4417419433594,11,15.4417419433594,11.5,15.4417419433594,12,15.4417419433594,12.5,15.4417419433594,13,15.4417419433594,13.5,15.4417419433594,14,15.4417419433594,14.5,15.4417419433594,15,15.4417419433594,15.5,15.4417419433594,16,15.4417419433594,0.5,15.5889892578125,0,15.5889892578125,1,15.5889892578125,1.5,15.5889892578125,2,15.5889892578125,2.5,15.5889892578125,3,15.5889892578125,3.5,15.5889892578125,4,15.5889892578125,4.5,15.5889892578125,5,15.5889892578125,5.5,15.5889892578125,6,15.5889892578125,6.5,15.5889892578125,7,15.5889892578125,7.5,15.5889892578125,8,15.5889892578125,8.5,15.5889892578125,9,15.5889892578125,9.5,15.5889892578125,10,15.5889892578125,10.5,15.5889892578125,11,15.5889892578125,11.5,15.5889892578125,12,15.5889892578125,12.5,15.5889892578125,13,15.5889892578125,13.5,15.5889892578125,14,15.5889892578125,14.5,15.5889892578125,15,15.5889892578125,15.5,15.5889892578125,16,15.5889892578125,0.5,15.7362365722656,0,15.7362365722656,1,15.7362365722656,1.5,15.7362365722656,2,15.7362365722656,2.5,15.7362365722656,3,15.7362365722656,3.5,15.7362365722656,4,15.7362365722656,4.5,15.7362365722656,5,15.7362365722656,5.5,15.7362365722656,6,15.7362365722656,6.5,15.7362365722656,7,15.7362365722656,7.5,15.7362365722656,8,15.7362365722656,8.5,15.7362365722656,9,15.7362365722656,9.5,15.7362365722656,10,15.7362365722656,10.5,15.7362365722656,11,15.7362365722656,11.5,15.7362365722656,12,15.7362365722656,12.5,15.7362365722656,13,15.7362365722656,13.5,15.7362365722656,14,15.7362365722656,14.5,15.7362365722656,15,15.7362365722656,15.5,15.7362365722656,16,15.7362365722656,0.5,15.8834838867188,0,15.8834838867188,1,15.8834838867188,1.5,15.8834838867188,2,15.8834838867188,2.5,15.8834838867188,3,15.8834838867188,3.5,15.8834838867188,4,15.8834838867188,4.5,15.8834838867188,5,15.8834838867188,5.5,15.8834838867188,6,15.8834838867188,6.5,15.8834838867188,7,15.8834838867188,7.5,15.8834838867188,8,15.8834838867188,8.5,15.8834838867188,
9,15.8834838867188,9.5,15.8834838867188,10,15.8834838867188,10.5,15.8834838867188,11,15.8834838867188,11.5,15.8834838867188,12,15.8834838867188,12.5,15.8834838867188,13,15.8834838867188,13.5,15.8834838867188,14,15.8834838867188,14.5,15.8834838867188,15,15.8834838867188,15.5,15.8834838867188,16,15.8834838867188,0.5,16.0307312011719,0,16.0307312011719,1,16.0307312011719,1.5,16.0307312011719,2,16.0307312011719,2.5,16.0307312011719,3,16.0307312011719,3.5,16.0307312011719,4,16.0307312011719,4.5,16.0307312011719,5,16.0307312011719,5.5,16.0307312011719,6,16.0307312011719,6.5,16.0307312011719,7,16.0307312011719,7.5,16.0307312011719,8,16.0307312011719,8.5,16.0307312011719,9,16.0307312011719,9.5,16.0307312011719,10,16.0307312011719,10.5,16.0307312011719,11,16.0307312011719,11.5,16.0307312011719,12,16.0307312011719,12.5,16.0307312011719,13,16.0307312011719,13.5,16.0307312011719,14,16.0307312011719,14.5,16.0307312011719,15,16.0307312011719,15.5,16.0307312011719,16,16.0307312011719,0.5,16.177978515625,0,16.177978515625,1,16.177978515625,1.5,16.177978515625,2,16.177978515625,2.5,16.177978515625,3,16.177978515625,3.5,16.177978515625,4,16.177978515625,4.5,16.177978515625,5,16.177978515625,5.5,16.177978515625,6,16.177978515625,6.5,16.177978515625,7,16.177978515625,7.5,16.177978515625,8,16.177978515625,8.5,16.177978515625,9,16.177978515625,9.5,16.177978515625,10,16.177978515625,10.5,16.177978515625,11,16.177978515625,11.5,16.177978515625,12,16.177978515625,12.5,16.177978515625,13,16.177978515625,13.5,16.177978515625,14,16.177978515625,14.5,16.177978515625,15,16.177978515625,15.5,16.177978515625,16,16.177978515625,0.5,16.3252258300781,0,16.3252258300781,1,16.3252258300781,1.5,16.3252258300781,2,16.3252258300781,2.5,16.3252258300781,3,16.3252258300781,3.5,16.3252258300781,4,16.3252258300781,4.5,16.3252258300781,5,16.3252258300781,5.5,16.3252258300781,6,16.3252258300781,6.5,16.3252258300781,7,16.3252258300781,7.5,16.3252258300781,8,16.3252258300781,8.5,16.3252258300781,9,16.3252258300781,9.5,16.3252258300781,10,16.3252258300781,10.5,16.3252258300781,
11,16.3252258300781,11.5,16.3252258300781,12,16.3252258300781,12.5,16.3252258300781,13,16.3252258300781,13.5,16.3252258300781,14,16.3252258300781,14.5,16.3252258300781,15,16.3252258300781,15.5,16.3252258300781,16,16.3252258300781,0.5,16.4724731445312,0,16.4724731445312,1,16.4724731445312,1.5,16.4724731445312,2,16.4724731445312,2.5,16.4724731445312,3,16.4724731445312,3.5,16.4724731445312,4,16.4724731445312,4.5,16.4724731445312,5,16.4724731445312,5.5,16.4724731445312,6,16.4724731445312,6.5,16.4724731445312,7,16.4724731445312,7.5,16.4724731445312,8,16.4724731445312,8.5,16.4724731445312,9,16.4724731445312,9.5,16.4724731445312,10,16.4724731445312,10.5,16.4724731445312,11,16.4724731445312,11.5,16.4724731445312,12,16.4724731445312,12.5,16.4724731445312,13,16.4724731445312,13.5,16.4724731445312,14,16.4724731445312,14.5,16.4724731445312,15,16.4724731445312,15.5,16.4724731445312,16,16.4724731445312,0.5,16.6197204589844,0,16.6197204589844,1,16.6197204589844,1.5,16.6197204589844,2,16.6197204589844,2.5,16.6197204589844,3,16.6197204589844,3.5,16.6197204589844,4,16.6197204589844,4.5,16.6197204589844,5,16.6197204589844,5.5,16.6197204589844,6,16.6197204589844,6.5,16.6197204589844,7,16.6197204589844,7.5,16.6197204589844,8,16.6197204589844,8.5,16.6197204589844,9,16.6197204589844,9.5,16.6197204589844,10,16.6197204589844,10.5,16.6197204589844,11,16.6197204589844,11.5,16.6197204589844,12,16.6197204589844,12.5,16.6197204589844,13,16.6197204589844,13.5,16.6197204589844,14,16.6197204589844,14.5,16.6197204589844,15,16.6197204589844,15.5,16.6197204589844,16,16.6197204589844,0.5,16.7669677734375,0,16.7669677734375,1,16.7669677734375,1.5,16.7669677734375,2,16.7669677734375,2.5,16.7669677734375,3,16.7669677734375,3.5,16.7669677734375,4,16.7669677734375,4.5,16.7669677734375,5,16.7669677734375,5.5,16.7669677734375,6,16.7669677734375,6.5,16.7669677734375,7,16.7669677734375,7.5,16.7669677734375,8,16.7669677734375,8.5,16.7669677734375,9,16.7669677734375,9.5,16.7669677734375,10,16.7669677734375,10.5,16.7669677734375,11,16.7669677734375,11.5,16.7669677734375,
12,16.7669677734375,12.5,16.7669677734375,13,16.7669677734375,13.5,16.7669677734375,14,16.7669677734375,14.5,16.7669677734375,15,16.7669677734375,15.5,16.7669677734375,16,16.7669677734375,0.5,16.9142150878906,0,16.9142150878906,1,16.9142150878906,1.5,16.9142150878906,2,16.9142150878906,2.5,16.9142150878906,3,16.9142150878906,3.5,16.9142150878906,4,16.9142150878906,4.5,16.9142150878906,5,16.9142150878906,5.5,16.9142150878906,6,16.9142150878906,6.5,16.9142150878906,7,16.9142150878906,7.5,16.9142150878906,8,16.9142150878906,8.5,16.9142150878906,9,16.9142150878906,9.5,16.9142150878906,10,16.9142150878906,10.5,16.9142150878906,11,16.9142150878906,11.5,16.9142150878906,12,16.9142150878906,12.5,16.9142150878906,13,16.9142150878906,13.5,16.9142150878906,14,16.9142150878906,14.5,16.9142150878906,15,16.9142150878906,15.5,16.9142150878906,16,16.9142150878906,0.5,17.0614624023438,0,17.0614624023438,1,17.0614624023438,1.5,17.0614624023438,2,17.0614624023438,2.5,17.0614624023438,3,17.0614624023438,3.5,17.0614624023438,4,17.0614624023438,4.5,17.0614624023438,5,17.0614624023438,5.5,17.0614624023438,6,17.0614624023438,6.5,17.0614624023438,7,17.0614624023438,7.5,17.0614624023438,8,17.0614624023438,8.5,17.0614624023438,9,17.0614624023438,9.5,17.0614624023438,10,17.0614624023438,10.5,17.0614624023438,11,17.0614624023438,11.5,17.0614624023438,12,17.0614624023438,12.5,17.0614624023438,13,17.0614624023438,13.5,17.0614624023438,14,17.0614624023438,14.5,17.0614624023438,15,17.0614624023438,15.5,17.0614624023438,16,17.0614624023438,0.5,17.2087097167969,0,17.2087097167969,1,17.2087097167969,1.5,17.2087097167969,2,17.2087097167969,2.5,17.2087097167969,3,17.2087097167969,3.5,17.2087097167969,4,17.2087097167969,4.5,17.2087097167969,5,17.2087097167969,5.5,17.2087097167969,6,17.2087097167969,6.5,17.2087097167969,7,17.2087097167969,7.5,17.2087097167969,8,17.2087097167969,8.5,17.2087097167969,9,17.2087097167969,9.5,17.2087097167969,10,17.2087097167969,10.5,17.2087097167969,11,17.2087097167969,11.5,17.2087097167969,12,17.2087097167969,12.5,17.2087097167969,
13,17.2087097167969,13.5,17.2087097167969,14,17.2087097167969,14.5,17.2087097167969,15,17.2087097167969,15.5,17.2087097167969,16,17.2087097167969,0.5,17.35595703125,0,17.35595703125,1,17.35595703125,1.5,17.35595703125,2,17.35595703125,2.5,17.35595703125,3,17.35595703125,3.5,17.35595703125,4,17.35595703125,4.5,17.35595703125,5,17.35595703125,5.5,17.35595703125,6,17.35595703125,6.5,17.35595703125,7,17.35595703125,7.5,17.35595703125,8,17.35595703125,8.5,17.35595703125,9,17.35595703125,9.5,17.35595703125,10,17.35595703125,10.5,17.35595703125,11,17.35595703125,11.5,17.35595703125,12,17.35595703125,12.5,17.35595703125,13,17.35595703125,13.5,17.35595703125,14,17.35595703125,14.5,17.35595703125,15,17.35595703125,15.5,17.35595703125,16,17.35595703125,0.5,17.5032062530518,0,17.5032062530518,1,17.5032062530518,1.5,17.5032062530518,2,17.5032062530518,2.5,17.5032062530518,3,17.5032062530518,3.5,17.5032062530518,4,17.5032062530518,4.5,17.5032062530518,5,17.5032062530518,5.5,17.5032062530518,6,17.5032062530518,6.5,17.5032062530518,7,17.5032062530518,7.5,17.5032062530518,8,17.5032062530518,8.5,17.5032062530518,9,17.5032062530518,9.5,17.5032062530518,10,17.5032062530518,10.5,17.5032062530518,11,17.5032062530518,11.5,17.5032062530518,12,17.5032062530518,12.5,17.5032062530518,13,17.5032062530518,13.5,17.5032062530518,14,17.5032062530518,14.5,17.5032062530518,15,17.5032062530518,15.5,17.5032062530518,16,17.5032062530518,0.5,17.6504535675049,0,17.6504535675049,1,17.6504535675049,1.5,17.6504535675049,2,17.6504535675049,2.5,17.6504535675049,3,17.6504535675049,3.5,17.6504535675049,4,17.6504535675049,4.5,17.6504535675049,5,17.6504535675049,5.5,17.6504535675049,6,17.6504535675049,6.5,17.6504535675049,7,17.6504535675049,7.5,17.6504535675049,8,17.6504535675049,8.5,17.6504535675049,9,17.6504535675049,9.5,17.6504535675049,10,17.6504535675049,10.5,17.6504535675049,11,17.6504535675049,11.5,17.6504535675049,12,17.6504535675049,12.5,17.6504535675049,13,17.6504535675049,13.5,17.6504535675049,14,17.6504535675049,14.5,17.6504535675049,15,17.6504535675049,
15.5,17.6504535675049,16,17.6504535675049,0.5,17.797700881958,0,17.797700881958,1,17.797700881958,1.5,17.797700881958,2,17.797700881958,2.5,17.797700881958,3,17.797700881958,3.5,17.797700881958,4,17.797700881958,4.5,17.797700881958,5,17.797700881958,5.5,17.797700881958,6,17.797700881958,6.5,17.797700881958,7,17.797700881958,7.5,17.797700881958,8,17.797700881958,8.5,17.797700881958,9,17.797700881958,9.5,17.797700881958,10,17.797700881958,10.5,17.797700881958,11,17.797700881958,11.5,17.797700881958,12,17.797700881958,12.5,17.797700881958,13,17.797700881958,13.5,17.797700881958,14,17.797700881958,14.5,17.797700881958,15,17.797700881958,15.5,17.797700881958,16,17.797700881958,0.5,17.9449481964111,0,17.9449481964111,1,17.9449481964111,1.5,17.9449481964111,2,17.9449481964111,2.5,17.9449481964111,3,17.9449481964111,3.5,17.9449481964111,4,17.9449481964111,4.5,17.9449481964111,5,17.9449481964111,5.5,17.9449481964111,6,17.9449481964111,6.5,17.9449481964111,7,17.9449481964111,7.5,17.9449481964111,8,17.9449481964111,8.5,17.9449481964111,9,17.9449481964111,9.5,17.9449481964111,10,17.9449481964111,10.5,17.9449481964111,11,17.9449481964111,11.5,17.9449481964111,12,17.9449481964111,12.5,17.9449481964111,13,17.9449481964111,13.5,17.9449481964111,14,17.9449481964111,14.5,17.9449481964111,15,17.9449481964111,15.5,17.9449481964111,16,17.9449481964111,0.5,18.0921955108643,0,18.0921955108643,1,18.0921955108643,1.5,18.0921955108643,2,18.0921955108643,2.5,18.0921955108643,3,18.0921955108643,3.5,18.0921955108643,4,18.0921955108643,4.5,18.0921955108643,5,18.0921955108643,5.5,18.0921955108643,6,18.0921955108643,6.5,18.0921955108643,7,18.0921955108643,7.5,18.0921955108643,8,18.0921955108643,8.5,18.0921955108643,9,18.0921955108643,9.5,18.0921955108643,10,18.0921955108643,10.5,18.0921955108643,11,18.0921955108643,11.5,18.0921955108643,12,18.0921955108643,12.5,18.0921955108643,13,18.0921955108643,13.5,18.0921955108643,14,18.0921955108643,14.5,18.0921955108643,15,18.0921955108643,15.5,18.0921955108643,16,18.0921955108643,0.5,18.2394428253174,0,18.2394428253174,
1,18.2394428253174,1.5,18.2394428253174,2,18.2394428253174,2.5,18.2394428253174,3,18.2394428253174,3.5,18.2394428253174,4,18.2394428253174,4.5,18.2394428253174,5,18.2394428253174,5.5,18.2394428253174,6,18.2394428253174,6.5,18.2394428253174,7,18.2394428253174,7.5,18.2394428253174,8,18.2394428253174,8.5,18.2394428253174,9,18.2394428253174,9.5,18.2394428253174,10,18.2394428253174,10.5,18.2394428253174,11,18.2394428253174,11.5,18.2394428253174,12,18.2394428253174,12.5,18.2394428253174,13,18.2394428253174,13.5,18.2394428253174,14,18.2394428253174,14.5,18.2394428253174,15,18.2394428253174,15.5,18.2394428253174,16,18.2394428253174,0.5,18.3866901397705,0,18.3866901397705,1,18.3866901397705,1.5,18.3866901397705,2,18.3866901397705,2.5,18.3866901397705,3,18.3866901397705,3.5,18.3866901397705,4,18.3866901397705,4.5,18.3866901397705,5,18.3866901397705,5.5,18.3866901397705,6,18.3866901397705,6.5,18.3866901397705,7,18.3866901397705,7.5,18.3866901397705,8,18.3866901397705,8.5,18.3866901397705,9,18.3866901397705,9.5,18.3866901397705,10,18.3866901397705,10.5,18.3866901397705,11,18.3866901397705,11.5,18.3866901397705,12,18.3866901397705,12.5,18.3866901397705,13,18.3866901397705,13.5,18.3866901397705,14,18.3866901397705,14.5,18.3866901397705,15,18.3866901397705,15.5,18.3866901397705,16,18.3866901397705,0.5,18.5339374542236,0,18.5339374542236,1,18.5339374542236,1.5,18.5339374542236,2,18.5339374542236,2.5,18.5339374542236,3,18.5339374542236,3.5,18.5339374542236,4,18.5339374542236,4.5,18.5339374542236,5,18.5339374542236,5.5,18.5339374542236,6,18.5339374542236,6.5,18.5339374542236,7,18.5339374542236,7.5,18.5339374542236,8,18.5339374542236,8.5,18.5339374542236,9,18.5339374542236,9.5,18.5339374542236,10,18.5339374542236,10.5,18.5339374542236,11,18.5339374542236,11.5,18.5339374542236,12,18.5339374542236,12.5,18.5339374542236,13,18.5339374542236,13.5,18.5339374542236,14,18.5339374542236,14.5,18.5339374542236,15,18.5339374542236,15.5,18.5339374542236,16,18.5339374542236,0.5,18.6811847686768,0,18.6811847686768,1,18.6811847686768,1.5,18.6811847686768,
2,18.6811847686768,2.5,18.6811847686768,3,18.6811847686768,3.5,18.6811847686768,4,18.6811847686768,4.5,18.6811847686768,5,18.6811847686768,5.5,18.6811847686768,6,18.6811847686768,6.5,18.6811847686768,7,18.6811847686768,7.5,18.6811847686768,8,18.6811847686768,8.5,18.6811847686768,9,18.6811847686768,9.5,18.6811847686768,10,18.6811847686768,10.5,18.6811847686768,11,18.6811847686768,11.5,18.6811847686768,12,18.6811847686768,12.5,18.6811847686768,13,18.6811847686768,13.5,18.6811847686768,14,18.6811847686768,14.5,18.6811847686768,15,18.6811847686768,15.5,18.6811847686768,16,18.6811847686768,0.5,18.8284320831299,0,18.8284320831299,1,18.8284320831299,1.5,18.8284320831299,2,18.8284320831299,2.5,18.8284320831299,3,18.8284320831299,3.5,18.8284320831299,4,18.8284320831299,4.5,18.8284320831299,5,18.8284320831299,5.5,18.8284320831299,6,18.8284320831299,6.5,18.8284320831299,7,18.8284320831299,7.5,18.8284320831299,8,18.8284320831299,8.5,18.8284320831299,9,18.8284320831299,9.5,18.8284320831299,10,18.8284320831299,10.5,18.8284320831299,11,18.8284320831299,11.5,18.8284320831299,12,18.8284320831299,12.5,18.8284320831299,13,18.8284320831299,13.5,18.8284320831299,14,18.8284320831299,14.5,18.8284320831299,15,18.8284320831299,15.5,18.8284320831299,16,18.8284320831299,0.5,18.975679397583,0,18.975679397583,1,18.975679397583,1.5,18.975679397583,2,18.975679397583,2.5,18.975679397583,3,18.975679397583,3.5,18.975679397583,4,18.975679397583,4.5,18.975679397583,5,18.975679397583,5.5,18.975679397583,6,18.975679397583,6.5,18.975679397583,7,18.975679397583,7.5,18.975679397583,8,18.975679397583,8.5,18.975679397583,9,18.975679397583,9.5,18.975679397583,10,18.975679397583,10.5,18.975679397583,11,18.975679397583,11.5,18.975679397583,12,18.975679397583,12.5,18.975679397583,13,18.975679397583,13.5,18.975679397583,14,18.975679397583,14.5,18.975679397583,15,18.975679397583,15.5,18.975679397583,16,18.975679397583,0.5,19.1229267120361,0,19.1229267120361,1,19.1229267120361,1.5,19.1229267120361,2,19.1229267120361,2.5,19.1229267120361,3,19.1229267120361,3.5,19.1229267120361,
4,19.1229267120361,4.5,19.1229267120361,5,19.1229267120361,5.5,19.1229267120361,6,19.1229267120361,6.5,19.1229267120361,7,19.1229267120361,7.5,19.1229267120361,8,19.1229267120361,8.5,19.1229267120361,9,19.1229267120361,9.5,19.1229267120361,10,19.1229267120361,10.5,19.1229267120361,11,19.1229267120361,11.5,19.1229267120361,12,19.1229267120361,12.5,19.1229267120361,13,19.1229267120361,13.5,19.1229267120361,14,19.1229267120361,14.5,19.1229267120361,15,19.1229267120361,15.5,19.1229267120361,16,19.1229267120361,0.5,19.2701740264893,0,19.2701740264893,1,19.2701740264893,1.5,19.2701740264893,2,19.2701740264893,2.5,19.2701740264893,3,19.2701740264893,3.5,19.2701740264893,4,19.2701740264893,4.5,19.2701740264893,5,19.2701740264893,5.5,19.2701740264893,6,19.2701740264893,6.5,19.2701740264893,7,19.2701740264893,7.5,19.2701740264893,8,19.2701740264893,8.5,19.2701740264893,9,19.2701740264893,9.5,19.2701740264893,10,19.2701740264893,10.5,19.2701740264893,11,19.2701740264893,11.5,19.2701740264893,12,19.2701740264893,12.5,19.2701740264893,13,19.2701740264893,13.5,19.2701740264893,14,19.2701740264893,14.5,19.2701740264893,15,19.2701740264893,15.5,19.2701740264893,16,19.2701740264893,0.5,19.4174213409424,0,19.4174213409424,1,19.4174213409424,1.5,19.4174213409424,2,19.4174213409424,2.5,19.4174213409424,3,19.4174213409424,3.5,19.4174213409424,4,19.4174213409424,4.5,19.4174213409424,5,19.4174213409424,5.5,19.4174213409424,6,19.4174213409424,6.5,19.4174213409424,7,19.4174213409424,7.5,19.4174213409424,8,19.4174213409424,8.5,19.4174213409424,9,19.4174213409424,9.5,19.4174213409424,10,19.4174213409424,10.5,19.4174213409424,11,19.4174213409424,11.5,19.4174213409424,12,19.4174213409424,12.5,19.4174213409424,13,19.4174213409424,13.5,19.4174213409424,14,19.4174213409424,14.5,19.4174213409424,15,19.4174213409424,15.5,19.4174213409424,16,19.4174213409424,0.5,19.5646686553955,0,19.5646686553955,1,19.5646686553955,1.5,19.5646686553955,2,19.5646686553955,2.5,19.5646686553955,3,19.5646686553955,3.5,19.5646686553955,4,19.5646686553955,4.5,19.5646686553955,
5,19.5646686553955,5.5,19.5646686553955,6,19.5646686553955,6.5,19.5646686553955,7,19.5646686553955,7.5,19.5646686553955,8,19.5646686553955,8.5,19.5646686553955,9,19.5646686553955,9.5,19.5646686553955,10,19.5646686553955,10.5,19.5646686553955,11,19.5646686553955,11.5,19.5646686553955,12,19.5646686553955,12.5,19.5646686553955,13,19.5646686553955,13.5,19.5646686553955,14,19.5646686553955,14.5,19.5646686553955,15,19.5646686553955,15.5,19.5646686553955,16,19.5646686553955,0.5,19.7119159698486,0,19.7119159698486,1,19.7119159698486,1.5,19.7119159698486,2,19.7119159698486,2.5,19.7119159698486,3,19.7119159698486,3.5,19.7119159698486,4,19.7119159698486,4.5,19.7119159698486,5,19.7119159698486,5.5,19.7119159698486,6,19.7119159698486,6.5,19.7119159698486,7,19.7119159698486,7.5,19.7119159698486,8,19.7119159698486,8.5,19.7119159698486,9,19.7119159698486,9.5,19.7119159698486,10,19.7119159698486,10.5,19.7119159698486,11,19.7119159698486,11.5,19.7119159698486,12,19.7119159698486,12.5,19.7119159698486,13,19.7119159698486,13.5,19.7119159698486,14,19.7119159698486,14.5,19.7119159698486,15,19.7119159698486,15.5,19.7119159698486,16,19.7119159698486,0.5,20.2119159698486,0,20.2119159698486,1,20.2119159698486,1.5,20.2119159698486,2,20.2119159698486,2.5,20.2119159698486,3,20.2119159698486,3.5,20.2119159698486,4,20.2119159698486,4.5,20.2119159698486,5,20.2119159698486,5.5,20.2119159698486,6,20.2119159698486,6.5,20.2119159698486,7,20.2119159698486,7.5,20.2119159698486,8,20.2119159698486,8.5,20.2119159698486,9,20.2119159698486,9.5,20.2119159698486,10,20.2119159698486,10.5,20.2119159698486,11,20.2119159698486,11.5,20.2119159698486,12,20.2119159698486,12.5,20.2119159698486,13,20.2119159698486,13.5,20.2119159698486,14,20.2119159698486,14.5,20.2119159698486,15,20.2119159698486,15.5,20.2119159698486,16,20.2119159698486,0.5,20.7119159698486,0,20.7119159698486,1,20.7119159698486,1.5,20.7119159698486,2,20.7119159698486,2.5,20.7119159698486,3,20.7119159698486,3.5,20.7119159698486,4,20.7119159698486,4.5,20.7119159698486,5,20.7119159698486,5.5,20.7119159698486,
6,20.7119159698486,6.5,20.7119159698486,7,20.7119159698486,7.5,20.7119159698486,8,20.7119159698486,8.5,20.7119159698486,9,20.7119159698486,9.5,20.7119159698486,10,20.7119159698486,10.5,20.7119159698486,11,20.7119159698486,11.5,20.7119159698486,12,20.7119159698486,12.5,20.7119159698486,13,20.7119159698486,13.5,20.7119159698486,14,20.7119159698486,14.5,20.7119159698486,15,20.7119159698486,15.5,20.7119159698486,16,20.7119159698486,0.5,21.2119159698486,0,21.2119159698486,1,21.2119159698486,1.5,21.2119159698486,2,21.2119159698486,2.5,21.2119159698486,3,21.2119159698486,3.5,21.2119159698486,4,21.2119159698486,4.5,21.2119159698486,5,21.2119159698486,5.5,21.2119159698486,6,21.2119159698486,6.5,21.2119159698486,7,21.2119159698486,7.5,21.2119159698486,8,21.2119159698486,8.5,21.2119159698486,9,21.2119159698486,9.5,21.2119159698486,10,21.2119159698486,10.5,21.2119159698486,11,21.2119159698486,11.5,21.2119159698486,12,21.2119159698486,12.5,21.2119159698486,13,21.2119159698486,13.5,21.2119159698486,14,21.2119159698486,14.5,21.2119159698486,15,21.2119159698486,15.5,21.2119159698486,16,21.2119159698486,0.5,21.7119159698486,0,21.7119159698486,1,21.7119159698486,1.5,21.7119159698486,2,21.7119159698486,2.5,21.7119159698486,3,21.7119159698486,3.5,21.7119159698486,4,21.7119159698486,4.5,21.7119159698486,5,21.7119159698486,5.5,21.7119159698486,6,21.7119159698486,6.5,21.7119159698486,7,21.7119159698486,7.5,21.7119159698486,8,21.7119159698486,8.5,21.7119159698486,9,21.7119159698486,9.5,21.7119159698486,10,21.7119159698486,10.5,21.7119159698486,11,21.7119159698486,11.5,21.7119159698486,12,21.7119159698486,12.5,21.7119159698486,13,21.7119159698486,13.5,21.7119159698486,14,21.7119159698486,14.5,21.7119159698486,15,21.7119159698486,15.5,21.7119159698486,16,21.7119159698486,0.5,22.2119159698486,0,22.2119159698486,1,22.2119159698486,1.5,22.2119159698486,2,22.2119159698486,2.5,22.2119159698486,3,22.2119159698486,3.5,22.2119159698486,4,22.2119159698486,4.5,22.2119159698486,5,22.2119159698486,5.5,22.2119159698486,6,22.2119159698486,6.5,22.2119159698486,
7,22.2119159698486,7.5,22.2119159698486,8,22.2119159698486,8.5,22.2119159698486,9,22.2119159698486,9.5,22.2119159698486,10,22.2119159698486,10.5,22.2119159698486,11,22.2119159698486,11.5,22.2119159698486,12,22.2119159698486,12.5,22.2119159698486,13,22.2119159698486,13.5,22.2119159698486,14,22.2119159698486,14.5,22.2119159698486,15,22.2119159698486,15.5,22.2119159698486,16,22.2119159698486,0.5,22.7119159698486,0,22.7119159698486,1,22.7119159698486,1.5,22.7119159698486,2,22.7119159698486,2.5,22.7119159698486,3,22.7119159698486,3.5,22.7119159698486,4,22.7119159698486,4.5,22.7119159698486,5,22.7119159698486,5.5,22.7119159698486,6,22.7119159698486,6.5,22.7119159698486,7,22.7119159698486,7.5,22.7119159698486,8,22.7119159698486,8.5,22.7119159698486,9,22.7119159698486,9.5,22.7119159698486,10,22.7119159698486,10.5,22.7119159698486,11,22.7119159698486,11.5,22.7119159698486,12,22.7119159698486,12.5,22.7119159698486,13,22.7119159698486,13.5,22.7119159698486,14,22.7119159698486,14.5,22.7119159698486,15,22.7119159698486,15.5,22.7119159698486,16,22.7119159698486,0.5,23.2119159698486,0,23.2119159698486,1,23.2119159698486,1.5,23.2119159698486,2,23.2119159698486,2.5,23.2119159698486,3,23.2119159698486,3.5,23.2119159698486,4,23.2119159698486,4.5,23.2119159698486,5,23.2119159698486,5.5,23.2119159698486,6,23.2119159698486,6.5,23.2119159698486,7,23.2119159698486,7.5,23.2119159698486,8,23.2119159698486,8.5,23.2119159698486,9,23.2119159698486,9.5,23.2119159698486,10,23.2119159698486,10.5,23.2119159698486,11,23.2119159698486,11.5,23.2119159698486,12,23.2119159698486,12.5,23.2119159698486,13,23.2119159698486,13.5,23.2119159698486,14,23.2119159698486,14.5,23.2119159698486,15,23.2119159698486,15.5,23.2119159698486,16,23.2119159698486,0.5,23.7119159698486,0,23.7119159698486,1,23.7119159698486,1.5,23.7119159698486,2,23.7119159698486,2.5,23.7119159698486,3,23.7119159698486,3.5,23.7119159698486,4,23.7119159698486,4.5,23.7119159698486,5,23.7119159698486,5.5,23.7119159698486,6,23.7119159698486,6.5,23.7119159698486,7,23.7119159698486,7.5,23.7119159698486,
8,23.7119159698486,8.5,23.7119159698486,9,23.7119159698486,9.5,23.7119159698486,10,23.7119159698486,10.5,23.7119159698486,11,23.7119159698486,11.5,23.7119159698486,12,23.7119159698486,12.5,23.7119159698486,13,23.7119159698486,13.5,23.7119159698486,14,23.7119159698486,14.5,23.7119159698486,15,23.7119159698486,15.5,23.7119159698486,16,23.7119159698486
			} 
			UVIndex: *6400 {
				a: 0,1,2,3,4,5,1,0,6,7,5,4,8,9,7,6,10,11,9,8,12,13,11,10,14,15,13,12,16,17,15,14,18,19,17,16,20,21,19,18,22,23,21,20,24,25,23,22,26,27,25,24,28,29,27,26,30,31,29,28,32,33,31,30,34,35,33,32,36,37,35,34,38,39,37,36,40,41,39,38,42,43,41,40,44,45,43,42,46,47,45,44,48,49,47,46,50,51,49,48,52,53,51,50,54,55,53,52,56,57,55,54,58,59,57,56,60,61,59,58,62,63,61,60,64,65,63,62,1,66,67,2,5,68,66,1,7,69,68,5,9,70,69,7,11,71,70,9,13,72,71,11,15,73,72,13,17,74,73,15,19,75,74,17,21,76,75,19,23,77,76,21,25,78,77,23,27,79,78,25,29,80,79,27,31,81,80,29,33,82,81,31,35,83,82,33,37,84,83,35,39,85,84,37,41,86,85,39,43,87,86,41,45,88,87,43,47,89,88,45,49,90,89,47,51,91,90,49,53,92,91,51,55,93,92,53,57,94,93,55,59,95,94,57,61,96,95,59,63,97,96,61,65,98,97,63,66,99,100,67,68,101,99,66,69,102,101,68,70,103,102,69,71,104,103,70,72,105,104,71,73,106,105,72,74,107,106,73,75,108,107,74,76,109,108,75,77,110,109,76,78,111,110,77,79,112,111,78,80,113,112,79,81,114,113,80,82,115,114,81,83,116,115,82,84,117,116,83,85,118,117,84,86,119,118,85,87,120,119,86,88,121,120,87,89,122,121,88,90,123,122,89,91,124,123,90,92,125,124,91,93,126,125,92,94,127,126,93,95,128,127,94,96,129,128,95,97,130,129,96,98,131,130,97,99,132,133,100,101,134,132,99,102,135,134,101,103,136,135,102,104,137,136,103,105,138,137,104,106,139,138,105,107,140,139,106,108,141,140,107,109,142,141,108,110,143,142,109,111,144,143,110,112,145,144,111,113,146,145,112,114,147,146,113,115,148,147,114,116,149,148,115,117,150,149,116,118,151,150,117,119,152,151,118,120,153,152,119,121,154,153,120,122,155,154,121,123,156,155,122,124,157,156,123,125,158,157,124,126,159,158,125,127,160,159,126,128,161,160,127,129,162,161,128,130,163,162,129,131,164,163,130,132,165,166,133,134,167,165,132,135,168,167,134,136,169,168,135,137,170,169,136,138,171,170,137,139,172,171,138,140,173,172,139,141,174,173,140,142,175,174,141,143,176,175,142,144,177,176,143,145,178,177,144,146,179,178,145,147,180,179,146,148,181,180,147,149,182,181,148,150,183,182,149,151,184,183,150,152,185,184,151,153,186,
185,152,154,187,186,153,155,188,187,154,156,189,188,155,157,190,189,156,158,191,190,157,159,192,191,158,160,193,192,159,161,194,193,160,162,195,194,161,163,196,195,162,164,197,196,163,165,198,199,166,167,200,198,165,168,201,200,167,169,202,201,168,170,203,202,169,171,204,203,170,172,205,204,171,173,206,205,172,174,207,206,173,175,208,207,174,176,209,208,175,177,210,209,176,178,211,210,177,179,212,211,178,180,213,212,179,181,214,213,180,182,215,214,181,183,216,215,182,184,217,216,183,185,218,217,184,186,219,218,185,187,220,219,186,188,221,220,187,189,222,221,188,190,223,222,189,191,224,223,190,192,225,224,191,193,226,225,192,194,227,226,193,195,228,227,194,196,229,228,195,197,230,229,196,198,231,232,199,200,233,231,198,201,234,233,200,202,235,234,201,203,236,235,202,204,237,236,203,205,238,237,204,206,239,238,205,207,240,239,206,208,241,240,207,209,242,241,208,210,243,242,209,211,244,243,210,212,245,244,211,213,246,245,212,214,247,246,213,215,248,247,214,216,249,248,215,217,250,249,216,218,251,250,217,219,252,251,218,220,253,252,219,221,254,253,220,222,255,254,221,223,256,255,222,224,257,256,223,225,258,257,224,226,259,258,225,227,260,259,226,228,261,260,227,229,262,261,228,230,263,262,229,231,264,265,232,233,266,264,231,234,267,266,233,235,268,267,234,236,269,268,235,237,270,269,236,238,271,270,237,239,272,271,238,240,273,272,239,241,274,273,240,242,275,274,241,243,276,275,242,244,277,276,243,245,278,277,244,246,279,278,245,247,280,279,246,248,281,280,247,249,282,281,248,250,283,282,249,251,284,283,250,252,285,284,251,253,286,285,252,254,287,286,253,255,288,287,254,256,289,288,255,257,290,289,256,258,291,290,257,259,292,291,258,260,293,292,259,261,294,293,260,262,295,294,261,263,296,295,262,264,297,298,265,266,299,297,264,267,300,299,266,268,301,300,267,269,302,301,268,270,303,302,269,271,304,303,270,272,305,304,271,273,306,305,272,274,307,306,273,275,308,307,274,276,309,308,275,277,310,309,276,278,311,310,277,279,312,311,278,280,313,312,279,281,314,313,280,282,315,314,281,283,316,315,282,284,317,316,283,285,318,317,
284,286,319,318,285,287,320,319,286,288,321,320,287,289,322,321,288,290,323,322,289,291,324,323,290,292,325,324,291,293,326,325,292,294,327,326,293,295,328,327,294,296,329,328,295,297,330,331,298,299,332,330,297,300,333,332,299,301,334,333,300,302,335,334,301,303,336,335,302,304,337,336,303,305,338,337,304,306,339,338,305,307,340,339,306,308,341,340,307,309,342,341,308,310,343,342,309,311,344,343,310,312,345,344,311,313,346,345,312,314,347,346,313,315,348,347,314,316,349,348,315,317,350,349,316,318,351,350,317,319,352,351,318,320,353,352,319,321,354,353,320,322,355,354,321,323,356,355,322,324,357,356,323,325,358,357,324,326,359,358,325,327,360,359,326,328,361,360,327,329,362,361,328,330,363,364,331,332,365,363,330,333,366,365,332,334,367,366,333,335,368,367,334,336,369,368,335,337,370,369,336,338,371,370,337,339,372,371,338,340,373,372,339,341,374,373,340,342,375,374,341,343,376,375,342,344,377,376,343,345,378,377,344,346,379,378,345,347,380,379,346,348,381,380,347,349,382,381,348,350,383,382,349,351,384,383,350,352,385,384,351,353,386,385,352,354,387,386,353,355,388,387,354,356,389,388,355,357,390,389,356,358,391,390,357,359,392,391,358,360,393,392,359,361,394,393,360,362,395,394,361,363,396,397,364,365,398,396,363,366,399,398,365,367,400,399,366,368,401,400,367,369,402,401,368,370,403,402,369,371,404,403,370,372,405,404,371,373,406,405,372,374,407,406,373,375,408,407,374,376,409,408,375,377,410,409,376,378,411,410,377,379,412,411,378,380,413,412,379,381,414,413,380,382,415,414,381,383,416,415,382,384,417,416,383,385,418,417,384,386,419,418,385,387,420,419,386,388,421,420,387,389,422,421,388,390,423,422,389,391,424,423,390,392,425,424,391,393,426,425,392,394,427,426,393,395,428,427,394,396,429,430,397,398,431,429,396,399,432,431,398,400,433,432,399,401,434,433,400,402,435,434,401,403,436,435,402,404,437,436,403,405,438,437,404,406,439,438,405,407,440,439,406,408,441,440,407,409,442,441,408,410,443,442,409,411,444,443,410,412,445,444,411,413,446,445,412,414,447,446,413,415,448,447,414,416,449,448,415,417,450,449,416,
418,451,450,417,419,452,451,418,420,453,452,419,421,454,453,420,422,455,454,421,423,456,455,422,424,457,456,423,425,458,457,424,426,459,458,425,427,460,459,426,428,461,460,427,429,462,463,430,431,464,462,429,432,465,464,431,433,466,465,432,434,467,466,433,435,468,467,434,436,469,468,435,437,470,469,436,438,471,470,437,439,472,471,438,440,473,472,439,441,474,473,440,442,475,474,441,443,476,475,442,444,477,476,443,445,478,477,444,446,479,478,445,447,480,479,446,448,481,480,447,449,482,481,448,450,483,482,449,451,484,483,450,452,485,484,451,453,486,485,452,454,487,486,453,455,488,487,454,456,489,488,455,457,490,489,456,458,491,490,457,459,492,491,458,460,493,492,459,461,494,493,460,462,495,496,463,464,497,495,462,465,498,497,464,466,499,498,465,467,500,499,466,468,501,500,467,469,502,501,468,470,503,502,469,471,504,503,470,472,505,504,471,473,506,505,472,474,507,506,473,475,508,507,474,476,509,508,475,477,510,509,476,478,511,510,477,479,512,511,478,480,513,512,479,481,514,513,480,482,515,514,481,483,516,515,482,484,517,516,483,485,518,517,484,486,519,518,485,487,520,519,486,488,521,520,487,489,522,521,488,490,523,522,489,491,524,523,490,492,525,524,491,493,526,525,492,494,527,526,493,495,528,529,496,497,530,528,495,498,531,530,497,499,532,531,498,500,533,532,499,501,534,533,500,502,535,534,501,503,536,535,502,504,537,536,503,505,538,537,504,506,539,538,505,507,540,539,506,508,541,540,507,509,542,541,508,510,543,542,509,511,544,543,510,512,545,544,511,513,546,545,512,514,547,546,513,515,548,547,514,516,549,548,515,517,550,549,516,518,551,550,517,519,552,551,518,520,553,552,519,521,554,553,520,522,555,554,521,523,556,555,522,524,557,556,523,525,558,557,524,526,559,558,525,527,560,559,526,528,561,562,529,530,563,561,528,531,564,563,530,532,565,564,531,533,566,565,532,534,567,566,533,535,568,567,534,536,569,568,535,537,570,569,536,538,571,570,537,539,572,571,538,540,573,572,539,541,574,573,540,542,575,574,541,543,576,575,542,544,577,576,543,545,578,577,544,546,579,578,545,547,580,579,546,548,581,580,547,549,582,581,548,550,
583,582,549,551,584,583,550,552,585,584,551,553,586,585,552,554,587,586,553,555,588,587,554,556,589,588,555,557,590,589,556,558,591,590,557,559,592,591,558,560,593,592,559,561,594,595,562,563,596,594,561,564,597,596,563,565,598,597,564,566,599,598,565,567,600,599,566,568,601,600,567,569,602,601,568,570,603,602,569,571,604,603,570,572,605,604,571,573,606,605,572,574,607,606,573,575,608,607,574,576,609,608,575,577,610,609,576,578,611,610,577,579,612,611,578,580,613,612,579,581,614,613,580,582,615,614,581,583,616,615,582,584,617,616,583,585,618,617,584,586,619,618,585,587,620,619,586,588,621,620,587,589,622,621,588,590,623,622,589,591,624,623,590,592,625,624,591,593,626,625,592,594,627,628,595,596,629,627,594,597,630,629,596,598,631,630,597,599,632,631,598,600,633,632,599,601,634,633,600,602,635,634,601,603,636,635,602,604,637,636,603,605,638,637,604,606,639,638,605,607,640,639,606,608,641,640,607,609,642,641,608,610,643,642,609,611,644,643,610,612,645,644,611,613,646,645,612,614,647,646,613,615,648,647,614,616,649,648,615,617,650,649,616,618,651,650,617,619,652,651,618,620,653,652,619,621,654,653,620,622,655,654,621,623,656,655,622,624,657,656,623,625,658,657,624,626,659,658,625,627,660,661,628,629,662,660,627,630,663,662,629,631,664,663,630,632,665,664,631,633,666,665,632,634,667,666,633,635,668,667,634,636,669,668,635,637,670,669,636,638,671,670,637,639,672,671,638,640,673,672,639,641,674,673,640,642,675,674,641,643,676,675,642,644,677,676,643,645,678,677,644,646,679,678,645,647,680,679,646,648,681,680,647,649,682,681,648,650,683,682,649,651,684,683,650,652,685,684,651,653,686,685,652,654,687,686,653,655,688,687,654,656,689,688,655,657,690,689,656,658,691,690,657,659,692,691,658,660,693,694,661,662,695,693,660,663,696,695,662,664,697,696,663,665,698,697,664,666,699,698,665,667,700,699,666,668,701,700,667,669,702,701,668,670,703,702,669,671,704,703,670,672,705,704,671,673,706,705,672,674,707,706,673,675,708,707,674,676,709,708,675,677,710,709,676,678,711,710,677,679,712,711,678,680,713,712,679,681,714,713,680,682,715,
714,681,683,716,715,682,684,717,716,683,685,718,717,684,686,719,718,685,687,720,719,686,688,721,720,687,689,722,721,688,690,723,722,689,691,724,723,690,692,725,724,691,693,726,727,694,695,728,726,693,696,729,728,695,697,730,729,696,698,731,730,697,699,732,731,698,700,733,732,699,701,734,733,700,702,735,734,701,703,736,735,702,704,737,736,703,705,738,737,704,706,739,738,705,707,740,739,706,708,741,740,707,709,742,741,708,710,743,742,709,711,744,743,710,712,745,744,711,713,746,745,712,714,747,746,713,715,748,747,714,716,749,748,715,717,750,749,716,718,751,750,717,719,752,751,718,720,753,752,719,721,754,753,720,722,755,754,721,723,756,755,722,724,757,756,723,725,758,757,724,726,759,760,727,728,761,759,726,729,762,761,728,730,763,762,729,731,764,763,730,732,765,764,731,733,766,765,732,734,767,766,733,735,768,767,734,736,769,768,735,737,770,769,736,738,771,770,737,739,772,771,738,740,773,772,739,741,774,773,740,742,775,774,741,743,776,775,742,744,777,776,743,745,778,777,744,746,779,778,745,747,780,779,746,748,781,780,747,749,782,781,748,750,783,782,749,751,784,783,750,752,785,784,751,753,786,785,752,754,787,786,753,755,788,787,754,756,789,788,755,757,790,789,756,758,791,790,757,759,792,793,760,761,794,792,759,762,795,794,761,763,796,795,762,764,797,796,763,765,798,797,764,766,799,798,765,767,800,799,766,768,801,800,767,769,802,801,768,770,803,802,769,771,804,803,770,772,805,804,771,773,806,805,772,774,807,806,773,775,808,807,774,776,809,808,775,777,810,809,776,778,811,810,777,779,812,811,778,780,813,812,779,781,814,813,780,782,815,814,781,783,816,815,782,784,817,816,783,785,818,817,784,786,819,818,785,787,820,819,786,788,821,820,787,789,822,821,788,790,823,822,789,791,824,823,790,792,825,826,793,794,827,825,792,795,828,827,794,796,829,828,795,797,830,829,796,798,831,830,797,799,832,831,798,800,833,832,799,801,834,833,800,802,835,834,801,803,836,835,802,804,837,836,803,805,838,837,804,806,839,838,805,807,840,839,806,808,841,840,807,809,842,841,808,810,843,842,809,811,844,843,810,812,845,844,811,813,846,845,812,814,847,846,
813,815,848,847,814,816,849,848,815,817,850,849,816,818,851,850,817,819,852,851,818,820,853,852,819,821,854,853,820,822,855,854,821,823,856,855,822,824,857,856,823,825,858,859,826,827,860,858,825,828,861,860,827,829,862,861,828,830,863,862,829,831,864,863,830,832,865,864,831,833,866,865,832,834,867,866,833,835,868,867,834,836,869,868,835,837,870,869,836,838,871,870,837,839,872,871,838,840,873,872,839,841,874,873,840,842,875,874,841,843,876,875,842,844,877,876,843,845,878,877,844,846,879,878,845,847,880,879,846,848,881,880,847,849,882,881,848,850,883,882,849,851,884,883,850,852,885,884,851,853,886,885,852,854,887,886,853,855,888,887,854,856,889,888,855,857,890,889,856,858,891,892,859,860,893,891,858,861,894,893,860,862,895,894,861,863,896,895,862,864,897,896,863,865,898,897,864,866,899,898,865,867,900,899,866,868,901,900,867,869,902,901,868,870,903,902,869,871,904,903,870,872,905,904,871,873,906,905,872,874,907,906,873,875,908,907,874,876,909,908,875,877,910,909,876,878,911,910,877,879,912,911,878,880,913,912,879,881,914,913,880,882,915,914,881,883,916,915,882,884,917,916,883,885,918,917,884,886,919,918,885,887,920,919,886,888,921,920,887,889,922,921,888,890,923,922,889,891,924,925,892,893,926,924,891,894,927,926,893,895,928,927,894,896,929,928,895,897,930,929,896,898,931,930,897,899,932,931,898,900,933,932,899,901,934,933,900,902,935,934,901,903,936,935,902,904,937,936,903,905,938,937,904,906,939,938,905,907,940,939,906,908,941,940,907,909,942,941,908,910,943,942,909,911,944,943,910,912,945,944,911,913,946,945,912,914,947,946,913,915,948,947,914,916,949,948,915,917,950,949,916,918,951,950,917,919,952,951,918,920,953,952,919,921,954,953,920,922,955,954,921,923,956,955,922,924,957,958,925,926,959,957,924,927,960,959,926,928,961,960,927,929,962,961,928,930,963,962,929,931,964,963,930,932,965,964,931,933,966,965,932,934,967,966,933,935,968,967,934,936,969,968,935,937,970,969,936,938,971,970,937,939,972,971,938,940,973,972,939,941,974,973,940,942,975,974,941,943,976,975,942,944,977,976,943,945,978,977,944,946,979,978,945,
947,980,979,946,948,981,980,947,949,982,981,948,950,983,982,949,951,984,983,950,952,985,984,951,953,986,985,952,954,987,986,953,955,988,987,954,956,989,988,955,957,990,991,958,959,992,990,957,960,993,992,959,961,994,993,960,962,995,994,961,963,996,995,962,964,997,996,963,965,998,997,964,966,999,998,965,967,1000,999,966,968,1001,1000,967,969,1002,1001,968,970,1003,1002,969,971,1004,1003,970,972,1005,1004,971,973,1006,1005,972,974,1007,1006,973,975,1008,1007,974,976,1009,1008,975,977,1010,1009,976,978,1011,1010,977,979,1012,1011,978,980,1013,1012,979,981,1014,1013,980,982,1015,1014,981,983,1016,1015,982,984,1017,1016,983,985,1018,1017,984,986,1019,1018,985,987,1020,1019,986,988,1021,1020,987,989,1022,1021,988,990,1023,1024,991,992,1025,1023,990,993,1026,1025,992,994,1027,1026,993,995,1028,1027,994,996,1029,1028,995,997,1030,1029,996,998,1031,1030,997,999,1032,1031,998,1000,1033,1032,999,1001,1034,1033,1000,1002,1035,1034,1001,1003,1036,1035,1002,1004,1037,1036,1003,1005,1038,1037,1004,1006,1039,1038,1005,1007,1040,1039,1006,1008,1041,1040,1007,1009,1042,1041,1008,1010,1043,1042,1009,1011,1044,1043,1010,1012,1045,1044,1011,1013,1046,1045,1012,1014,1047,1046,1013,1015,1048,1047,1014,1016,1049,1048,1015,1017,1050,1049,1016,1018,1051,1050,1017,1019,1052,1051,1018,1020,1053,1052,1019,1021,1054,1053,1020,1022,1055,1054,1021,1023,1056,1057,1024,1025,1058,1056,1023,1026,1059,1058,1025,1027,1060,1059,1026,1028,1061,1060,1027,1029,1062,1061,1028,1030,1063,1062,1029,1031,1064,1063,1030,1032,1065,1064,1031,1033,1066,1065,1032,1034,1067,1066,1033,1035,1068,1067,1034,1036,1069,1068,1035,1037,1070,1069,1036,1038,1071,1070,1037,1039,1072,1071,1038,1040,1073,1072,1039,1041,1074,1073,1040,1042,1075,1074,1041,1043,1076,1075,1042,1044,1077,1076,1043,1045,1078,1077,1044,1046,1079,1078,1045,1047,1080,1079,1046,1048,1081,1080,1047,1049,1082,1081,1048,1050,1083,1082,1049,1051,1084,1083,1050,1052,1085,1084,1051,1053,1086,1085,1052,1054,1087,1086,1053,1055,1088,1087,1054,1056,1089,1090,1057,1058,1091,1089,1056,1059,1092,1091,1058,1060,1093,1092,
1059,1061,1094,1093,1060,1062,1095,1094,1061,1063,1096,1095,1062,1064,1097,1096,1063,1065,1098,1097,1064,1066,1099,1098,1065,1067,1100,1099,1066,1068,1101,1100,1067,1069,1102,1101,1068,1070,1103,1102,1069,1071,1104,1103,1070,1072,1105,1104,1071,1073,1106,1105,1072,1074,1107,1106,1073,1075,1108,1107,1074,1076,1109,1108,1075,1077,1110,1109,1076,1078,1111,1110,1077,1079,1112,1111,1078,1080,1113,1112,1079,1081,1114,1113,1080,1082,1115,1114,1081,1083,1116,1115,1082,1084,1117,1116,1083,1085,1118,1117,1084,1086,1119,1118,1085,1087,1120,1119,1086,1088,1121,1120,1087,1089,1122,1123,1090,1091,1124,1122,1089,1092,1125,1124,1091,1093,1126,1125,1092,1094,1127,1126,1093,1095,1128,1127,1094,1096,1129,1128,1095,1097,1130,1129,1096,1098,1131,1130,1097,1099,1132,1131,1098,1100,1133,1132,1099,1101,1134,1133,1100,1102,1135,1134,1101,1103,1136,1135,1102,1104,1137,1136,1103,1105,1138,1137,1104,1106,1139,1138,1105,1107,1140,1139,1106,1108,1141,1140,1107,1109,1142,1141,1108,1110,1143,1142,1109,1111,1144,1143,1110,1112,1145,1144,1111,1113,1146,1145,1112,1114,1147,1146,1113,1115,1148,1147,1114,1116,1149,1148,1115,1117,1150,1149,1116,1118,1151,1150,1117,1119,1152,1151,1118,1120,1153,1152,1119,1121,1154,1153,1120,1122,1155,1156,1123,1124,1157,1155,1122,1125,1158,1157,1124,1126,1159,1158,1125,1127,1160,1159,1126,1128,1161,1160,1127,1129,1162,1161,1128,1130,1163,1162,1129,1131,1164,1163,1130,1132,1165,1164,1131,1133,1166,1165,1132,1134,1167,1166,1133,1135,1168,1167,1134,1136,1169,1168,1135,1137,1170,1169,1136,1138,1171,1170,1137,1139,1172,1171,1138,1140,1173,1172,1139,1141,1174,1173,1140,1142,1175,1174,1141,1143,1176,1175,1142,1144,1177,1176,1143,1145,1178,1177,1144,1146,1179,1178,1145,1147,1180,1179,1146,1148,1181,1180,1147,1149,1182,1181,1148,1150,1183,1182,1149,1151,1184,1183,1150,1152,1185,1184,1151,1153,1186,1185,1152,1154,1187,1186,1153,1155,1188,1189,1156,1157,1190,1188,1155,1158,1191,1190,1157,1159,1192,1191,1158,1160,1193,1192,1159,1161,1194,1193,1160,1162,1195,1194,1161,1163,1196,1195,1162,1164,1197,1196,1163,1165,1198,1197,1164,1166,
1199,1198,1165,1167,1200,1199,1166,1168,1201,1200,1167,1169,1202,1201,1168,1170,1203,1202,1169,1171,1204,1203,1170,1172,1205,1204,1171,1173,1206,1205,1172,1174,1207,1206,1173,1175,1208,1207,1174,1176,1209,1208,1175,1177,1210,1209,1176,1178,1211,1210,1177,1179,1212,1211,1178,1180,1213,1212,1179,1181,1214,1213,1180,1182,1215,1214,1181,1183,1216,1215,1182,1184,1217,1216,1183,1185,1218,1217,1184,1186,1219,1218,1185,1187,1220,1219,1186,1188,1221,1222,1189,1190,1223,1221,1188,1191,1224,1223,1190,1192,1225,1224,1191,1193,1226,1225,1192,1194,1227,1226,1193,1195,1228,1227,1194,1196,1229,1228,1195,1197,1230,1229,1196,1198,1231,1230,1197,1199,1232,1231,1198,1200,1233,1232,1199,1201,1234,1233,1200,1202,1235,1234,1201,1203,1236,1235,1202,1204,1237,1236,1203,1205,1238,1237,1204,1206,1239,1238,1205,1207,1240,1239,1206,1208,1241,1240,1207,1209,1242,1241,1208,1210,1243,1242,1209,1211,1244,1243,1210,1212,1245,1244,1211,1213,1246,1245,1212,1214,1247,1246,1213,1215,1248,1247,1214,1216,1249,1248,1215,1217,1250,1249,1216,1218,1251,1250,1217,1219,1252,1251,1218,1220,1253,1252,1219,1221,1254,1255,1222,1223,1256,1254,1221,1224,1257,1256,1223,1225,1258,1257,1224,1226,1259,1258,1225,1227,1260,1259,1226,1228,1261,1260,1227,1229,1262,1261,1228,1230,1263,1262,1229,1231,1264,1263,1230,1232,1265,1264,1231,1233,1266,1265,1232,1234,1267,1266,1233,1235,1268,1267,1234,1236,1269,1268,1235,1237,1270,1269,1236,1238,1271,1270,1237,1239,1272,1271,1238,1240,1273,1272,1239,1241,1274,1273,1240,1242,1275,1274,1241,1243,1276,1275,1242,1244,1277,1276,1243,1245,1278,1277,1244,1246,1279,1278,1245,1247,1280,1279,1246,1248,1281,1280,1247,1249,1282,1281,1248,1250,1283,1282,1249,1251,1284,1283,1250,1252,1285,1284,1251,1253,1286,1285,1252,1254,1287,1288,1255,1256,1289,1287,1254,1257,1290,1289,1256,1258,1291,1290,1257,1259,1292,1291,1258,1260,1293,1292,1259,1261,1294,1293,1260,1262,1295,1294,1261,1263,1296,1295,1262,1264,1297,1296,1263,1265,1298,1297,1264,1266,1299,1298,1265,1267,1300,1299,1266,1268,1301,1300,1267,1269,1302,1301,1268,1270,1303,1302,1269,1271,1304,1303,
1270,1272,1305,1304,1271,1273,1306,1305,1272,1274,1307,1306,1273,1275,1308,1307,1274,1276,1309,1308,1275,1277,1310,1309,1276,1278,1311,1310,1277,1279,1312,1311,1278,1280,1313,1312,1279,1281,1314,1313,1280,1282,1315,1314,1281,1283,1316,1315,1282,1284,1317,1316,1283,1285,1318,1317,1284,1286,1319,1318,1285,1287,1320,1321,1288,1289,1322,1320,1287,1290,1323,1322,1289,1291,1324,1323,1290,1292,1325,1324,1291,1293,1326,1325,1292,1294,1327,1326,1293,1295,1328,1327,1294,1296,1329,1328,1295,1297,1330,1329,1296,1298,1331,1330,1297,1299,1332,1331,1298,1300,1333,1332,1299,1301,1334,1333,1300,1302,1335,1334,1301,1303,1336,1335,1302,1304,1337,1336,1303,1305,1338,1337,1304,1306,1339,1338,1305,1307,1340,1339,1306,1308,1341,1340,1307,1309,1342,1341,1308,1310,1343,1342,1309,1311,1344,1343,1310,1312,1345,1344,1311,1313,1346,1345,1312,1314,1347,1346,1313,1315,1348,1347,1314,1316,1349,1348,1315,1317,1350,1349,1316,1318,1351,1350,1317,1319,1352,1351,1318,1320,1353,1354,1321,1322,1355,1353,1320,1323,1356,1355,1322,1324,1357,1356,1323,1325,1358,1357,1324,1326,1359,1358,1325,1327,1360,1359,1326,1328,1361,1360,1327,1329,1362,1361,1328,1330,1363,1362,1329,1331,1364,1363,1330,1332,1365,1364,1331,1333,1366,1365,1332,1334,1367,1366,1333,1335,1368,1367,1334,1336,1369,1368,1335,1337,1370,1369,1336,1338,1371,1370,1337,1339,1372,1371,1338,1340,1373,1372,1339,1341,1374,1373,1340,1342,1375,1374,1341,1343,1376,1375,1342,1344,1377,1376,1343,1345,1378,1377,1344,1346,1379,1378,1345,1347,1380,1379,1346,1348,1381,1380,1347,1349,1382,1381,1348,1350,1383,1382,1349,1351,1384,1383,1350,1352,1385,1384,1351,1353,1386,1387,1354,1355,1388,1386,1353,1356,1389,1388,1355,1357,1390,1389,1356,1358,1391,1390,1357,1359,1392,1391,1358,1360,1393,1392,1359,1361,1394,1393,1360,1362,1395,1394,1361,1363,1396,1395,1362,1364,1397,1396,1363,1365,1398,1397,1364,1366,1399,1398,1365,1367,1400,1399,1366,1368,1401,1400,1367,1369,1402,1401,1368,1370,1403,1402,1369,1371,1404,1403,1370,1372,1405,1404,1371,1373,1406,1405,1372,1374,1407,1406,1373,1375,1408,1407,1374,1376,1409,1408,1375,1377,
1410,1409,1376,1378,1411,1410,1377,1379,1412,1411,1378,1380,1413,1412,1379,1381,1414,1413,1380,1382,1415,1414,1381,1383,1416,1415,1382,1384,1417,1416,1383,1385,1418,1417,1384,1386,1419,1420,1387,1388,1421,1419,1386,1389,1422,1421,1388,1390,1423,1422,1389,1391,1424,1423,1390,1392,1425,1424,1391,1393,1426,1425,1392,1394,1427,1426,1393,1395,1428,1427,1394,1396,1429,1428,1395,1397,1430,1429,1396,1398,1431,1430,1397,1399,1432,1431,1398,1400,1433,1432,1399,1401,1434,1433,1400,1402,1435,1434,1401,1403,1436,1435,1402,1404,1437,1436,1403,1405,1438,1437,1404,1406,1439,1438,1405,1407,1440,1439,1406,1408,1441,1440,1407,1409,1442,1441,1408,1410,1443,1442,1409,1411,1444,1443,1410,1412,1445,1444,1411,1413,1446,1445,1412,1414,1447,1446,1413,1415,1448,1447,1414,1416,1449,1448,1415,1417,1450,1449,1416,1418,1451,1450,1417,1419,1452,1453,1420,1421,1454,1452,1419,1422,1455,1454,1421,1423,1456,1455,1422,1424,1457,1456,1423,1425,1458,1457,1424,1426,1459,1458,1425,1427,1460,1459,1426,1428,1461,1460,1427,1429,1462,1461,1428,1430,1463,1462,1429,1431,1464,1463,1430,1432,1465,1464,1431,1433,1466,1465,1432,1434,1467,1466,1433,1435,1468,1467,1434,1436,1469,1468,1435,1437,1470,1469,1436,1438,1471,1470,1437,1439,1472,1471,1438,1440,1473,1472,1439,1441,1474,1473,1440,1442,1475,1474,1441,1443,1476,1475,1442,1444,1477,1476,1443,1445,1478,1477,1444,1446,1479,1478,1445,1447,1480,1479,1446,1448,1481,1480,1447,1449,1482,1481,1448,1450,1483,1482,1449,1451,1484,1483,1450,1452,1485,1486,1453,1454,1487,1485,1452,1455,1488,1487,1454,1456,1489,1488,1455,1457,1490,1489,1456,1458,1491,1490,1457,1459,1492,1491,1458,1460,1493,1492,1459,1461,1494,1493,1460,1462,1495,1494,1461,1463,1496,1495,1462,1464,1497,1496,1463,1465,1498,1497,1464,1466,1499,1498,1465,1467,1500,1499,1466,1468,1501,1500,1467,1469,1502,1501,1468,1470,1503,1502,1469,1471,1504,1503,1470,1472,1505,1504,1471,1473,1506,1505,1472,1474,1507,1506,1473,1475,1508,1507,1474,1476,1509,1508,1475,1477,1510,1509,1476,1478,1511,1510,1477,1479,1512,1511,1478,1480,1513,1512,1479,1481,1514,1513,1480,1482,1515,1514,
1481,1483,1516,1515,1482,1484,1517,1516,1483,1485,1518,1519,1486,1487,1520,1518,1485,1488,1521,1520,1487,1489,1522,1521,1488,1490,1523,1522,1489,1491,1524,1523,1490,1492,1525,1524,1491,1493,1526,1525,1492,1494,1527,1526,1493,1495,1528,1527,1494,1496,1529,1528,1495,1497,1530,1529,1496,1498,1531,1530,1497,1499,1532,1531,1498,1500,1533,1532,1499,1501,1534,1533,1500,1502,1535,1534,1501,1503,1536,1535,1502,1504,1537,1536,1503,1505,1538,1537,1504,1506,1539,1538,1505,1507,1540,1539,1506,1508,1541,1540,1507,1509,1542,1541,1508,1510,1543,1542,1509,1511,1544,1543,1510,1512,1545,1544,1511,1513,1546,1545,1512,1514,1547,1546,1513,1515,1548,1547,1514,1516,1549,1548,1515,1517,1550,1549,1516,1518,1551,1552,1519,1520,1553,1551,1518,1521,1554,1553,1520,1522,1555,1554,1521,1523,1556,1555,1522,1524,1557,1556,1523,1525,1558,1557,1524,1526,1559,1558,1525,1527,1560,1559,1526,1528,1561,1560,1527,1529,1562,1561,1528,1530,1563,1562,1529,1531,1564,1563,1530,1532,1565,1564,1531,1533,1566,1565,1532,1534,1567,1566,1533,1535,1568,1567,1534,1536,1569,1568,1535,1537,1570,1569,1536,1538,1571,1570,1537,1539,1572,1571,1538,1540,1573,1572,1539,1541,1574,1573,1540,1542,1575,1574,1541,1543,1576,1575,1542,1544,1577,1576,1543,1545,1578,1577,1544,1546,1579,1578,1545,1547,1580,1579,1546,1548,1581,1580,1547,1549,1582,1581,1548,1550,1583,1582,1549,1551,1584,1585,1552,1553,1586,1584,1551,1554,1587,1586,1553,1555,1588,1587,1554,1556,1589,1588,1555,1557,1590,1589,1556,1558,1591,1590,1557,1559,1592,1591,1558,1560,1593,1592,1559,1561,1594,1593,1560,1562,1595,1594,1561,1563,1596,1595,1562,1564,1597,1596,1563,1565,1598,1597,1564,1566,1599,1598,1565,1567,1600,1599,1566,1568,1601,1600,1567,1569,1602,1601,1568,1570,1603,1602,1569,1571,1604,1603,1570,1572,1605,1604,1571,1573,1606,1605,1572,1574,1607,1606,1573,1575,1608,1607,1574,1576,1609,1608,1575,1577,1610,1609,1576,1578,1611,1610,1577,1579,1612,1611,1578,1580,1613,1612,1579,1581,1614,1613,1580,1582,1615,1614,1581,1583,1616,1615,1582,1584,1617,1618,1585,1586,1619,1617,1584,1587,1620,1619,1586,1588,1621,1620,1587,1589,
1622,1621,1588,1590,1623,1622,1589,1591,1624,1623,1590,1592,1625,1624,1591,1593,1626,1625,1592,1594,1627,1626,1593,1595,1628,1627,1594,1596,1629,1628,1595,1597,1630,1629,1596,1598,1631,1630,1597,1599,1632,1631,1598,1600,1633,1632,1599,1601,1634,1633,1600,1602,1635,1634,1601,1603,1636,1635,1602,1604,1637,1636,1603,1605,1638,1637,1604,1606,1639,1638,1605,1607,1640,1639,1606,1608,1641,1640,1607,1609,1642,1641,1608,1610,1643,1642,1609,1611,1644,1643,1610,1612,1645,1644,1611,1613,1646,1645,1612,1614,1647,1646,1613,1615,1648,1647,1614,1616,1649,1648,1615,1617,1650,1651,1618,1619,1652,1650,1617,1620,1653,1652,1619,1621,1654,1653,1620,1622,1655,1654,1621,1623,1656,1655,1622,1624,1657,1656,1623,1625,1658,1657,1624,1626,1659,1658,1625,1627,1660,1659,1626,1628,1661,1660,1627,1629,1662,1661,1628,1630,1663,1662,1629,1631,1664,1663,1630,1632,1665,1664,1631,1633,1666,1665,1632,1634,1667,1666,1633,1635,1668,1667,1634,1636,1669,1668,1635,1637,1670,1669,1636,1638,1671,1670,1637,1639,1672,1671,1638,1640,1673,1672,1639,1641,1674,1673,1640,1642,1675,1674,1641,1643,1676,1675,1642,1644,1677,1676,1643,1645,1678,1677,1644,1646,1679,1678,1645,1647,1680,1679,1646,1648,1681,1680,1647,1649,1682,1681,1648
			} 
		}
		Layer: 0 {
			Version: 100
			LayerElement:  {
				Type: "LayerElementNormal"
				TypedIndex: 0
			}
			LayerElement:  {
				Type: "LayerElementUV"
				TypedIndex: 0
			}
		}
	}
	Model: 528412192784, "Model::SM_LD_Cyclorama", "Mesh" {
		Version: 232
		Properties70:  {
			P: "RotationActive", "bool", "", "",1
			P: "InheritType", "enum", "", "",1
			P: "ScalingMax", "Vector3D", "Vector", "",100,100,100
			P: "DefaultAttributeIndex", "int", "Integer", "",0
			P: "Lcl Scaling", "Lcl Scaling", "", "A",100,100,100
			P: "Visibility Inheritance", "Visibility Inheritance", "", "",0
		}
		Shading: Y
		Culling: "CullingOff"
	}
}

; Object connections
;------------------------------------------------------------------

Connections:  {
	
	;Model::SM_LD_Cyclorama, Model::RootNode
	C: "OO",528412192784,0
	
	;Geometry::SM_LD_Cyclorama, Model::SM_LD_Cyclorama
	C: "OO",487395309584,528412192784
}
;Takes section
;----------------------------------------------------

Takes:  {
	Current: ""
}
